{"type": "FeatureCollection", "features": [{"type": "Feature", "geometry": {"type": "Point", "coordinates": [118.43147, 24.458809]}, "properties": {"id": 1, "type": "fixed_speed", "city": "金門縣", "district": "金湖鎮", "address": "金湖鎮黃海路(陽明湖路段)", "direction": "南北雙向", "speed_limit": 60}}, {"type": "Feature", "geometry": {"type": "Point", "coordinates": [118.29999, 24.411718]}, "properties": {"id": 2, "type": "fixed_speed", "city": "金門縣", "district": "金城鎮", "address": "金城鎮西海路一段(水頭路段)", "direction": "東西雙向", "speed_limit": 50}}, {"type": "Feature", "geometry": {"type": "Point", "coordinates": [118.30402, 24.414368]}, "properties": {"id": 3, "type": "fixed_speed", "city": "金門縣", "district": "金城鎮", "address": "金城鎮西海路二段(金豐路口)", "direction": "東西雙向", "speed_limit": 50}}, {"type": "Feature", "geometry": {"type": "Point", "coordinates": [118.31088, 24.419437]}, "properties": {"id": 4, "type": "fixed_speed", "city": "金門縣", "district": "金城鎮", "address": "金城鎮西海路三段(金城消防隊段)", "direction": "東西雙向", "speed_limit": 50}}, {"type": "Feature", "geometry": {"type": "Point", "coordinates": [118.31264, 24.422647]}, "properties": {"id": 5, "type": "fixed_speed", "city": "金門縣", "district": "金城鎮", "address": "金城鎮西海路三段(空中大學路段)", "direction": "東西雙向", "speed_limit": 50}}, {"type": "Feature", "geometry": {"type": "Point", "coordinates": [118.31844, 24.417084]}, "properties": {"id": 6, "type": "fixed_speed", "city": "金門縣", "district": "金城鎮", "address": "金城鎮環島西路一段(賢庵國小路段)", "direction": "南北雙向", "speed_limit": 50}}, {"type": "Feature", "geometry": {"type": "Point", "coordinates": [118.32049, 24.441479]}, "properties": {"id": 7, "type": "fixed_speed", "city": "金門縣", "district": "金城鎮", "address": "金城鎮環島西路二段(長伶旅行社旁)", "direction": "南北雙向", "speed_limit": 60}}, {"type": "Feature", "geometry": {"type": "Point", "coordinates": [118.32067, 24.439543]}, "properties": {"id": 8, "type": "fixed_speed", "city": "金門縣", "district": "金城鎮", "address": "金城鎮民權路(永豐銀行段)", "direction": "南北雙向", "speed_limit": 50}}, {"type": "Feature", "geometry": {"type": "Point", "coordinates": [118.32414, 24.413134]}, "properties": {"id": 9, "type": "fixed_speed", "city": "金門縣", "district": "金城鎮", "address": "金城鎮環島南路一段(小西門路段)", "direction": "東西雙向", "speed_limit": 60}}, {"type": "Feature", "geometry": {"type": "Point", "coordinates": [118.327385, 24.435467]}, "properties": {"id": 10, "type": "fixed_speed", "city": "金門縣", "district": "福建省金門縣金城鎮", "address": "金城鎮伯玉路一段217-1號", "direction": "東西雙向", "speed_limit": 50}}, {"type": "Feature", "geometry": {"type": "Point", "coordinates": [118.36486, 24.458384]}, "properties": {"id": 11, "type": "fixed_speed", "city": "金門縣", "district": "金城鎮", "address": "金寧鄉瓊安路(后沙村路段)", "direction": "南北雙向", "speed_limit": 40}}, {"type": "Feature", "geometry": {"type": "Point", "coordinates": [118.40696, 24.486645]}, "properties": {"id": 12, "type": "fixed_speed", "city": "金門縣", "district": "金沙鎮", "address": "金沙鎮環島北路四段(洋山路段)", "direction": "東西雙向", "speed_limit": 60}}, {"type": "Feature", "geometry": {"type": "Point", "coordinates": [118.419556, 24.47699]}, "properties": {"id": 13, "type": "fixed_speed", "city": "金門縣", "district": "金沙鎮", "address": "金沙鎮高陽路(蔡厝路段)", "direction": "東西雙向", "speed_limit": 60}}, {"type": "Feature", "geometry": {"type": "Point", "coordinates": [118.36559, 24.446032]}, "properties": {"id": 14, "type": "fixed_speed", "city": "金門縣", "district": "金湖鎮", "address": "金湖鎮伯玉路三段(中山路口)", "direction": "東西雙向", "speed_limit": 70}}, {"type": "Feature", "geometry": {"type": "Point", "coordinates": [118.370316, 24.44133]}, "properties": {"id": 15, "type": "fixed_speed", "city": "金門縣", "district": "金湖鎮", "address": "金湖鎮環島南路三段(環保公園路段)", "direction": "東西雙向", "speed_limit": 60}}, {"type": "Feature", "geometry": {"type": "Point", "coordinates": [118.38353, 24.449205]}, "properties": {"id": 16, "type": "fixed_speed", "city": "金門縣", "district": "福建省金門縣金湖鎮", "address": "金湖鎮瓊徑路(小徑路段)", "direction": "南北雙向", "speed_limit": 50}}, {"type": "Feature", "geometry": {"type": "Point", "coordinates": [118.39173, 24.440441]}, "properties": {"id": 17, "type": "fixed_speed", "city": "金門縣", "district": "金湖鎮", "address": "金湖鎮瓊徑路(陳坑段)", "direction": "東西雙向", "speed_limit": 50}}, {"type": "Feature", "geometry": {"type": "Point", "coordinates": [118.39213, 24.440292]}, "properties": {"id": 18, "type": "fixed_speed", "city": "金門縣", "district": "金湖鎮", "address": "金湖鎮環島南路四段(夏興路段)", "direction": "東西雙向", "speed_limit": 50}}, {"type": "Feature", "geometry": {"type": "Point", "coordinates": [118.4034, 24.437878]}, "properties": {"id": 19, "type": "fixed_speed", "city": "金門縣", "district": "金湖鎮", "address": "金湖鎮環島南路四段(后園路段)", "direction": "東西雙向", "speed_limit": 50}}, {"type": "Feature", "geometry": {"type": "Point", "coordinates": [118.40811, 24.44457]}, "properties": {"id": 20, "type": "fixed_speed", "city": "金門縣", "district": "金湖鎮", "address": "金湖鎮太湖路一段(塔后70號對面)", "direction": "東西雙向", "speed_limit": 50}}, {"type": "Feature", "geometry": {"type": "Point", "coordinates": [118.41738, 24.446644]}, "properties": {"id": 21, "type": "fixed_speed", "city": "金門縣", "district": "金湖鎮", "address": "金湖鎮黃海路(監理站路段)", "direction": "南北雙向", "speed_limit": 50}}, {"type": "Feature", "geometry": {"type": "Point", "coordinates": [118.43421, 24.419786]}, "properties": {"id": 22, "type": "fixed_speed", "city": "金門縣", "district": "金湖鎮", "address": "金湖鎮金港路(料羅路段)", "direction": "南北雙向", "speed_limit": 50}}, {"type": "Feature", "geometry": {"type": "Point", "coordinates": [118.303474, 24.452068]}, "properties": {"id": 23, "type": "fixed_speed", "city": "金門縣", "district": "金寧鄉", "address": "金門大橋5K至0.5K(西向)", "direction": "大金往烈嶼(區間測速)", "speed_limit": 60}}, {"type": "Feature", "geometry": {"type": "Point", "coordinates": [118.309654, 24.449041]}, "properties": {"id": 24, "type": "fixed_speed", "city": "金門縣", "district": "金寧鄉", "address": "金寧鄉慈湖路(湖下路段)", "direction": "南北雙向", "speed_limit": 50}}, {"type": "Feature", "geometry": {"type": "Point", "coordinates": [118.33072, 24.448359]}, "properties": {"id": 25, "type": "fixed_speed", "city": "金門縣", "district": "金寧鄉", "address": "金寧鄉環島北路一段(鎮西路段)", "direction": "東西雙向", "speed_limit": 50}}, {"type": "Feature", "geometry": {"type": "Point", "coordinates": [118.3318, 24.416346]}, "properties": {"id": 26, "type": "fixed_speed", "city": "金門縣", "district": "金寧鄉", "address": "金寧鄉環島南路一段(后湖路段)", "direction": "東西雙向", "speed_limit": 60}}, {"type": "Feature", "geometry": {"type": "Point", "coordinates": [118.33645, 24.440142]}, "properties": {"id": 27, "type": "fixed_speed", "city": "金門縣", "district": "金寧鄉", "address": "金寧鄉伯玉路二段(近家樂福段)", "direction": "東西雙向", "speed_limit": 60}}, {"type": "Feature", "geometry": {"type": "Point", "coordinates": [118.337685, 24.430235]}, "properties": {"id": 28, "type": "fixed_speed", "city": "金門縣", "district": "金寧鄉", "address": "金寧鄉桃園路(金寧加油站附近)", "direction": "東西雙向", "speed_limit": 60}}, {"type": "Feature", "geometry": {"type": "Point", "coordinates": [118.33837, 24.44981]}, "properties": {"id": 29, "type": "fixed_speed", "city": "金門縣", "district": "金寧鄉", "address": "金寧鄉環島北路二段(頂堡路口)", "direction": "東西雙向", "speed_limit": 60}}, {"type": "Feature", "geometry": {"type": "Point", "coordinates": [118.340614, 24.441227]}, "properties": {"id": 30, "type": "fixed_speed", "city": "金門縣", "district": "金寧鄉", "address": "金寧鄉伯玉路二段(盤果路口)", "direction": "東西雙向", "speed_limit": 70}}, {"type": "Feature", "geometry": {"type": "Point", "coordinates": [118.34236, 24.4258]}, "properties": {"id": 31, "type": "fixed_speed", "city": "金門縣", "district": "金寧鄉", "address": "金寧鄉環島南路一段(中心教練場路段)", "direction": "東西雙向", "speed_limit": 60}}, {"type": "Feature", "geometry": {"type": "Point", "coordinates": [118.34556, 24.432312]}, "properties": {"id": 32, "type": "fixed_speed", "city": "金門縣", "district": "金寧鄉", "address": "金寧鄉桃園路(盤果路口)", "direction": "東西雙向", "speed_limit": 60}}, {"type": "Feature", "geometry": {"type": "Point", "coordinates": [118.35565, 24.436016]}, "properties": {"id": 33, "type": "fixed_speed", "city": "金門縣", "district": "金寧鄉", "address": "金寧鄉桃園路(雙乳山路段)", "direction": "東西雙向", "speed_limit": 60}}, {"type": "Feature", "geometry": {"type": "Point", "coordinates": [118.35793, 24.453362]}, "properties": {"id": 34, "type": "fixed_speed", "city": "金門縣", "district": "金寧鄉", "address": "金寧鄉環島北路二段(后盤山路段)", "direction": "東西雙向", "speed_limit": 60}}, {"type": "Feature", "geometry": {"type": "Point", "coordinates": [118.35987, 24.44569]}, "properties": {"id": 35, "type": "fixed_speed", "city": "金門縣", "district": "金寧鄉", "address": "金寧鄉伯玉路三段(中山林段)", "direction": "東西雙向", "speed_limit": 70}}, {"type": "Feature", "geometry": {"type": "Point", "coordinates": [118.23465, 24.420683]}, "properties": {"id": 36, "type": "fixed_speed", "city": "金門縣", "district": "烈嶼鄉", "address": "烈嶼鄉八青路(楊厝段路燈編50385)", "direction": "東西雙向", "speed_limit": 60}}, {"type": "Feature", "geometry": {"type": "Point", "coordinates": [118.26236, 24.44675]}, "properties": {"id": 37, "type": "fixed_speed", "city": "金門縣", "district": "烈嶼鄉", "address": "金門大橋0.4K至5.1K(東向)", "direction": "烈嶼往大金(區間測速)", "speed_limit": 60}}, {"type": "Feature", "geometry": {"type": "Point", "coordinates": [121.75933, 24.778543]}, "properties": {"id": 38, "type": "fixed_speed", "city": "宜蘭縣", "district": "宜蘭市", "address": "台9線78k中山路五段南下", "direction": "南北雙向", "speed_limit": 60}}, {"type": "Feature", "geometry": {"type": "Point", "coordinates": [121.76105, 24.738028]}, "properties": {"id": 39, "type": "fixed_speed", "city": "宜蘭縣", "district": "宜蘭市", "address": "中山路1段560號前北上", "direction": "南北雙向", "speed_limit": 60}}, {"type": "Feature", "geometry": {"type": "Point", "coordinates": [121.76466, 24.71843]}, "properties": {"id": 40, "type": "fixed_speed", "city": "宜蘭縣", "district": "宜蘭市", "address": "宜16線5.5K南津路東向", "direction": "東西雙向", "speed_limit": 50}}, {"type": "Feature", "geometry": {"type": "Point", "coordinates": [121.770744, 24.767035]}, "properties": {"id": 41, "type": "fixed_speed", "city": "宜蘭縣", "district": "宜蘭市", "address": "台9線79k+550m環市東路與192甲線路口北上", "direction": "南北雙向", "speed_limit": 70}}, {"type": "Feature", "geometry": {"type": "Point", "coordinates": [121.771355, 24.756819]}, "properties": {"id": 42, "type": "fixed_speed", "city": "宜蘭縣", "district": "宜蘭市", "address": "台9線80k+700m環市東路黎霧橋南端南下", "direction": "南北雙向", "speed_limit": 70}}, {"type": "Feature", "geometry": {"type": "Point", "coordinates": [121.77163, 24.74875]}, "properties": {"id": 43, "type": "fixed_speed", "city": "宜蘭縣", "district": "宜蘭市", "address": "台9線81k+595m環市東路北上", "direction": "南北雙向", "speed_limit": 70}}, {"type": "Feature", "geometry": {"type": "Point", "coordinates": [121.77766, 24.749315]}, "properties": {"id": 44, "type": "fixed_speed", "city": "宜蘭縣", "district": "宜蘭市", "address": "台7線123k+900m東港段西向", "direction": "東西雙向", "speed_limit": 60}}, {"type": "Feature", "geometry": {"type": "Point", "coordinates": [121.76142, 24.68059]}, "properties": {"id": 45, "type": "fixed_speed", "city": "宜蘭縣", "district": "羅東鎮", "address": "公正路324號東西雙向", "direction": "東西雙向", "speed_limit": 40}}, {"type": "Feature", "geometry": {"type": "Point", "coordinates": [121.78949, 24.672573]}, "properties": {"id": 46, "type": "fixed_speed", "city": "宜蘭縣", "district": "羅東鎮", "address": "台7丙線28k+98ｍ中山路東向", "direction": "東西雙向", "speed_limit": 60}}, {"type": "Feature", "geometry": {"type": "Point", "coordinates": [121.821266, 24.615463]}, "properties": {"id": 47, "type": "fixed_speed", "city": "宜蘭縣", "district": "蘇澳鎮", "address": "台9線100k+224m新城段北上", "direction": "南北雙向", "speed_limit": 60}}, {"type": "Feature", "geometry": {"type": "Point", "coordinates": [121.83023, 24.490236]}, "properties": {"id": 48, "type": "fixed_speed", "city": "宜蘭縣", "district": "蘇澳鎮", "address": "台9線117k+772m新澳隧道北上", "direction": "北上方向", "speed_limit": 40}}, {"type": "Feature", "geometry": {"type": "Point", "coordinates": [121.83417, 24.60313]}, "properties": {"id": 49, "type": "fixed_speed", "city": "宜蘭縣", "district": "蘇澳鎮", "address": "台9線102k+200m聖湖段南下", "direction": "南北雙向", "speed_limit": 60}}, {"type": "Feature", "geometry": {"type": "Point", "coordinates": [121.84039, 24.551931]}, "properties": {"id": 50, "type": "fixed_speed", "city": "宜蘭縣", "district": "蘇澳鎮", "address": "台9線109k+240m東澳隧道南下", "direction": "南下方向", "speed_limit": 70}}, {"type": "Feature", "geometry": {"type": "Point", "coordinates": [121.84053, 24.59536]}, "properties": {"id": 51, "type": "fixed_speed", "city": "宜蘭縣", "district": "蘇澳鎮", "address": "台9線103k+562m南下", "direction": "南北雙向", "speed_limit": 50}}, {"type": "Feature", "geometry": {"type": "Point", "coordinates": [121.85278, 24.611954]}, "properties": {"id": 52, "type": "fixed_speed", "city": "宜蘭縣", "district": "蘇澳鎮", "address": "台2線164k+390m港邊段南下", "direction": "南北雙向", "speed_limit": 70}}, {"type": "Feature", "geometry": {"type": "Point", "coordinates": [121.856255, 24.598513]}, "properties": {"id": 53, "type": "fixed_speed", "city": "宜蘭縣", "district": "蘇澳鎮", "address": "台2線166k+259m蘇澳港段南下", "direction": "南北雙向", "speed_limit": 60}}, {"type": "Feature", "geometry": {"type": "Point", "coordinates": [121.8595, 24.590792]}, "properties": {"id": 54, "type": "fixed_speed", "city": "宜蘭縣", "district": "蘇澳鎮", "address": "台2戊線12k+215m移山路北上", "direction": "南北雙向", "speed_limit": 60}}, {"type": "Feature", "geometry": {"type": "Point", "coordinates": [121.79265, 24.84562]}, "properties": {"id": 55, "type": "fixed_speed", "city": "宜蘭縣", "district": "頭城鎮", "address": "台9線69ｋ+20ｍ北宜路一段南下", "direction": "南北雙向", "speed_limit": 60}}, {"type": "Feature", "geometry": {"type": "Point", "coordinates": [121.79389, 24.849024]}, "properties": {"id": 56, "type": "fixed_speed", "city": "宜蘭縣", "district": "頭城鎮", "address": "台9線68.6K北宜路一段南下", "direction": "南北雙向", "speed_limit": 40}}, {"type": "Feature", "geometry": {"type": "Point", "coordinates": [121.79389, 24.849024]}, "properties": {"id": 57, "type": "fixed_speed", "city": "宜蘭縣", "district": "頭城鎮", "address": "台9線68k+600m至56k+600m", "direction": "南北雙向(區間測速)", "speed_limit": 40}}, {"type": "Feature", "geometry": {"type": "Point", "coordinates": [121.79603, 24.84921]}, "properties": {"id": 58, "type": "fixed_speed", "city": "宜蘭縣", "district": "頭城鎮", "address": "宜3線3k+850m宜三路南下", "direction": "南北雙向", "speed_limit": 50}}, {"type": "Feature", "geometry": {"type": "Point", "coordinates": [121.80138, 24.828068]}, "properties": {"id": 59, "type": "fixed_speed", "city": "宜蘭縣", "district": "頭城鎮", "address": "191甲線2ｋ+50ｍ中崙段南下", "direction": "南北雙向", "speed_limit": 60}}, {"type": "Feature", "geometry": {"type": "Point", "coordinates": [121.82069, 24.824112]}, "properties": {"id": 60, "type": "fixed_speed", "city": "宜蘭縣", "district": "頭城鎮", "address": "台2線139k+738ｍ竹安段南下", "direction": "南北雙向", "speed_limit": 60}}, {"type": "Feature", "geometry": {"type": "Point", "coordinates": [121.83554, 24.871765]}, "properties": {"id": 61, "type": "fixed_speed", "city": "宜蘭縣", "district": "頭城鎮", "address": "台2線133k+769ｍ港口段南下", "direction": "南北雙向", "speed_limit": 60}}, {"type": "Feature", "geometry": {"type": "Point", "coordinates": [121.85049, 24.891298]}, "properties": {"id": 62, "type": "fixed_speed", "city": "宜蘭縣", "district": "頭城鎮", "address": "台2線131k+121m外澳段南下", "direction": "南北雙向", "speed_limit": 50}}, {"type": "Feature", "geometry": {"type": "Point", "coordinates": [121.86346, 24.900974]}, "properties": {"id": 63, "type": "fixed_speed", "city": "宜蘭縣", "district": "頭城鎮", "address": "台2線129k+309m梗枋國小南下", "direction": "南北雙向", "speed_limit": 50}}, {"type": "Feature", "geometry": {"type": "Point", "coordinates": [121.87091, 24.906073]}, "properties": {"id": 64, "type": "fixed_speed", "city": "宜蘭縣", "district": "頭城鎮", "address": "台2線128k+65m梗枋地磅站北上", "direction": "南北雙向", "speed_limit": 60}}, {"type": "Feature", "geometry": {"type": "Point", "coordinates": [121.89127, 24.939224]}, "properties": {"id": 65, "type": "fixed_speed", "city": "宜蘭縣", "district": "頭城鎮", "address": "台2線123ｋ+642ｍ大溪段北上", "direction": "南北雙向", "speed_limit": 50}}, {"type": "Feature", "geometry": {"type": "Point", "coordinates": [121.92609, 24.970085]}, "properties": {"id": 66, "type": "fixed_speed", "city": "宜蘭縣", "district": "頭城鎮", "address": "台2線118k+49m大里段南下", "direction": "南北雙向", "speed_limit": 50}}, {"type": "Feature", "geometry": {"type": "Point", "coordinates": [121.78079, 24.79072]}, "properties": {"id": 67, "type": "fixed_speed", "city": "宜蘭縣", "district": "礁溪鄉", "address": "191線4K瑪僯段北上", "direction": "南北雙向", "speed_limit": 60}}, {"type": "Feature", "geometry": {"type": "Point", "coordinates": [121.78401, 24.8297]}, "properties": {"id": 68, "type": "fixed_speed", "city": "宜蘭縣", "district": "礁溪鄉", "address": "份尾三路北上(份尾橋南側100公尺處)", "direction": "南北雙向", "speed_limit": 50}}, {"type": "Feature", "geometry": {"type": "Point", "coordinates": [121.784225, 24.789581]}, "properties": {"id": 69, "type": "fixed_speed", "city": "宜蘭縣", "district": "礁溪鄉", "address": "191甲線6ｋ+600ｍ玉田段北上", "direction": "南北雙向", "speed_limit": 60}}, {"type": "Feature", "geometry": {"type": "Point", "coordinates": [121.810684, 24.818115]}, "properties": {"id": 70, "type": "fixed_speed", "city": "宜蘭縣", "district": "礁溪鄉", "address": "宜4線4k+280m大塭段東向", "direction": "東西雙向", "speed_limit": 50}}, {"type": "Feature", "geometry": {"type": "Point", "coordinates": [121.783035, 24.720304]}, "properties": {"id": 71, "type": "fixed_speed", "city": "宜蘭縣", "district": "壯圍鄉", "address": "宜16線7k+500ｍ新南段西向", "direction": "東西雙向", "speed_limit": 50}}, {"type": "Feature", "geometry": {"type": "Point", "coordinates": [121.79351, 24.761602]}, "properties": {"id": 72, "type": "fixed_speed", "city": "宜蘭縣", "district": "壯圍鄉", "address": "宜9線3k+100m中央路三段南下", "direction": "南北雙向", "speed_limit": 60}}, {"type": "Feature", "geometry": {"type": "Point", "coordinates": [121.80265, 24.719269]}, "properties": {"id": 73, "type": "fixed_speed", "city": "宜蘭縣", "district": "壯圍鄉", "address": "宜16線9ｋ+500ｍ美福段東向", "direction": "東西雙向", "speed_limit": 50}}, {"type": "Feature", "geometry": {"type": "Point", "coordinates": [121.808556, 24.727465]}, "properties": {"id": 74, "type": "fixed_speed", "city": "宜蘭縣", "district": "壯圍鄉", "address": "宜20線1ｋ+150m新南段西向", "direction": "東西雙向", "speed_limit": 60}}, {"type": "Feature", "geometry": {"type": "Point", "coordinates": [121.81548, 24.758747]}, "properties": {"id": 75, "type": "fixed_speed", "city": "宜蘭縣", "district": "壯圍鄉", "address": "台2線147ｋ+40ｍ過嶺國小南下", "direction": "南北雙向", "speed_limit": 60}}, {"type": "Feature", "geometry": {"type": "Point", "coordinates": [121.816315, 24.746742]}, "properties": {"id": 76, "type": "fixed_speed", "city": "宜蘭縣", "district": "壯圍鄉", "address": "台2線148k+400m後埤段北上", "direction": "南北雙向", "speed_limit": 60}}, {"type": "Feature", "geometry": {"type": "Point", "coordinates": [121.81658, 24.79972]}, "properties": {"id": 77, "type": "fixed_speed", "city": "宜蘭縣", "district": "壯圍鄉", "address": "台2線142k+480ｍ大福段北上", "direction": "南北雙向", "speed_limit": 60}}, {"type": "Feature", "geometry": {"type": "Point", "coordinates": [121.81915, 24.73036]}, "properties": {"id": 78, "type": "fixed_speed", "city": "宜蘭縣", "district": "壯圍鄉", "address": "台2線150ｋ+199m公館段南下", "direction": "南北雙向", "speed_limit": 60}}, {"type": "Feature", "geometry": {"type": "Point", "coordinates": [121.700935, 24.717842]}, "properties": {"id": 79, "type": "fixed_speed", "city": "宜蘭縣", "district": "員山鄉", "address": "台7線113k+357ｍ內城段東向", "direction": "東西雙向", "speed_limit": 60}}, {"type": "Feature", "geometry": {"type": "Point", "coordinates": [121.709625, 24.707457]}, "properties": {"id": 80, "type": "fixed_speed", "city": "宜蘭縣", "district": "員山鄉", "address": "宜18-2線9ｋ深溝段西向", "direction": "東西雙向", "speed_limit": 60}}, {"type": "Feature", "geometry": {"type": "Point", "coordinates": [121.71639, 24.732752]}, "properties": {"id": 81, "type": "fixed_speed", "city": "宜蘭縣", "district": "員山鄉", "address": "台7線115k+865m八甲段西向", "direction": "東西雙向", "speed_limit": 60}}, {"type": "Feature", "geometry": {"type": "Point", "coordinates": [121.717964, 24.720016]}, "properties": {"id": 82, "type": "fixed_speed", "city": "宜蘭縣", "district": "員山鄉", "address": "宜61線900ｍ深溝段南下", "direction": "南北雙向", "speed_limit": 60}}, {"type": "Feature", "geometry": {"type": "Point", "coordinates": [121.71865, 24.71743]}, "properties": {"id": 83, "type": "fixed_speed", "city": "宜蘭縣", "district": "員山鄉", "address": "宜61線1ｋ+200ｍ深溝段北上", "direction": "南北雙向", "speed_limit": 60}}, {"type": "Feature", "geometry": {"type": "Point", "coordinates": [121.738594, 24.714243]}, "properties": {"id": 84, "type": "fixed_speed", "city": "宜蘭縣", "district": "員山鄉", "address": "宜18-2線溪洲路346號東向", "direction": "東西雙向", "speed_limit": 50}}, {"type": "Feature", "geometry": {"type": "Point", "coordinates": [121.748116, 24.719]}, "properties": {"id": 85, "type": "fixed_speed", "city": "宜蘭縣", "district": "員山鄉", "address": "宜18-2線溪洲路150號西向", "direction": "東西雙向", "speed_limit": 50}}, {"type": "Feature", "geometry": {"type": "Point", "coordinates": [121.78557, 24.645603]}, "properties": {"id": 86, "type": "fixed_speed", "city": "宜蘭縣", "district": "冬山鄉", "address": "台9線94k+450ｍ冬山段南下", "direction": "南北雙向", "speed_limit": 60}}, {"type": "Feature", "geometry": {"type": "Point", "coordinates": [121.76619, 24.710798]}, "properties": {"id": 87, "type": "fixed_speed", "city": "宜蘭縣", "district": "五結鄉", "address": "宜22線1k+500ｍ二結段東向", "direction": "東西雙向", "speed_limit": 60}}, {"type": "Feature", "geometry": {"type": "Point", "coordinates": [121.78074, 24.703253]}, "properties": {"id": 88, "type": "fixed_speed", "city": "宜蘭縣", "district": "五結鄉", "address": "宜25線1K五結中路三段東向", "direction": "東西雙向", "speed_limit": 50}}, {"type": "Feature", "geometry": {"type": "Point", "coordinates": [121.791145, 24.688986]}, "properties": {"id": 89, "type": "fixed_speed", "city": "宜蘭縣", "district": "五結鄉", "address": "191線與宜24線路口南下", "direction": "南北雙向", "speed_limit": 60}}, {"type": "Feature", "geometry": {"type": "Point", "coordinates": [121.79258, 24.683813]}, "properties": {"id": 90, "type": "fixed_speed", "city": "宜蘭縣", "district": "五結鄉", "address": "191線與196線路口北上", "direction": "南北雙向", "speed_limit": 60}}, {"type": "Feature", "geometry": {"type": "Point", "coordinates": [121.80519, 24.673485]}, "properties": {"id": 91, "type": "fixed_speed", "city": "宜蘭縣", "district": "五結鄉", "address": "台7丙線29K+743M親河路西向", "direction": "東西雙向", "speed_limit": 60}}, {"type": "Feature", "geometry": {"type": "Point", "coordinates": [121.81058, 24.709387]}, "properties": {"id": 92, "type": "fixed_speed", "city": "宜蘭縣", "district": "五結鄉", "address": "宜22線6ｋ錦草段西向", "direction": "東西雙向", "speed_limit": 60}}, {"type": "Feature", "geometry": {"type": "Point", "coordinates": [121.82835, 24.664686]}, "properties": {"id": 93, "type": "fixed_speed", "city": "宜蘭縣", "district": "五結鄉", "address": "台2線157k+200m利澤段北上", "direction": "南北雙向", "speed_limit": 60}}, {"type": "Feature", "geometry": {"type": "Point", "coordinates": [121.67725, 24.677273]}, "properties": {"id": 94, "type": "fixed_speed", "city": "宜蘭縣", "district": "三星鄉", "address": "196線3ｋ+800ｍ萬富段東向", "direction": "東西雙向", "speed_limit": 60}}, {"type": "Feature", "geometry": {"type": "Point", "coordinates": [121.697624, 24.667261]}, "properties": {"id": 95, "type": "fixed_speed", "city": "宜蘭縣", "district": "三星鄉", "address": "台7丙線18ｋ+342ｍ大隱段東向", "direction": "東西雙向", "speed_limit": 60}}, {"type": "Feature", "geometry": {"type": "Point", "coordinates": [121.71217, 24.670204]}, "properties": {"id": 96, "type": "fixed_speed", "city": "宜蘭縣", "district": "三星鄉", "address": "台7丙線19ｋ+865m大隱段西向", "direction": "東西雙向", "speed_limit": 60}}, {"type": "Feature", "geometry": {"type": "Point", "coordinates": [121.71839, 24.687069]}, "properties": {"id": 97, "type": "fixed_speed", "city": "宜蘭縣", "district": "三星鄉", "address": "196線7ｋ+900ｍ大埔段西向", "direction": "東西雙向", "speed_limit": 60}}, {"type": "Feature", "geometry": {"type": "Point", "coordinates": [121.72788, 24.69807]}, "properties": {"id": 98, "type": "fixed_speed", "city": "宜蘭縣", "district": "三星鄉", "address": "宜61線3ｋ+600ｍ大洲段南下", "direction": "南北雙向", "speed_limit": 60}}, {"type": "Feature", "geometry": {"type": "Point", "coordinates": [121.72893, 24.696066]}, "properties": {"id": 99, "type": "fixed_speed", "city": "宜蘭縣", "district": "三星鄉", "address": "宜61線3ｋ+800ｍ大洲段北上", "direction": "南北雙向", "speed_limit": 60}}, {"type": "Feature", "geometry": {"type": "Point", "coordinates": [121.74223, 24.700827]}, "properties": {"id": 100, "type": "fixed_speed", "city": "宜蘭縣", "district": "三星鄉", "address": "196線11ｋ大洲段東向", "direction": "東西雙向", "speed_limit": 50}}, {"type": "Feature", "geometry": {"type": "Point", "coordinates": [121.7668, 24.347893]}, "properties": {"id": 101, "type": "fixed_speed", "city": "宜蘭縣", "district": "南澳鄉", "address": "台9線139k+667m谷風隧道北上", "direction": "北上方向", "speed_limit": 70}}, {"type": "Feature", "geometry": {"type": "Point", "coordinates": [121.771545, 24.355694]}, "properties": {"id": 102, "type": "fixed_speed", "city": "宜蘭縣", "district": "南澳鄉", "address": "台9線138k+677m谷風隧道南下", "direction": "南下方向", "speed_limit": 70}}, {"type": "Feature", "geometry": {"type": "Point", "coordinates": [121.77481, 24.433311]}, "properties": {"id": 103, "type": "fixed_speed", "city": "宜蘭縣", "district": "南澳鄉", "address": "台9線129k+404m至136k+883m(觀音隧道)", "direction": "南北雙向(區間測速)", "speed_limit": 70}}, {"type": "Feature", "geometry": {"type": "Point", "coordinates": [121.77798, 24.365217]}, "properties": {"id": 104, "type": "fixed_speed", "city": "宜蘭縣", "district": "南澳鄉", "address": "台9線137K+295m至141K+458m(谷風隧道)", "direction": "南北雙向(區間測速)", "speed_limit": 70}}, {"type": "Feature", "geometry": {"type": "Point", "coordinates": [121.780174, 24.426088]}, "properties": {"id": 105, "type": "fixed_speed", "city": "宜蘭縣", "district": "南澳鄉", "address": "台9線130k+347m觀音隧道北上", "direction": "北上方向", "speed_limit": 70}}, {"type": "Feature", "geometry": {"type": "Point", "coordinates": [121.78068, 24.42525]}, "properties": {"id": 106, "type": "fixed_speed", "city": "宜蘭縣", "district": "南澳鄉", "address": "台9線130k+492m觀音隧道南下", "direction": "南下方向", "speed_limit": 70}}, {"type": "Feature", "geometry": {"type": "Point", "coordinates": [121.78324, 24.377888]}, "properties": {"id": 107, "type": "fixed_speed", "city": "宜蘭縣", "district": "南澳鄉", "address": "台9線135K+910m觀音隧道南下", "direction": "南下方向", "speed_limit": 70}}, {"type": "Feature", "geometry": {"type": "Point", "coordinates": [121.7837, 24.378277]}, "properties": {"id": 108, "type": "fixed_speed", "city": "宜蘭縣", "district": "南澳鄉", "address": "台9線135K+841m觀音隧道北上", "direction": "北上方向", "speed_limit": 70}}, {"type": "Feature", "geometry": {"type": "Point", "coordinates": [121.78592, 24.401218]}, "properties": {"id": 109, "type": "fixed_speed", "city": "宜蘭縣", "district": "南澳鄉", "address": "台9線133k+289m觀音隧道南下", "direction": "南下方向", "speed_limit": 70}}, {"type": "Feature", "geometry": {"type": "Point", "coordinates": [121.78618, 24.401888]}, "properties": {"id": 110, "type": "fixed_speed", "city": "宜蘭縣", "district": "南澳鄉", "address": "台9線133k+174m觀音隧道北上", "direction": "北上方向", "speed_limit": 70}}, {"type": "Feature", "geometry": {"type": "Point", "coordinates": [121.80645, 24.46758]}, "properties": {"id": 111, "type": "fixed_speed", "city": "宜蘭縣", "district": "南澳鄉", "address": "台9線123ｋ+570ｍ南澳段北上", "direction": "南北雙向", "speed_limit": 50}}, {"type": "Feature", "geometry": {"type": "Point", "coordinates": [121.836655, 24.536793]}, "properties": {"id": 112, "type": "fixed_speed", "city": "宜蘭縣", "district": "南澳鄉", "address": "南澳鄉台9線110k+960m至蘇澳鎮台9線108k+224m(東澳隧道)", "direction": "南北雙向(區間測速)", "speed_limit": 70}}, {"type": "Feature", "geometry": {"type": "Point", "coordinates": [121.83988, 24.547905]}, "properties": {"id": 113, "type": "fixed_speed", "city": "宜蘭縣", "district": "南澳鄉", "address": "台9線110k+300m東澳隧道北上", "direction": "北上方向", "speed_limit": 70}}, {"type": "Feature", "geometry": {"type": "Point", "coordinates": [120.95324, 24.86839]}, "properties": {"id": 114, "type": "fixed_speed", "city": "新竹縣", "district": "竹北市", "address": "西濱路一段與西濱路二段265巷口(台61線)", "direction": "北往南", "speed_limit": 70}}, {"type": "Feature", "geometry": {"type": "Point", "coordinates": [120.98258, 24.83195]}, "properties": {"id": 115, "type": "fixed_speed", "city": "新竹縣", "district": "竹北市", "address": "溪洲路與新溪街口", "direction": "南往北", "speed_limit": 50}}, {"type": "Feature", "geometry": {"type": "Point", "coordinates": [120.99416, 24.85875]}, "properties": {"id": 116, "type": "fixed_speed", "city": "新竹縣", "district": "竹北市", "address": "中華路與中華路1483巷口", "direction": "南北雙向", "speed_limit": 60}}, {"type": "Feature", "geometry": {"type": "Point", "coordinates": [120.9974, 24.82592]}, "properties": {"id": 117, "type": "fixed_speed", "city": "新竹縣", "district": "竹北市", "address": "中華路與興隆路口", "direction": "南北雙向", "speed_limit": 50}}, {"type": "Feature", "geometry": {"type": "Point", "coordinates": [121.00192, 24.85527]}, "properties": {"id": 118, "type": "fixed_speed", "city": "新竹縣", "district": "竹北市", "address": "中華路與鳳岡路口南下", "direction": "北往南", "speed_limit": 60}}, {"type": "Feature", "geometry": {"type": "Point", "coordinates": [121.00229, 24.83119]}, "properties": {"id": 119, "type": "fixed_speed", "city": "新竹縣", "district": "竹北市", "address": "中華路212號前(台1線70.1公里)", "direction": "南北雙向", "speed_limit": 50}}, {"type": "Feature", "geometry": {"type": "Point", "coordinates": [121.00296, 24.85749]}, "properties": {"id": 120, "type": "fixed_speed", "city": "新竹縣", "district": "竹北市", "address": "中華路與鳳岡路口北上", "direction": "南往北", "speed_limit": 50}}, {"type": "Feature", "geometry": {"type": "Point", "coordinates": [121.01766, 24.81264]}, "properties": {"id": 121, "type": "fixed_speed", "city": "新竹縣", "district": "竹北市", "address": "竹北市興隆路與莊敬南路口(新竹地方法院前)", "direction": "東西雙向", "speed_limit": 50}}, {"type": "Feature", "geometry": {"type": "Point", "coordinates": [121.02348, 24.81359]}, "properties": {"id": 122, "type": "fixed_speed", "city": "新竹縣", "district": "竹北市", "address": "自強南路與文興路口", "direction": "南北雙向", "speed_limit": 50}}, {"type": "Feature", "geometry": {"type": "Point", "coordinates": [121.0333, 24.82608]}, "properties": {"id": 123, "type": "fixed_speed", "city": "新竹縣", "district": "竹北市", "address": "竹北市自強北路與十興路口", "direction": "南北雙向", "speed_limit": 50}}, {"type": "Feature", "geometry": {"type": "Point", "coordinates": [121.03502, 24.81272]}, "properties": {"id": 124, "type": "fixed_speed", "city": "新竹縣", "district": "竹北市", "address": "竹北市光明六路東二段與嘉豐南路一段口", "direction": "西往東", "speed_limit": 50}}, {"type": "Feature", "geometry": {"type": "Point", "coordinates": [121.05292, 24.7996]}, "properties": {"id": 125, "type": "fixed_speed", "city": "新竹縣", "district": "竹北市", "address": "東興路二段198號前", "direction": "東西雙向", "speed_limit": 60}}, {"type": "Feature", "geometry": {"type": "Point", "coordinates": [121.05449, 24.7978]}, "properties": {"id": 126, "type": "fixed_speed", "city": "新竹縣", "district": "竹北市", "address": "東興路二段316號前(120線7.1公里)", "direction": "東西雙向", "speed_limit": 60}}, {"type": "Feature", "geometry": {"type": "Point", "coordinates": [121.03028, 24.78785]}, "properties": {"id": 127, "type": "fixed_speed", "city": "新竹縣", "district": "竹東鎮", "address": "公道路616號前", "direction": "東往西", "speed_limit": 50}}, {"type": "Feature", "geometry": {"type": "Point", "coordinates": [121.0357, 24.79509]}, "properties": {"id": 128, "type": "fixed_speed", "city": "新竹縣", "district": "竹東鎮", "address": "台68線12公里處", "direction": "東往西", "speed_limit": 90}}, {"type": "Feature", "geometry": {"type": "Point", "coordinates": [121.03848, 24.7936]}, "properties": {"id": 129, "type": "fixed_speed", "city": "新竹縣", "district": "竹東鎮", "address": "台68線12.3公里處", "direction": "西往東", "speed_limit": 90}}, {"type": "Feature", "geometry": {"type": "Point", "coordinates": [121.07032, 24.75611]}, "properties": {"id": 130, "type": "fixed_speed", "city": "新竹縣", "district": "竹東鎮", "address": "中興路一段與中興路一段229巷口", "direction": "東西雙向", "speed_limit": 50}}, {"type": "Feature", "geometry": {"type": "Point", "coordinates": [121.0755, 24.7525]}, "properties": {"id": 131, "type": "fixed_speed", "city": "新竹縣", "district": "竹東鎮", "address": "中興路一段94-2號", "direction": "北往南", "speed_limit": 50}}, {"type": "Feature", "geometry": {"type": "Point", "coordinates": [121.07848, 24.72385]}, "properties": {"id": 132, "type": "fixed_speed", "city": "新竹縣", "district": "竹東鎮", "address": "中豐路三段老爺山莊路口", "direction": "南往北", "speed_limit": 50}}, {"type": "Feature", "geometry": {"type": "Point", "coordinates": [121.08011, 24.74986]}, "properties": {"id": 133, "type": "fixed_speed", "city": "新竹縣", "district": "竹東鎮", "address": "台68線竹東匝道口與北興路三段", "direction": "北往南", "speed_limit": 50}}, {"type": "Feature", "geometry": {"type": "Point", "coordinates": [121.10155, 24.72303]}, "properties": {"id": 134, "type": "fixed_speed", "city": "新竹縣", "district": "竹東鎮", "address": "中豐路與台68線路口", "direction": "東西雙向", "speed_limit": 50}}, {"type": "Feature", "geometry": {"type": "Point", "coordinates": [121.0363, 24.83044]}, "properties": {"id": 135, "type": "fixed_speed", "city": "新竹縣", "district": "新埔鎮", "address": "褒忠路與文山路犁頭山段口", "direction": "南北雙向", "speed_limit": 40}}, {"type": "Feature", "geometry": {"type": "Point", "coordinates": [121.05023, 24.826906]}, "properties": {"id": 136, "type": "fixed_speed", "city": "新竹縣", "district": "新埔鎮", "address": "文山路亞東段1008號", "direction": "東西雙向", "speed_limit": 50}}, {"type": "Feature", "geometry": {"type": "Point", "coordinates": [121.05772, 24.82536]}, "properties": {"id": 137, "type": "fixed_speed", "city": "新竹縣", "district": "新埔鎮", "address": "文山路亞東段369號", "direction": "東往西", "speed_limit": 50}}, {"type": "Feature", "geometry": {"type": "Point", "coordinates": [121.08766, 24.83135]}, "properties": {"id": 138, "type": "fixed_speed", "city": "新竹縣", "district": "新埔鎮", "address": "楊新路楊新路一段322號", "direction": "東往西", "speed_limit": 50}}, {"type": "Feature", "geometry": {"type": "Point", "coordinates": [121.09389, 24.822088]}, "properties": {"id": 139, "type": "fixed_speed", "city": "新竹縣", "district": "新埔鎮", "address": "新關路五埔段與1046巷口", "direction": "西往東", "speed_limit": 60}}, {"type": "Feature", "geometry": {"type": "Point", "coordinates": [121.11576, 24.81598]}, "properties": {"id": 140, "type": "fixed_speed", "city": "新竹縣", "district": "關西鎮", "address": "石岡子路736號", "direction": "東往西", "speed_limit": 60}}, {"type": "Feature", "geometry": {"type": "Point", "coordinates": [121.14964, 24.80531]}, "properties": {"id": 141, "type": "fixed_speed", "city": "新竹縣", "district": "關西鎮", "address": "大同茅仔埔5鄰35號", "direction": "東往西", "speed_limit": 50}}, {"type": "Feature", "geometry": {"type": "Point", "coordinates": [121.17272, 24.76347]}, "properties": {"id": 142, "type": "fixed_speed", "city": "新竹縣", "district": "關西鎮", "address": "台3線62.1公里", "direction": "南往北", "speed_limit": 50}}, {"type": "Feature", "geometry": {"type": "Point", "coordinates": [121.17615, 24.77501]}, "properties": {"id": 143, "type": "fixed_speed", "city": "新竹縣", "district": "關西鎮", "address": "中豐公路與十六張路口", "direction": "南北雙向", "speed_limit": 50}}, {"type": "Feature", "geometry": {"type": "Point", "coordinates": [121.18603, 24.78851]}, "properties": {"id": 144, "type": "fixed_speed", "city": "新竹縣", "district": "關西鎮", "address": "中豐公路與中山東路口", "direction": "南北雙向", "speed_limit": 60}}, {"type": "Feature", "geometry": {"type": "Point", "coordinates": [121.19964, 24.81258]}, "properties": {"id": 145, "type": "fixed_speed", "city": "新竹縣", "district": "關西鎮", "address": "中豐公路牛欄河6鄰63號", "direction": "南北雙向", "speed_limit": 60}}, {"type": "Feature", "geometry": {"type": "Point", "coordinates": [121.0071, 24.87972]}, "properties": {"id": 146, "type": "fixed_speed", "city": "新竹縣", "district": "湖口鄉", "address": "新興路與中華路口", "direction": "南北雙向", "speed_limit": 60}}, {"type": "Feature", "geometry": {"type": "Point", "coordinates": [121.02174, 24.889975]}, "properties": {"id": 147, "type": "fixed_speed", "city": "新竹縣", "district": "湖口鄉", "address": "成功路與三元路路口", "direction": "南北雙向", "speed_limit": 60}}, {"type": "Feature", "geometry": {"type": "Point", "coordinates": [121.02363, 24.88507]}, "properties": {"id": 148, "type": "fixed_speed", "city": "新竹縣", "district": "湖口鄉", "address": "八德路一段35號前(台1線61公里)", "direction": "南北雙向", "speed_limit": 60}}, {"type": "Feature", "geometry": {"type": "Point", "coordinates": [121.03597, 24.88042]}, "properties": {"id": 149, "type": "fixed_speed", "city": "新竹縣", "district": "湖口鄉", "address": "八德路一段與中山路一段口", "direction": "南北雙向", "speed_limit": 60}}, {"type": "Feature", "geometry": {"type": "Point", "coordinates": [121.03979, 24.88783]}, "properties": {"id": 150, "type": "fixed_speed", "city": "新竹縣", "district": "湖口鄉", "address": "中山路一段與忠義路口", "direction": "南北雙向", "speed_limit": 50}}, {"type": "Feature", "geometry": {"type": "Point", "coordinates": [121.04233, 24.89645]}, "properties": {"id": 151, "type": "fixed_speed", "city": "新竹縣", "district": "湖口鄉", "address": "中山路一段與達生路口", "direction": "南北雙向", "speed_limit": 50}}, {"type": "Feature", "geometry": {"type": "Point", "coordinates": [121.08199, 24.88637]}, "properties": {"id": 152, "type": "fixed_speed", "city": "新竹縣", "district": "湖口鄉", "address": "八德路二段579號前", "direction": "南北雙向", "speed_limit": 60}}, {"type": "Feature", "geometry": {"type": "Point", "coordinates": [120.95467, 24.87992]}, "properties": {"id": 153, "type": "fixed_speed", "city": "新竹縣", "district": "新豐鄉", "address": "台15線鳳鼻隧道", "direction": "南北雙向(區間測速)", "speed_limit": 60}}, {"type": "Feature", "geometry": {"type": "Point", "coordinates": [120.96891, 24.8989]}, "properties": {"id": 154, "type": "fixed_speed", "city": "新竹縣", "district": "新豐鄉", "address": "台61線60.1公里處", "direction": "南北雙向", "speed_limit": 90}}, {"type": "Feature", "geometry": {"type": "Point", "coordinates": [120.98484, 24.91873]}, "properties": {"id": 155, "type": "fixed_speed", "city": "新竹縣", "district": "新豐鄉", "address": "台15線64.4公里處", "direction": "南北雙向", "speed_limit": 60}}, {"type": "Feature", "geometry": {"type": "Point", "coordinates": [120.99114, 24.9264]}, "properties": {"id": 156, "type": "fixed_speed", "city": "新竹縣", "district": "新豐鄉", "address": "台15線62.8公里處", "direction": "南北雙向", "speed_limit": 60}}, {"type": "Feature", "geometry": {"type": "Point", "coordinates": [120.9964, 24.93193]}, "properties": {"id": 157, "type": "fixed_speed", "city": "新竹縣", "district": "新豐鄉", "address": "濱海公路埔和村189號之1", "direction": "南北雙向", "speed_limit": 60}}, {"type": "Feature", "geometry": {"type": "Point", "coordinates": [121.06951, 24.78052]}, "properties": {"id": 158, "type": "fixed_speed", "city": "新竹縣", "district": "芎林鄉", "address": "富林路三段與光明路口", "direction": "東西雙向", "speed_limit": 60}}, {"type": "Feature", "geometry": {"type": "Point", "coordinates": [121.07385, 24.77466]}, "properties": {"id": 159, "type": "fixed_speed", "city": "新竹縣", "district": "芎林鄉", "address": "文德路6號", "direction": "南北雙向", "speed_limit": 60}}, {"type": "Feature", "geometry": {"type": "Point", "coordinates": [121.07964, 24.7843]}, "properties": {"id": 160, "type": "fixed_speed", "city": "新竹縣", "district": "芎林鄉", "address": "文德路259號", "direction": "北往南", "speed_limit": 50}}, {"type": "Feature", "geometry": {"type": "Point", "coordinates": [121.08224, 24.76567]}, "properties": {"id": 161, "type": "fixed_speed", "city": "新竹縣", "district": "芎林鄉", "address": "竹120線11.5公里竹林交流道北上匝道口", "direction": "東往西", "speed_limit": 60}}, {"type": "Feature", "geometry": {"type": "Point", "coordinates": [121.10885, 24.74125]}, "properties": {"id": 162, "type": "fixed_speed", "city": "新竹縣", "district": "芎林鄉", "address": "富林路一段518號", "direction": "南北雙向", "speed_limit": 60}}, {"type": "Feature", "geometry": {"type": "Point", "coordinates": [121.11664, 24.72037]}, "properties": {"id": 163, "type": "fixed_speed", "city": "新竹縣", "district": "橫山鄉", "address": "中豐路一段與站前街口", "direction": "東西雙向", "speed_limit": 60}}, {"type": "Feature", "geometry": {"type": "Point", "coordinates": [121.12524, 24.72474]}, "properties": {"id": 164, "type": "fixed_speed", "city": "新竹縣", "district": "橫山鄉", "address": "中豐路與中豐路二段12巷口", "direction": "南北雙向", "speed_limit": 60}}, {"type": "Feature", "geometry": {"type": "Point", "coordinates": [121.16245, 24.7405]}, "properties": {"id": 165, "type": "fixed_speed", "city": "新竹縣", "district": "橫山鄉", "address": "中豐路三段139號", "direction": "北往南", "speed_limit": 50}}, {"type": "Feature", "geometry": {"type": "Point", "coordinates": [120.95915, 24.74368]}, "properties": {"id": 166, "type": "fixed_speed", "city": "新竹縣", "district": "寶山鄉", "address": "竹47-1線4.1公里", "direction": "北往南", "speed_limit": 50}}, {"type": "Feature", "geometry": {"type": "Point", "coordinates": [120.99763, 24.76755]}, "properties": {"id": 167, "type": "fixed_speed", "city": "新竹縣", "district": "寶山鄉", "address": "雙園路二段與雙園二街口", "direction": "北往南", "speed_limit": 50}}, {"type": "Feature", "geometry": {"type": "Point", "coordinates": [121.00037, 24.74614]}, "properties": {"id": 168, "type": "fixed_speed", "city": "新竹縣", "district": "寶山鄉", "address": "三峰路二段8號", "direction": "南往北", "speed_limit": 40}}, {"type": "Feature", "geometry": {"type": "Point", "coordinates": [121.01968, 24.75126]}, "properties": {"id": 169, "type": "fixed_speed", "city": "新竹縣", "district": "寶山鄉", "address": "寶山路二段竹83線0.8公里", "direction": "北往南", "speed_limit": 40}}, {"type": "Feature", "geometry": {"type": "Point", "coordinates": [121.03269, 24.72859]}, "properties": {"id": 170, "type": "fixed_speed", "city": "新竹縣", "district": "寶山鄉", "address": "寶山路一段228號", "direction": "南往北", "speed_limit": 40}}, {"type": "Feature", "geometry": {"type": "Point", "coordinates": [120.9788, 24.69473]}, "properties": {"id": 171, "type": "fixed_speed", "city": "新竹縣", "district": "峨眉鄉", "address": "台3線91.2公里", "direction": "西往東", "speed_limit": 60}}, {"type": "Feature", "geometry": {"type": "Point", "coordinates": [120.99114, 24.69997]}, "properties": {"id": 172, "type": "fixed_speed", "city": "新竹縣", "district": "峨眉鄉", "address": "台3線89.6公里", "direction": "南往北", "speed_limit": 60}}, {"type": "Feature", "geometry": {"type": "Point", "coordinates": [120.99424, 24.70087]}, "properties": {"id": 173, "type": "fixed_speed", "city": "新竹縣", "district": "峨眉鄉", "address": "台3線89.4公里", "direction": "北往南", "speed_limit": 60}}, {"type": "Feature", "geometry": {"type": "Point", "coordinates": [121.03163, 24.69168]}, "properties": {"id": 174, "type": "fixed_speed", "city": "新竹縣", "district": "峨眉鄉", "address": "中豐公路中興中盛村路口", "direction": "北往南", "speed_limit": 60}}, {"type": "Feature", "geometry": {"type": "Point", "coordinates": [121.04712, 24.70351]}, "properties": {"id": 175, "type": "fixed_speed", "city": "新竹縣", "district": "峨眉鄉", "address": "台3線82.2公里至84.3公里", "direction": "南北雙向(區間測速)", "speed_limit": 60}}, {"type": "Feature", "geometry": {"type": "Point", "coordinates": [120.792854, 24.522364]}, "properties": {"id": 176, "type": "fixed_speed", "city": "苗栗縣", "district": "苗栗市", "address": "台13線35.2公里處", "direction": "南向北", "speed_limit": 60}}, {"type": "Feature", "geometry": {"type": "Point", "coordinates": [120.80374, 24.578798]}, "properties": {"id": 177, "type": "fixed_speed", "city": "苗栗縣", "district": "苗栗市", "address": "新川里柑園5號前處", "direction": "東向西", "speed_limit": 60}}, {"type": "Feature", "geometry": {"type": "Point", "coordinates": [120.81373, 24.557383]}, "properties": {"id": 178, "type": "fixed_speed", "city": "苗栗縣", "district": "苗栗市", "address": "台13線30.3公里處(苗商後方)", "direction": "南北雙向", "speed_limit": 50}}, {"type": "Feature", "geometry": {"type": "Point", "coordinates": [120.81526, 24.590336]}, "properties": {"id": 179, "type": "fixed_speed", "city": "苗栗縣", "district": "苗栗市", "address": "英才路與文發路 口", "direction": "東向西", "speed_limit": 50}}, {"type": "Feature", "geometry": {"type": "Point", "coordinates": [120.83142, 24.544853]}, "properties": {"id": 180, "type": "fixed_speed", "city": "苗栗縣", "district": "苗栗市", "address": "台72線13.8公里處", "direction": "東西雙向", "speed_limit": 90}}, {"type": "Feature", "geometry": {"type": "Point", "coordinates": [120.83144, 24.551407]}, "properties": {"id": 181, "type": "fixed_speed", "city": "苗栗縣", "district": "苗栗市", "address": "台6線(經國路)14.5公里處", "direction": "東西雙向", "speed_limit": 70}}, {"type": "Feature", "geometry": {"type": "Point", "coordinates": [120.64825, 24.4435]}, "properties": {"id": 182, "type": "fixed_speed", "city": "苗栗縣", "district": "苑裡鎮", "address": "台1線140.8公里處(臨海路口)", "direction": "北向南", "speed_limit": 60}}, {"type": "Feature", "geometry": {"type": "Point", "coordinates": [120.68583, 24.37995]}, "properties": {"id": 183, "type": "fixed_speed", "city": "苗栗縣", "district": "苑裡鎮", "address": "140線8.1公里處", "direction": "西向東", "speed_limit": 60}}, {"type": "Feature", "geometry": {"type": "Point", "coordinates": [120.689186, 24.376858]}, "properties": {"id": 184, "type": "fixed_speed", "city": "苗栗縣", "district": "苑裡鎮", "address": "縣道140線8.6公里處", "direction": "東向西", "speed_limit": 60}}, {"type": "Feature", "geometry": {"type": "Point", "coordinates": [120.67632, 24.494154]}, "properties": {"id": 185, "type": "fixed_speed", "city": "苗栗縣", "district": "通霄鎮", "address": "台61線北向122.6公里至115.6公里及台61線122.2公里至130.2公里", "direction": "南向北(區間測速) 北向南(區間測速)", "speed_limit": 90}}, {"type": "Feature", "geometry": {"type": "Point", "coordinates": [120.69913, 24.496456]}, "properties": {"id": 186, "type": "fixed_speed", "city": "苗栗縣", "district": "通霄鎮", "address": "128線2.4公里處", "direction": "東向西", "speed_limit": 60}}, {"type": "Feature", "geometry": {"type": "Point", "coordinates": [120.86368, 24.670029]}, "properties": {"id": 187, "type": "fixed_speed", "city": "苗栗縣", "district": "竹南鎮", "address": "台1己線2.3公里處", "direction": "東西雙向", "speed_limit": 60}}, {"type": "Feature", "geometry": {"type": "Point", "coordinates": [120.86768, 24.676628]}, "properties": {"id": 188, "type": "fixed_speed", "city": "苗栗縣", "district": "竹南鎮", "address": "全天路與國祥街口", "direction": "北向南", "speed_limit": 50}}, {"type": "Feature", "geometry": {"type": "Point", "coordinates": [120.86775, 24.717684]}, "properties": {"id": 189, "type": "fixed_speed", "city": "苗栗縣", "district": "竹南鎮", "address": "台61線88.15公里處", "direction": "南北雙向", "speed_limit": 80}}, {"type": "Feature", "geometry": {"type": "Point", "coordinates": [120.87718, 24.692722]}, "properties": {"id": 190, "type": "fixed_speed", "city": "苗栗縣", "district": "竹南鎮", "address": "環市路與公教路口處（清寧橋前）", "direction": "東向西", "speed_limit": 60}}, {"type": "Feature", "geometry": {"type": "Point", "coordinates": [120.885445, 24.69521]}, "properties": {"id": 191, "type": "fixed_speed", "city": "苗栗縣", "district": "竹南鎮", "address": "永貞路與勝利街口處", "direction": "北向南", "speed_limit": 60}}, {"type": "Feature", "geometry": {"type": "Point", "coordinates": [120.90529, 24.720804]}, "properties": {"id": 192, "type": "fixed_speed", "city": "苗栗縣", "district": "竹南鎮", "address": "公義路1557號前", "direction": "東西雙向", "speed_limit": 60}}, {"type": "Feature", "geometry": {"type": "Point", "coordinates": [120.92275, 24.712439]}, "properties": {"id": 193, "type": "fixed_speed", "city": "苗栗縣", "district": "竹南鎮", "address": "中華路240號前", "direction": "南北雙向", "speed_limit": 60}}, {"type": "Feature", "geometry": {"type": "Point", "coordinates": [120.88288, 24.65347]}, "properties": {"id": 194, "type": "fixed_speed", "city": "苗栗縣", "district": "頭份市", "address": "台13線12.1公里處（尖山國小前）", "direction": "南向北", "speed_limit": 60}}, {"type": "Feature", "geometry": {"type": "Point", "coordinates": [120.88549, 24.69416]}, "properties": {"id": 195, "type": "fixed_speed", "city": "苗栗縣", "district": "頭份市", "address": "中央路與永貞路口", "direction": "南向北", "speed_limit": 60}}, {"type": "Feature", "geometry": {"type": "Point", "coordinates": [120.89102, 24.674002]}, "properties": {"id": 196, "type": "fixed_speed", "city": "苗栗縣", "district": "頭份市", "address": "中華路440號處", "direction": "南向北", "speed_limit": 60}}, {"type": "Feature", "geometry": {"type": "Point", "coordinates": [120.90152, 24.692188]}, "properties": {"id": 197, "type": "fixed_speed", "city": "苗栗縣", "district": "頭份市", "address": "中央路(頭份國中前)", "direction": "東西雙向", "speed_limit": 50}}, {"type": "Feature", "geometry": {"type": "Point", "coordinates": [120.906876, 24.687279]}, "properties": {"id": 198, "type": "fixed_speed", "city": "苗栗縣", "district": "頭份市", "address": "中央路與自強路口周邊道路", "direction": "北向南", "speed_limit": 60}}, {"type": "Feature", "geometry": {"type": "Point", "coordinates": [120.91287, 24.690542]}, "properties": {"id": 199, "type": "fixed_speed", "city": "苗栗縣", "district": "頭份市", "address": "中華路與自強路口", "direction": "南向北", "speed_limit": 60}}, {"type": "Feature", "geometry": {"type": "Point", "coordinates": [120.9131, 24.690813]}, "properties": {"id": 200, "type": "fixed_speed", "city": "苗栗縣", "district": "頭份市", "address": "中華路與自強路口", "direction": "北向南", "speed_limit": 60}}, {"type": "Feature", "geometry": {"type": "Point", "coordinates": [120.91392, 24.674433]}, "properties": {"id": 201, "type": "fixed_speed", "city": "苗栗縣", "district": "頭份市", "address": "正興路與水源路口處", "direction": "北向南", "speed_limit": 60}}, {"type": "Feature", "geometry": {"type": "Point", "coordinates": [120.92912, 24.686438]}, "properties": {"id": 202, "type": "fixed_speed", "city": "苗栗縣", "district": "頭份市", "address": "中正一路與124甲線路口", "direction": "東向西", "speed_limit": 50}}, {"type": "Feature", "geometry": {"type": "Point", "coordinates": [120.93603, 24.685402]}, "properties": {"id": 203, "type": "fixed_speed", "city": "苗栗縣", "district": "頭份市", "address": "124線8.45公里處", "direction": "東向西", "speed_limit": 50}}, {"type": "Feature", "geometry": {"type": "Point", "coordinates": [120.94552, 24.67302]}, "properties": {"id": 204, "type": "fixed_speed", "city": "苗栗縣", "district": "頭份市", "address": "縣道124丙線8.4公里處", "direction": "東西雙向", "speed_limit": 60}}, {"type": "Feature", "geometry": {"type": "Point", "coordinates": [120.94835, 24.680124]}, "properties": {"id": 205, "type": "fixed_speed", "city": "苗栗縣", "district": "頭份市", "address": "124線9.8公里處", "direction": "西向東", "speed_limit": 50}}, {"type": "Feature", "geometry": {"type": "Point", "coordinates": [120.95703, 24.681976]}, "properties": {"id": 206, "type": "fixed_speed", "city": "苗栗縣", "district": "頭份市", "address": "124線10.75公里處", "direction": "東向西", "speed_limit": 50}}, {"type": "Feature", "geometry": {"type": "Point", "coordinates": [120.75758, 24.610762]}, "properties": {"id": 207, "type": "fixed_speed", "city": "苗栗縣", "district": "後龍鎮", "address": "台61線105.3公里處", "direction": "北向南", "speed_limit": 50}}, {"type": "Feature", "geometry": {"type": "Point", "coordinates": [120.7674, 24.60738]}, "properties": {"id": 208, "type": "fixed_speed", "city": "苗栗縣", "district": "後龍鎮", "address": "台6線0公里+992m", "direction": "西向東", "speed_limit": 60}}, {"type": "Feature", "geometry": {"type": "Point", "coordinates": [120.78327, 24.637379]}, "properties": {"id": 209, "type": "fixed_speed", "city": "苗栗縣", "district": "後龍鎮", "address": "台61線與苗11線口處", "direction": "南向北", "speed_limit": 80}}, {"type": "Feature", "geometry": {"type": "Point", "coordinates": [120.78955, 24.594868]}, "properties": {"id": 210, "type": "fixed_speed", "city": "苗栗縣", "district": "後龍鎮", "address": "台6線3.7公里處(後龍交流道附近)", "direction": "西向東", "speed_limit": 60}}, {"type": "Feature", "geometry": {"type": "Point", "coordinates": [120.79818, 24.606695]}, "properties": {"id": 211, "type": "fixed_speed", "city": "苗栗縣", "district": "後龍鎮", "address": "台72線3.4公里處", "direction": "東西雙向", "speed_limit": 90}}, {"type": "Feature", "geometry": {"type": "Point", "coordinates": [120.81203, 24.657776]}, "properties": {"id": 212, "type": "fixed_speed", "city": "苗栗縣", "district": "後龍鎮", "address": "台61線97.55公里處", "direction": "南北雙向", "speed_limit": 80}}, {"type": "Feature", "geometry": {"type": "Point", "coordinates": [120.832245, 24.607538]}, "properties": {"id": 213, "type": "fixed_speed", "city": "苗栗縣", "district": "後龍鎮", "address": "台13甲線12.4公里處", "direction": "北向南", "speed_limit": 60}}, {"type": "Feature", "geometry": {"type": "Point", "coordinates": [120.82357, 24.338886]}, "properties": {"id": 214, "type": "fixed_speed", "city": "苗栗縣", "district": "卓蘭鎮", "address": "台3線142.2公里處", "direction": "南向北", "speed_limit": 60}}, {"type": "Feature", "geometry": {"type": "Point", "coordinates": [120.823845, 24.3246]}, "properties": {"id": 215, "type": "fixed_speed", "city": "苗栗縣", "district": "卓蘭鎮", "address": "台3線146.8公里處（豐田國小旁）", "direction": "北向南", "speed_limit": 60}}, {"type": "Feature", "geometry": {"type": "Point", "coordinates": [120.8283, 24.348303]}, "properties": {"id": 216, "type": "fixed_speed", "city": "苗栗縣", "district": "大湖鄉", "address": "台3線141公里處", "direction": "北向南", "speed_limit": 60}}, {"type": "Feature", "geometry": {"type": "Point", "coordinates": [120.842674, 24.37388]}, "properties": {"id": 217, "type": "fixed_speed", "city": "苗栗縣", "district": "大湖鄉", "address": "台3線137.2公里", "direction": "南向北", "speed_limit": 50}}, {"type": "Feature", "geometry": {"type": "Point", "coordinates": [120.86529, 24.409588]}, "properties": {"id": 218, "type": "fixed_speed", "city": "苗栗縣", "district": "大湖鄉", "address": "台3線131.6公里處", "direction": "南向北", "speed_limit": 60}}, {"type": "Feature", "geometry": {"type": "Point", "coordinates": [120.87404, 24.445524]}, "properties": {"id": 219, "type": "fixed_speed", "city": "苗栗縣", "district": "大湖鄉", "address": "台3線127.3公里處", "direction": "北向南", "speed_limit": 60}}, {"type": "Feature", "geometry": {"type": "Point", "coordinates": [120.81822, 24.46855]}, "properties": {"id": 220, "type": "fixed_speed", "city": "苗栗縣", "district": "公館鄉", "address": "台72線24公里處", "direction": "東西雙向", "speed_limit": 80}}, {"type": "Feature", "geometry": {"type": "Point", "coordinates": [120.81877, 24.529028]}, "properties": {"id": 221, "type": "fixed_speed", "city": "苗栗縣", "district": "公館鄉", "address": "台6線與苗26線口", "direction": "北向南", "speed_limit": 60}}, {"type": "Feature", "geometry": {"type": "Point", "coordinates": [120.835365, 24.512255]}, "properties": {"id": 222, "type": "fixed_speed", "city": "苗栗縣", "district": "公館鄉", "address": "119甲線(沿山道)3.4公里處", "direction": "北向南", "speed_limit": 60}}, {"type": "Feature", "geometry": {"type": "Point", "coordinates": [120.78141, 24.494358]}, "properties": {"id": 223, "type": "fixed_speed", "city": "苗栗縣", "district": "銅鑼鄉", "address": "台13線與縣道128線口處", "direction": "南北雙向", "speed_limit": 60}}, {"type": "Feature", "geometry": {"type": "Point", "coordinates": [120.980835, 24.639002]}, "properties": {"id": 224, "type": "fixed_speed", "city": "苗栗縣", "district": "南庄鄉", "address": "縣道124乙線2.9公里處", "direction": "東向西", "speed_limit": 60}}, {"type": "Feature", "geometry": {"type": "Point", "coordinates": [120.85494, 24.576845]}, "properties": {"id": 225, "type": "fixed_speed", "city": "苗栗縣", "district": "頭屋鄉", "address": "台13線24.2公里處", "direction": "北向南", "speed_limit": 50}}, {"type": "Feature", "geometry": {"type": "Point", "coordinates": [120.86359, 24.579777]}, "properties": {"id": 226, "type": "fixed_speed", "city": "苗栗縣", "district": "頭屋鄉", "address": "台13線23.2公里處", "direction": "南向北", "speed_limit": 60}}, {"type": "Feature", "geometry": {"type": "Point", "coordinates": [120.744514, 24.345043]}, "properties": {"id": 227, "type": "fixed_speed", "city": "苗栗縣", "district": "三義鄉", "address": "縣道140線16.2公里至16.9公里及23.1公里至25.1公里", "direction": "東西雙向(區間測速)", "speed_limit": 60}}, {"type": "Feature", "geometry": {"type": "Point", "coordinates": [120.74986, 24.378527]}, "properties": {"id": 228, "type": "fixed_speed", "city": "苗栗縣", "district": "三義鄉", "address": "台13線52.4公里處(龍騰派出所前)", "direction": "北向南", "speed_limit": 60}}, {"type": "Feature", "geometry": {"type": "Point", "coordinates": [120.77345, 24.324047]}, "properties": {"id": 229, "type": "fixed_speed", "city": "苗栗縣", "district": "三義鄉", "address": "縣道140線19.9公里處", "direction": "東西雙向", "speed_limit": 60}}, {"type": "Feature", "geometry": {"type": "Point", "coordinates": [120.83167, 26.645304]}, "properties": {"id": 230, "type": "fixed_speed", "city": "苗栗縣", "district": "造橋鄉", "address": "台1線104.9公里處", "direction": "南北雙向", "speed_limit": 70}}, {"type": "Feature", "geometry": {"type": "Point", "coordinates": [120.85721, 24.632866]}, "properties": {"id": 231, "type": "fixed_speed", "city": "苗栗縣", "district": "造橋鄉", "address": "台13甲線8.3公里至9.5公里及9.8公里至11公里", "direction": "南北雙向(區間測速)", "speed_limit": 60}}, {"type": "Feature", "geometry": {"type": "Point", "coordinates": [120.949905, 24.619045]}, "properties": {"id": 232, "type": "fixed_speed", "city": "苗栗縣", "district": "三灣鄉", "address": "台3線101.5公里處(大河老街口)", "direction": "南向北", "speed_limit": 60}}, {"type": "Feature", "geometry": {"type": "Point", "coordinates": [120.95179, 24.621752]}, "properties": {"id": 233, "type": "fixed_speed", "city": "苗栗縣", "district": "三灣鄉", "address": "台3線101.2公里處", "direction": "南向北", "speed_limit": 60}}, {"type": "Feature", "geometry": {"type": "Point", "coordinates": [120.95191, 24.614372]}, "properties": {"id": 234, "type": "fixed_speed", "city": "苗栗縣", "district": "三灣鄉", "address": "台3線103.1公里處", "direction": "南向北", "speed_limit": 60}}, {"type": "Feature", "geometry": {"type": "Point", "coordinates": [120.952415, 24.61412]}, "properties": {"id": 235, "type": "fixed_speed", "city": "苗栗縣", "district": "三灣鄉", "address": "台3線103.2公里至108公里及台3線114.3公里至123.6公里", "direction": "南北雙向(區間測速)", "speed_limit": 60}}, {"type": "Feature", "geometry": {"type": "Point", "coordinates": [120.95443, 24.61411]}, "properties": {"id": 236, "type": "fixed_speed", "city": "苗栗縣", "district": "三灣鄉", "address": "台3線103.5公里處", "direction": "北向南", "speed_limit": 60}}, {"type": "Feature", "geometry": {"type": "Point", "coordinates": [120.95567, 24.677471]}, "properties": {"id": 237, "type": "fixed_speed", "city": "苗栗縣", "district": "三灣鄉", "address": "縣道124丙線9.7公里處", "direction": "東西雙向", "speed_limit": 60}}, {"type": "Feature", "geometry": {"type": "Point", "coordinates": [120.96546, 24.665936]}, "properties": {"id": 238, "type": "fixed_speed", "city": "苗栗縣", "district": "三灣鄉", "address": "台3線95.5公里處", "direction": "南向北", "speed_limit": 60}}, {"type": "Feature", "geometry": {"type": "Point", "coordinates": [120.88591, 24.461445]}, "properties": {"id": 239, "type": "fixed_speed", "city": "苗栗縣", "district": "獅潭鄉", "address": "台3線124.9公里處", "direction": "南北雙向", "speed_limit": 60}}, {"type": "Feature", "geometry": {"type": "Point", "coordinates": [120.8961, 24.481611]}, "properties": {"id": 240, "type": "fixed_speed", "city": "苗栗縣", "district": "獅潭鄉", "address": "台3線121.9公里處", "direction": "南向北", "speed_limit": 60}}, {"type": "Feature", "geometry": {"type": "Point", "coordinates": [120.916466, 24.52958]}, "properties": {"id": 241, "type": "fixed_speed", "city": "苗栗縣", "district": "獅潭鄉", "address": "台3線111.8公里處", "direction": "北向南", "speed_limit": 60}}, {"type": "Feature", "geometry": {"type": "Point", "coordinates": [120.916466, 24.52958]}, "properties": {"id": 242, "type": "fixed_speed", "city": "苗栗縣", "district": "獅潭鄉", "address": "台3線113.5公里處", "direction": "北向南", "speed_limit": 60}}, {"type": "Feature", "geometry": {"type": "Point", "coordinates": [120.921745, 24.5422]}, "properties": {"id": 243, "type": "fixed_speed", "city": "苗栗縣", "district": "獅潭鄉", "address": "台3線113.1公里處(獅潭國中旁)", "direction": "北向南", "speed_limit": 60}}, {"type": "Feature", "geometry": {"type": "Point", "coordinates": [120.51788, 24.068613]}, "properties": {"id": 244, "type": "fixed_speed", "city": "彰化縣", "district": "彰化市", "address": "彰化市線東路1段與環河街口", "direction": "北向", "speed_limit": 60}}, {"type": "Feature", "geometry": {"type": "Point", "coordinates": [120.538185, 24.092823]}, "properties": {"id": 245, "type": "fixed_speed", "city": "彰化縣", "district": "彰化市", "address": "彰化市金馬路2段與彰新路1段口", "direction": "南向", "speed_limit": 70}}, {"type": "Feature", "geometry": {"type": "Point", "coordinates": [120.54993, 24.093788]}, "properties": {"id": 246, "type": "fixed_speed", "city": "彰化縣", "district": "彰化市", "address": "彰化市建國北路", "direction": "北向", "speed_limit": 50}}, {"type": "Feature", "geometry": {"type": "Point", "coordinates": [120.5571, 24.09833]}, "properties": {"id": 247, "type": "fixed_speed", "city": "彰化縣", "district": "彰化市", "address": "彰化市金馬路一段、泰和路二段415巷口", "direction": "南北雙向", "speed_limit": 70}}, {"type": "Feature", "geometry": {"type": "Point", "coordinates": [120.56561, 24.088907]}, "properties": {"id": 248, "type": "fixed_speed", "city": "彰化縣", "district": "彰化市", "address": "彰化市中山路3段與彰南路1段口", "direction": "南向", "speed_limit": 50}}, {"type": "Feature", "geometry": {"type": "Point", "coordinates": [120.57575, 24.093752]}, "properties": {"id": 249, "type": "fixed_speed", "city": "彰化縣", "district": "彰化市", "address": "彰化市金馬東路與金馬東路317巷口", "direction": "南向", "speed_limit": 70}}, {"type": "Feature", "geometry": {"type": "Point", "coordinates": [120.57624, 24.098677]}, "properties": {"id": 250, "type": "fixed_speed", "city": "彰化縣", "district": "彰化市", "address": "彰化市台1線186.95公里", "direction": "北向", "speed_limit": 70}}, {"type": "Feature", "geometry": {"type": "Point", "coordinates": [120.58576, 24.092712]}, "properties": {"id": 251, "type": "fixed_speed", "city": "彰化縣", "district": "彰化市", "address": "彰化市彰興路1段與聖安路口", "direction": "北向", "speed_limit": 70}}, {"type": "Feature", "geometry": {"type": "Point", "coordinates": [120.59212, 24.040432]}, "properties": {"id": 252, "type": "fixed_speed", "city": "彰化縣", "district": "彰化市", "address": "彰化市縣139線7.7公里處", "direction": "南北雙向", "speed_limit": 40}}, {"type": "Feature", "geometry": {"type": "Point", "coordinates": [120.59272, 24.063442]}, "properties": {"id": 253, "type": "fixed_speed", "city": "彰化縣", "district": "彰化市", "address": "彰化市台74甲線3.4公里(慢車道速限40公里/小時)", "direction": "南向", "speed_limit": 70}}, {"type": "Feature", "geometry": {"type": "Point", "coordinates": [120.59287, 24.0745]}, "properties": {"id": 254, "type": "fixed_speed", "city": "彰化縣", "district": "彰化市", "address": "彰化市台74甲線2.2公里(慢車道速限40公里/小時)", "direction": "南北雙向", "speed_limit": 70}}, {"type": "Feature", "geometry": {"type": "Point", "coordinates": [120.41893, 24.075989]}, "properties": {"id": 255, "type": "fixed_speed", "city": "彰化縣", "district": "鹿港鎮", "address": "鹿港鎮彰濱五路2段與臨海路3段", "direction": "西向", "speed_limit": 70}}, {"type": "Feature", "geometry": {"type": "Point", "coordinates": [120.42038, 24.081823]}, "properties": {"id": 256, "type": "fixed_speed", "city": "彰化縣", "district": "鹿港鎮", "address": "鹿港鎮台61線177至168.1公里(快速道路)(20公噸以上大貨車速限80公里/小時)", "direction": "北向(區間測速)", "speed_limit": 90}}, {"type": "Feature", "geometry": {"type": "Point", "coordinates": [120.44827, 24.092236]}, "properties": {"id": 257, "type": "fixed_speed", "city": "彰化縣", "district": "鹿港鎮", "address": "鹿港鎮台17線31.3公里(長安宮前)", "direction": "南北雙向", "speed_limit": 70}}, {"type": "Feature", "geometry": {"type": "Point", "coordinates": [120.46232, 24.074348]}, "properties": {"id": 258, "type": "fixed_speed", "city": "彰化縣", "district": "鹿港鎮", "address": "鹿港鎮鹿和路2段507號前", "direction": "東西雙向", "speed_limit": 60}}, {"type": "Feature", "geometry": {"type": "Point", "coordinates": [120.468925, 24.055868]}, "properties": {"id": 259, "type": "fixed_speed", "city": "彰化縣", "district": "鹿港鎮", "address": "鹿港鎮鹿東路2段與石碑巷口", "direction": "東向", "speed_limit": 50}}, {"type": "Feature", "geometry": {"type": "Point", "coordinates": [120.4901, 24.129986]}, "properties": {"id": 260, "type": "fixed_speed", "city": "彰化縣", "district": "和美鎮", "address": "和美鎮和港路與西興路口", "direction": "南向", "speed_limit": 60}}, {"type": "Feature", "geometry": {"type": "Point", "coordinates": [120.49447, 24.108746]}, "properties": {"id": 261, "type": "fixed_speed", "city": "彰化縣", "district": "和美鎮", "address": "和美鎮道周路與鹿和路6段路口", "direction": "東西雙向", "speed_limit": 60}}, {"type": "Feature", "geometry": {"type": "Point", "coordinates": [120.509766, 24.149263]}, "properties": {"id": 262, "type": "fixed_speed", "city": "彰化縣", "district": "和美鎮", "address": "和美鎮台61乙與彰新路6段路口", "direction": "東西雙向", "speed_limit": 60}}, {"type": "Feature", "geometry": {"type": "Point", "coordinates": [120.50987, 24.136038]}, "properties": {"id": 263, "type": "fixed_speed", "city": "彰化縣", "district": "和美鎮", "address": "和美鎮彰新路5段與嘉卿路口", "direction": "東向", "speed_limit": 60}}, {"type": "Feature", "geometry": {"type": "Point", "coordinates": [120.51911, 24.086985]}, "properties": {"id": 264, "type": "fixed_speed", "city": "彰化縣", "district": "和美鎮", "address": "和美鎮線東路2段485號", "direction": "南北雙向", "speed_limit": 60}}, {"type": "Feature", "geometry": {"type": "Point", "coordinates": [120.52414, 24.09933]}, "properties": {"id": 265, "type": "fixed_speed", "city": "彰化縣", "district": "和美鎮", "address": "和美鎮彰美路3段與中興路口", "direction": "西向", "speed_limit": 60}}, {"type": "Feature", "geometry": {"type": "Point", "coordinates": [120.52612, 24.114113]}, "properties": {"id": 266, "type": "fixed_speed", "city": "彰化縣", "district": "和美鎮", "address": "和美鎮線東路五段291號南側170公尺處", "direction": "南北雙向", "speed_limit": 60}}, {"type": "Feature", "geometry": {"type": "Point", "coordinates": [120.44376, 24.13864]}, "properties": {"id": 267, "type": "fixed_speed", "city": "彰化縣", "district": "線西鄉", "address": "線西鄉台61線170.11公里(快速道路)(20公噸以上大貨車速限80公里/小時)", "direction": "南向", "speed_limit": 90}}, {"type": "Feature", "geometry": {"type": "Point", "coordinates": [120.46483, 24.134869]}, "properties": {"id": 268, "type": "fixed_speed", "city": "彰化縣", "district": "線西鄉", "address": "線西鄉中正路與中央路2段口", "direction": "北向", "speed_limit": 70}}, {"type": "Feature", "geometry": {"type": "Point", "coordinates": [120.499855, 24.178015]}, "properties": {"id": 269, "type": "fixed_speed", "city": "彰化縣", "district": "伸港鄉", "address": "伸港鄉中興路3段與興工路口", "direction": "南北雙向", "speed_limit": 60}}, {"type": "Feature", "geometry": {"type": "Point", "coordinates": [120.5143, 24.167889]}, "properties": {"id": 270, "type": "fixed_speed", "city": "彰化縣", "district": "伸港鄉", "address": "伸港鄉濱海路與工五路口", "direction": "南北雙向", "speed_limit": 50}}, {"type": "Feature", "geometry": {"type": "Point", "coordinates": [120.40004, 24.0196]}, "properties": {"id": 271, "type": "fixed_speed", "city": "彰化縣", "district": "福興鄉", "address": "福興鄉沿海路與麥厝街口", "direction": "北向", "speed_limit": 70}}, {"type": "Feature", "geometry": {"type": "Point", "coordinates": [120.42017, 24.047768]}, "properties": {"id": 272, "type": "fixed_speed", "city": "彰化縣", "district": "福興鄉", "address": "福興鄉臨海路(台17線)與福正路口", "direction": "南北雙向", "speed_limit": 70}}, {"type": "Feature", "geometry": {"type": "Point", "coordinates": [120.46519, 24.04683]}, "properties": {"id": 273, "type": "fixed_speed", "city": "彰化縣", "district": "福興鄉", "address": "福興鄉彰鹿路6段與彰鹿路6段314巷口", "direction": "東西雙向", "speed_limit": 60}}, {"type": "Feature", "geometry": {"type": "Point", "coordinates": [120.47051, 24.019592]}, "properties": {"id": 274, "type": "fixed_speed", "city": "彰化縣", "district": "福興鄉", "address": "福興鄉番花路1段885號前(縣道)", "direction": "東西雙向", "speed_limit": 60}}, {"type": "Feature", "geometry": {"type": "Point", "coordinates": [120.48859, 24.01645]}, "properties": {"id": 275, "type": "fixed_speed", "city": "彰化縣", "district": "福興鄉", "address": "福興鄉彰水路(台19線)與番花路口", "direction": "南北雙向", "speed_limit": 60}}, {"type": "Feature", "geometry": {"type": "Point", "coordinates": [120.494255, 24.049767]}, "properties": {"id": 276, "type": "fixed_speed", "city": "彰化縣", "district": "秀水鄉", "address": "秀水鄉彰鹿路與民意街口", "direction": "東西雙向", "speed_limit": 60}}, {"type": "Feature", "geometry": {"type": "Point", "coordinates": [120.497154, 24.077213]}, "properties": {"id": 277, "type": "fixed_speed", "city": "彰化縣", "district": "秀水鄉", "address": "秀水鄉環河南路2段與雅興街路口", "direction": "東西雙向", "speed_limit": 50}}, {"type": "Feature", "geometry": {"type": "Point", "coordinates": [120.533264, 24.051252]}, "properties": {"id": 278, "type": "fixed_speed", "city": "彰化縣", "district": "花壇鄉", "address": "花壇鄉台1線194.496K(省道)", "direction": "南北雙向", "speed_limit": 70}}, {"type": "Feature", "geometry": {"type": "Point", "coordinates": [120.54701, 24.019365]}, "properties": {"id": 279, "type": "fixed_speed", "city": "彰化縣", "district": "花壇鄉", "address": "花壇鄉台1線198.4公里", "direction": "南北雙向", "speed_limit": 70}}, {"type": "Feature", "geometry": {"type": "Point", "coordinates": [120.55131, 24.013025]}, "properties": {"id": 280, "type": "fixed_speed", "city": "彰化縣", "district": "花壇鄉", "address": "花壇鄉中山路1段95號(福安宮前)", "direction": "南北雙向", "speed_limit": 70}}, {"type": "Feature", "geometry": {"type": "Point", "coordinates": [120.55818, 24.0214]}, "properties": {"id": 281, "type": "fixed_speed", "city": "彰化縣", "district": "花壇鄉", "address": "花壇鄉台74甲線與彰員路口", "direction": "南北雙向", "speed_limit": 70}}, {"type": "Feature", "geometry": {"type": "Point", "coordinates": [120.57284, 24.031086]}, "properties": {"id": 282, "type": "fixed_speed", "city": "彰化縣", "district": "花壇鄉", "address": "花壇鄉台74甲線與灣福路口(慢車道速限40公里/小時)", "direction": "南北雙向", "speed_limit": 70}}, {"type": "Feature", "geometry": {"type": "Point", "coordinates": [120.593895, 24.03417]}, "properties": {"id": 283, "type": "fixed_speed", "city": "彰化縣", "district": "芬園鄉", "address": "彰化縣縣道139線8.537公里處", "direction": "南北雙向", "speed_limit": 40}}, {"type": "Feature", "geometry": {"type": "Point", "coordinates": [120.61787, 23.983116]}, "properties": {"id": 284, "type": "fixed_speed", "city": "彰化縣", "district": "芬園鄉", "address": "芬園鄉大彰路2段與縣安路口", "direction": "南向", "speed_limit": 50}}, {"type": "Feature", "geometry": {"type": "Point", "coordinates": [120.622215, 24.043566]}, "properties": {"id": 285, "type": "fixed_speed", "city": "彰化縣", "district": "芬園鄉", "address": "芬園鄉彰南路5段與環中路9段路口(省道)", "direction": "南北雙向", "speed_limit": 70}}, {"type": "Feature", "geometry": {"type": "Point", "coordinates": [120.55259, 23.970097]}, "properties": {"id": 286, "type": "fixed_speed", "city": "彰化縣", "district": "員林市", "address": "員林市員埔路與三潭巷路口", "direction": "東西雙向", "speed_limit": 60}}, {"type": "Feature", "geometry": {"type": "Point", "coordinates": [120.56328, 23.9462]}, "properties": {"id": 287, "type": "fixed_speed", "city": "彰化縣", "district": "員林市", "address": "員林市(埔心鄉)中山路1段與柳橋東路口", "direction": "南向", "speed_limit": 60}}, {"type": "Feature", "geometry": {"type": "Point", "coordinates": [120.565056, 23.971638]}, "properties": {"id": 288, "type": "fixed_speed", "city": "彰化縣", "district": "員林市", "address": "員林市員林大道5段與員埔路口", "direction": "南向", "speed_limit": 50}}, {"type": "Feature", "geometry": {"type": "Point", "coordinates": [120.5667, 23.956444]}, "properties": {"id": 289, "type": "fixed_speed", "city": "彰化縣", "district": "員林市", "address": "員林市莒光路與員鹿路口", "direction": "南北雙向", "speed_limit": 60}}, {"type": "Feature", "geometry": {"type": "Point", "coordinates": [120.566765, 23.959564]}, "properties": {"id": 290, "type": "fixed_speed", "city": "彰化縣", "district": "員林市", "address": "員林市莒光路與至善街口", "direction": "南北雙向", "speed_limit": 60}}, {"type": "Feature", "geometry": {"type": "Point", "coordinates": [120.57107, 23.972256]}, "properties": {"id": 291, "type": "fixed_speed", "city": "彰化縣", "district": "員林市", "address": "員林市員林大道5段與中山路2段口", "direction": "東向", "speed_limit": 50}}, {"type": "Feature", "geometry": {"type": "Point", "coordinates": [120.57383, 23.962563]}, "properties": {"id": 292, "type": "fixed_speed", "city": "彰化縣", "district": "員林市", "address": "員林市萬年路3段與靜修路口", "direction": "北向", "speed_limit": 50}}, {"type": "Feature", "geometry": {"type": "Point", "coordinates": [120.575584, 23.948732]}, "properties": {"id": 293, "type": "fixed_speed", "city": "彰化縣", "district": "員林市", "address": "員林市員林大道1段(外環道)與員集路口", "direction": "東西雙向", "speed_limit": 50}}, {"type": "Feature", "geometry": {"type": "Point", "coordinates": [120.57982, 23.926346]}, "properties": {"id": 294, "type": "fixed_speed", "city": "彰化縣", "district": "員林市", "address": "員林市東彰路8段與員集路1段口", "direction": "東西雙向", "speed_limit": 70}}, {"type": "Feature", "geometry": {"type": "Point", "coordinates": [120.48668, 23.956186]}, "properties": {"id": 295, "type": "fixed_speed", "city": "彰化縣", "district": "溪湖鎮", "address": "溪湖鎮員鹿路2段與忠溪路口", "direction": "東西雙向", "speed_limit": 60}}, {"type": "Feature", "geometry": {"type": "Point", "coordinates": [120.574715, 23.863333]}, "properties": {"id": 296, "type": "fixed_speed", "city": "彰化縣", "district": "田中鎮", "address": "田中鎮斗中路1段與東彰南路4段(彰95高鐵站連接道路)路口", "direction": "西向", "speed_limit": 60}}, {"type": "Feature", "geometry": {"type": "Point", "coordinates": [120.59574, 23.857761]}, "properties": {"id": 297, "type": "fixed_speed", "city": "彰化縣", "district": "田中鎮", "address": "田中鎮縣141線13.3公里南下", "direction": "南向", "speed_limit": 60}}, {"type": "Feature", "geometry": {"type": "Point", "coordinates": [120.59652, 23.843128]}, "properties": {"id": 298, "type": "fixed_speed", "city": "彰化縣", "district": "田中鎮", "address": "田中鎮員集路1段與大安路1段路口", "direction": "南北雙向", "speed_limit": 50}}, {"type": "Feature", "geometry": {"type": "Point", "coordinates": [120.59756, 23.853165]}, "properties": {"id": 299, "type": "fixed_speed", "city": "彰化縣", "district": "田中鎮", "address": "田中鎮東閔路2段與中南路3段路口", "direction": "南北雙向", "speed_limit": 60}}, {"type": "Feature", "geometry": {"type": "Point", "coordinates": [120.55999, 23.995346]}, "properties": {"id": 300, "type": "fixed_speed", "city": "彰化縣", "district": "大村鄉", "address": "大村鄉台1線201.4公里", "direction": "南北雙向", "speed_limit": 70}}, {"type": "Feature", "geometry": {"type": "Point", "coordinates": [120.57151, 23.978357]}, "properties": {"id": 301, "type": "fixed_speed", "city": "彰化縣", "district": "大村鄉", "address": "大村鄉中山路1段與美港路口", "direction": "北向", "speed_limit": 60}}, {"type": "Feature", "geometry": {"type": "Point", "coordinates": [120.58485, 23.990818]}, "properties": {"id": 302, "type": "fixed_speed", "city": "彰化縣", "district": "大村鄉", "address": "大村鄉山腳路與學府路口", "direction": "南北雙向", "speed_limit": 40}}, {"type": "Feature", "geometry": {"type": "Point", "coordinates": [120.45266, 24.015472]}, "properties": {"id": 303, "type": "fixed_speed", "city": "彰化縣", "district": "埔鹽鄉", "address": "埔鹽鄉員鹿路3段與大新路口(彰39鄉道)", "direction": "東西雙向", "speed_limit": 50}}, {"type": "Feature", "geometry": {"type": "Point", "coordinates": [120.47836, 24.000069]}, "properties": {"id": 304, "type": "fixed_speed", "city": "彰化縣", "district": "埔鹽鄉", "address": "埔鹽鄉彰水路2段與中山路口", "direction": "南北雙向", "speed_limit": 60}}, {"type": "Feature", "geometry": {"type": "Point", "coordinates": [120.51747, 23.950142]}, "properties": {"id": 305, "type": "fixed_speed", "city": "彰化縣", "district": "埔心鄉", "address": "埔心鄉員鹿路5段與羅厝路3段口", "direction": "東西雙向", "speed_limit": 60}}, {"type": "Feature", "geometry": {"type": "Point", "coordinates": [120.536415, 23.962378]}, "properties": {"id": 306, "type": "fixed_speed", "city": "彰化縣", "district": "埔心鄉", "address": "埔心鄉埔新路與瑤鳳路3段口", "direction": "南向", "speed_limit": 60}}, {"type": "Feature", "geometry": {"type": "Point", "coordinates": [120.54141, 23.966743]}, "properties": {"id": 307, "type": "fixed_speed", "city": "彰化縣", "district": "埔心鄉", "address": "埔心鄉柳橋東路與瑤鳳路2段416巷口", "direction": "西向", "speed_limit": 50}}, {"type": "Feature", "geometry": {"type": "Point", "coordinates": [120.550514, 23.95197]}, "properties": {"id": 308, "type": "fixed_speed", "city": "彰化縣", "district": "埔心鄉", "address": "埔心鄉中正路1段與武聖路口", "direction": "東西雙向", "speed_limit": 60}}, {"type": "Feature", "geometry": {"type": "Point", "coordinates": [120.56222, 23.95708]}, "properties": {"id": 309, "type": "fixed_speed", "city": "彰化縣", "district": "埔心鄉", "address": "埔心鄉員林大道7段與員鹿路1段口", "direction": "南北雙向", "speed_limit": 50}}, {"type": "Feature", "geometry": {"type": "Point", "coordinates": [120.54227, 23.910095]}, "properties": {"id": 310, "type": "fixed_speed", "city": "彰化縣", "district": "永靖鄉", "address": "永靖鄉中山路1段與中山路1段351巷口", "direction": "南向", "speed_limit": 70}}, {"type": "Feature", "geometry": {"type": "Point", "coordinates": [120.5705, 23.911493]}, "properties": {"id": 311, "type": "fixed_speed", "city": "彰化縣", "district": "社頭鄉", "address": "社頭鄉東彰路7段與湳底路口", "direction": "南向", "speed_limit": 70}}, {"type": "Feature", "geometry": {"type": "Point", "coordinates": [120.576904, 23.935686]}, "properties": {"id": 312, "type": "fixed_speed", "city": "彰化縣", "district": "社頭鄉", "address": "社頭鄉員集路(縣141線)與崙饒路口", "direction": "南北雙向", "speed_limit": 50}}, {"type": "Feature", "geometry": {"type": "Point", "coordinates": [120.58381, 23.893694]}, "properties": {"id": 313, "type": "fixed_speed", "city": "彰化縣", "district": "社頭鄉", "address": "社頭鄉中山路1段與和平三路口", "direction": "南北雙向", "speed_limit": 60}}, {"type": "Feature", "geometry": {"type": "Point", "coordinates": [120.58451, 23.918741]}, "properties": {"id": 314, "type": "fixed_speed", "city": "彰化縣", "district": "社頭鄉", "address": "社頭鄉中山路3段與圳尾巷口", "direction": "南向", "speed_limit": 60}}, {"type": "Feature", "geometry": {"type": "Point", "coordinates": [120.63256, 23.79639]}, "properties": {"id": 315, "type": "fixed_speed", "city": "彰化縣", "district": "二水鄉", "address": "二水鄉縣141線20.924K(二水鄉往南)", "direction": "南北雙向", "speed_limit": 60}}, {"type": "Feature", "geometry": {"type": "Point", "coordinates": [120.654915, 23.80027]}, "properties": {"id": 316, "type": "fixed_speed", "city": "彰化縣", "district": "二水鄉", "address": "二水鄉員集路1段與水森路口", "direction": "東向", "speed_limit": 50}}, {"type": "Feature", "geometry": {"type": "Point", "coordinates": [120.51073, 23.877333]}, "properties": {"id": 317, "type": "fixed_speed", "city": "彰化縣", "district": "北斗鎮", "address": "北斗鎮斗苑路2段與斗苑路2段307巷口", "direction": "東西雙向", "speed_limit": 60}}, {"type": "Feature", "geometry": {"type": "Point", "coordinates": [120.519936, 23.87649]}, "properties": {"id": 318, "type": "fixed_speed", "city": "彰化縣", "district": "北斗鎮", "address": "北斗鎮中山路2段與文苑路1段路口", "direction": "南北雙向", "speed_limit": 50}}, {"type": "Feature", "geometry": {"type": "Point", "coordinates": [120.554985, 23.869879]}, "properties": {"id": 319, "type": "fixed_speed", "city": "彰化縣", "district": "北斗鎮", "address": "北斗鎮斗中路與拓農路口", "direction": "西向", "speed_limit": 60}}, {"type": "Feature", "geometry": {"type": "Point", "coordinates": [120.359566, 23.889494]}, "properties": {"id": 320, "type": "fixed_speed", "city": "彰化縣", "district": "二林鎮", "address": "二林鎮二城路6號前", "direction": "南北雙向", "speed_limit": 50}}, {"type": "Feature", "geometry": {"type": "Point", "coordinates": [120.411224, 23.918367]}, "properties": {"id": 321, "type": "fixed_speed", "city": "彰化縣", "district": "二林鎮", "address": "二林鎮太平路與修心路口(縣道)", "direction": "東西雙向", "speed_limit": 60}}, {"type": "Feature", "geometry": {"type": "Point", "coordinates": [120.4359, 23.93027]}, "properties": {"id": 322, "type": "fixed_speed", "city": "彰化縣", "district": "二林鎮", "address": "彰化縣二林鎮中科二林大道近產學三路(彰130鄉道)", "direction": "雙向", "speed_limit": 60}}, {"type": "Feature", "geometry": {"type": "Point", "coordinates": [120.52863, 23.891409]}, "properties": {"id": 323, "type": "fixed_speed", "city": "彰化縣", "district": "田尾鄉", "address": "田尾鄉台1線214.6公里", "direction": "南向", "speed_limit": 50}}, {"type": "Feature", "geometry": {"type": "Point", "coordinates": [120.533394, 23.89537]}, "properties": {"id": 324, "type": "fixed_speed", "city": "彰化縣", "district": "田尾鄉", "address": "田尾鄉台1線214公里", "direction": "北向", "speed_limit": 70}}, {"type": "Feature", "geometry": {"type": "Point", "coordinates": [120.53388, 23.896322]}, "properties": {"id": 325, "type": "fixed_speed", "city": "彰化縣", "district": "田尾鄉", "address": "田尾鄉中山路2段與公園東路口", "direction": "南向", "speed_limit": 70}}, {"type": "Feature", "geometry": {"type": "Point", "coordinates": [120.44746, 23.850615]}, "properties": {"id": 326, "type": "fixed_speed", "city": "彰化縣", "district": "埤頭鄉", "address": "埤頭鄉縣152線16.5公里", "direction": "東西雙向", "speed_limit": 60}}, {"type": "Feature", "geometry": {"type": "Point", "coordinates": [120.47002, 23.89789]}, "properties": {"id": 327, "type": "fixed_speed", "city": "彰化縣", "district": "埤頭鄉", "address": "埤頭鄉東環路與庄子路282巷路口", "direction": "南北雙向", "speed_limit": 70}}, {"type": "Feature", "geometry": {"type": "Point", "coordinates": [120.4732, 23.884268]}, "properties": {"id": 328, "type": "fixed_speed", "city": "彰化縣", "district": "埤頭鄉", "address": "埤頭鄉台19線25.3公里(東外環)", "direction": "南北雙向", "speed_limit": 70}}, {"type": "Feature", "geometry": {"type": "Point", "coordinates": [120.487366, 23.888147]}, "properties": {"id": 329, "type": "fixed_speed", "city": "彰化縣", "district": "埤頭鄉", "address": "埤頭鄉斗苑東路313號前", "direction": "東向", "speed_limit": 60}}, {"type": "Feature", "geometry": {"type": "Point", "coordinates": [120.340614, 23.910868]}, "properties": {"id": 330, "type": "fixed_speed", "city": "彰化縣", "district": "芳苑鄉", "address": "芳苑鄉斗苑路頂後段與路平路口", "direction": "東西雙向", "speed_limit": 60}}, {"type": "Feature", "geometry": {"type": "Point", "coordinates": [120.38227, 23.96108]}, "properties": {"id": 331, "type": "fixed_speed", "city": "彰化縣", "district": "芳苑鄉", "address": "芳苑鄉功湖北路1段與草漢路草1段口", "direction": "西向", "speed_limit": 60}}, {"type": "Feature", "geometry": {"type": "Point", "coordinates": [120.30887, 23.85626]}, "properties": {"id": 332, "type": "fixed_speed", "city": "彰化縣", "district": "大城鄉", "address": "大城鄉南平路與上和路3段口", "direction": "東向", "speed_limit": 50}}, {"type": "Feature", "geometry": {"type": "Point", "coordinates": [120.40027, 23.847757]}, "properties": {"id": 333, "type": "fixed_speed", "city": "彰化縣", "district": "竹塘鄉", "address": "竹塘鄉中央路1段與東陽路2段口", "direction": "南向", "speed_limit": 70}}, {"type": "Feature", "geometry": {"type": "Point", "coordinates": [120.43808, 23.866404]}, "properties": {"id": 334, "type": "fixed_speed", "city": "彰化縣", "district": "竹塘鄉", "address": "竹塘鄉中央路2段大湖路口", "direction": "南北雙向", "speed_limit": 70}}, {"type": "Feature", "geometry": {"type": "Point", "coordinates": [120.46372, 23.826359]}, "properties": {"id": 335, "type": "fixed_speed", "city": "彰化縣", "district": "溪州鄉", "address": "溪州鄉中山路1段與彰水路1段口", "direction": "南北雙向", "speed_limit": 50}}, {"type": "Feature", "geometry": {"type": "Point", "coordinates": [120.49853, 23.8568]}, "properties": {"id": 336, "type": "fixed_speed", "city": "彰化縣", "district": "溪州鄉", "address": "溪州鄉台1線219.7公里(溪洲外環道)", "direction": "南北雙向", "speed_limit": 70}}, {"type": "Feature", "geometry": {"type": "Point", "coordinates": [120.50349, 23.858393]}, "properties": {"id": 337, "type": "fixed_speed", "city": "彰化縣", "district": "溪州鄉", "address": "溪州鄉中山路3段與莒光路口", "direction": "北向", "speed_limit": 70}}, {"type": "Feature", "geometry": {"type": "Point", "coordinates": [120.50838, 23.8635]}, "properties": {"id": 338, "type": "fixed_speed", "city": "彰化縣", "district": "溪州鄉", "address": "溪州鄉中山路4段287號(台1線218.4公里處)", "direction": "南北雙向", "speed_limit": 70}}, {"type": "Feature", "geometry": {"type": "Point", "coordinates": [120.637566, 23.91971]}, "properties": {"id": 339, "type": "fixed_speed", "city": "南投縣", "district": "南投市", "address": "139線35.95公里處", "direction": "南北雙向", "speed_limit": 50}}, {"type": "Feature", "geometry": {"type": "Point", "coordinates": [120.66728, 23.930708]}, "properties": {"id": 340, "type": "fixed_speed", "city": "南投縣", "district": "南投市", "address": "南崗三路及成功三路口", "direction": "南北雙向", "speed_limit": 60}}, {"type": "Feature", "geometry": {"type": "Point", "coordinates": [120.67903, 23.928667]}, "properties": {"id": 341, "type": "fixed_speed", "city": "南投縣", "district": "南投市", "address": "華陽路850號", "direction": "南北雙向", "speed_limit": 60}}, {"type": "Feature", "geometry": {"type": "Point", "coordinates": [120.67985, 23.90651]}, "properties": {"id": 342, "type": "fixed_speed", "city": "南投縣", "district": "南投市", "address": "南投市南崗一(二)路與民族路口", "direction": "南北雙向", "speed_limit": 60}}, {"type": "Feature", "geometry": {"type": "Point", "coordinates": [120.686226, 23.93615]}, "properties": {"id": 343, "type": "fixed_speed", "city": "南投縣", "district": "南投市", "address": "南投市東閔路1.35公里處", "direction": "南北雙向", "speed_limit": 60}}, {"type": "Feature", "geometry": {"type": "Point", "coordinates": [120.68987, 23.888296]}, "properties": {"id": 344, "type": "fixed_speed", "city": "南投縣", "district": "南投市", "address": "臺3線215.5公里", "direction": "南北雙向", "speed_limit": 60}}, {"type": "Feature", "geometry": {"type": "Point", "coordinates": [120.690674, 23.907316]}, "properties": {"id": 345, "type": "fixed_speed", "city": "南投縣", "district": "南投市", "address": "臺14乙線及南陽路口", "direction": "南北雙向", "speed_limit": 50}}, {"type": "Feature", "geometry": {"type": "Point", "coordinates": [120.95306, 23.970133]}, "properties": {"id": 346, "type": "fixed_speed", "city": "南投縣", "district": "埔里鎮", "address": "信義路、中山路三段與南安路口", "direction": "東西雙向", "speed_limit": 50}}, {"type": "Feature", "geometry": {"type": "Point", "coordinates": [120.97911, 23.9741]}, "properties": {"id": 347, "type": "fixed_speed", "city": "南投縣", "district": "埔里鎮", "address": "中山路一段及信義路口", "direction": "東西雙向", "speed_limit": 50}}, {"type": "Feature", "geometry": {"type": "Point", "coordinates": [120.65508, 23.963615]}, "properties": {"id": 348, "type": "fixed_speed", "city": "南投縣", "district": "草屯鎮", "address": "臺14乙線5.9公里處", "direction": "南北雙向", "speed_limit": 70}}, {"type": "Feature", "geometry": {"type": "Point", "coordinates": [120.67889, 23.986898]}, "properties": {"id": 349, "type": "fixed_speed", "city": "南投縣", "district": "草屯鎮", "address": "新豐路、博愛路及仁愛街口", "direction": "東西雙向", "speed_limit": 60}}, {"type": "Feature", "geometry": {"type": "Point", "coordinates": [120.68033, 23.974607]}, "properties": {"id": 350, "type": "fixed_speed", "city": "南投縣", "district": "草屯鎮", "address": "成功路、草溪路及中興路口", "direction": "南北雙向", "speed_limit": 60}}, {"type": "Feature", "geometry": {"type": "Point", "coordinates": [120.68397, 23.974297]}, "properties": {"id": 351, "type": "fixed_speed", "city": "南投縣", "district": "草屯鎮", "address": "臺3甲、太平路及中興路口", "direction": "東西雙向", "speed_limit": 50}}, {"type": "Feature", "geometry": {"type": "Point", "coordinates": [120.68671, 23.98525]}, "properties": {"id": 352, "type": "fixed_speed", "city": "南投縣", "district": "草屯鎮", "address": "中正路與博愛路口", "direction": "東西雙向", "speed_limit": 60}}, {"type": "Feature", "geometry": {"type": "Point", "coordinates": [120.69453, 24.004614]}, "properties": {"id": 353, "type": "fixed_speed", "city": "南投縣", "district": "草屯鎮", "address": "中正路與大覺路口", "direction": "南北雙向", "speed_limit": 60}}, {"type": "Feature", "geometry": {"type": "Point", "coordinates": [120.722466, 23.996405]}, "properties": {"id": 354, "type": "fixed_speed", "city": "南投縣", "district": "草屯鎮", "address": "永安路1.8公里處(永安路與玉屏路口）", "direction": "南北雙向", "speed_limit": 50}}, {"type": "Feature", "geometry": {"type": "Point", "coordinates": [120.682755, 23.759756]}, "properties": {"id": 355, "type": "fixed_speed", "city": "南投縣", "district": "竹山鎮", "address": "大明路與枋坪巷口(克明宮前)", "direction": "東西雙向", "speed_limit": 60}}, {"type": "Feature", "geometry": {"type": "Point", "coordinates": [120.70938, 23.789066]}, "properties": {"id": 356, "type": "fixed_speed", "city": "南投縣", "district": "竹山鎮", "address": "臺3線227.7公里", "direction": "南北雙向", "speed_limit": 60}}, {"type": "Feature", "geometry": {"type": "Point", "coordinates": [120.75099, 23.814339]}, "properties": {"id": 357, "type": "fixed_speed", "city": "南投縣", "district": "竹山鎮", "address": "臺3丙線4.7公里處", "direction": "東西雙向", "speed_limit": 50}}, {"type": "Feature", "geometry": {"type": "Point", "coordinates": [120.78453, 23.822039]}, "properties": {"id": 358, "type": "fixed_speed", "city": "南投縣", "district": "集集鎮", "address": "臺16線與集鹿路口", "direction": "東西雙向", "speed_limit": 70}}, {"type": "Feature", "geometry": {"type": "Point", "coordinates": [120.69959, 23.842667]}, "properties": {"id": 359, "type": "fixed_speed", "city": "南投縣", "district": "名間鄉", "address": "彰南路與名松路一段路口", "direction": "南北雙向", "speed_limit": 60}}, {"type": "Feature", "geometry": {"type": "Point", "coordinates": [120.71021, 23.832108]}, "properties": {"id": 360, "type": "fixed_speed", "city": "南投縣", "district": "名間鄉", "address": "臺16線及臺3線路口", "direction": "東西雙向", "speed_limit": 60}}, {"type": "Feature", "geometry": {"type": "Point", "coordinates": [120.76845, 23.732643]}, "properties": {"id": 361, "type": "fixed_speed", "city": "南投縣", "district": "鹿谷鄉", "address": "151線10.07公里處", "direction": "南北雙向", "speed_limit": 50}}, {"type": "Feature", "geometry": {"type": "Point", "coordinates": [120.71774, 23.894646]}, "properties": {"id": 362, "type": "fixed_speed", "city": "南投縣", "district": "中寮鄉", "address": "139線47.5公里處", "direction": "東西雙向", "speed_limit": 50}}, {"type": "Feature", "geometry": {"type": "Point", "coordinates": [120.92913, 23.94172]}, "properties": {"id": 363, "type": "fixed_speed", "city": "南投縣", "district": "魚池鄉", "address": "臺21線53.8K至51.1K(北向)/臺21線51.1K至53.9K(南向)", "direction": "南北雙向(區間測速)", "speed_limit": 60}}, {"type": "Feature", "geometry": {"type": "Point", "coordinates": [120.84806, 24.01532]}, "properties": {"id": 364, "type": "fixed_speed", "city": "南投縣", "district": "國姓鄉", "address": "臺14線40.1公里處", "direction": "南北雙向", "speed_limit": 70}}, {"type": "Feature", "geometry": {"type": "Point", "coordinates": [120.85223, 23.807232]}, "properties": {"id": 365, "type": "fixed_speed", "city": "南投縣", "district": "水里鄉", "address": "中山路一段、八德街及南湖路口", "direction": "北往南", "speed_limit": 50}}, {"type": "Feature", "geometry": {"type": "Point", "coordinates": [120.87654, 23.662935]}, "properties": {"id": 366, "type": "fixed_speed", "city": "南投縣", "district": "信義鄉", "address": "臺21線93.1公里處(臺21線與敦福路口)", "direction": "南向北", "speed_limit": 50}}, {"type": "Feature", "geometry": {"type": "Point", "coordinates": [121.083916, 24.0022]}, "properties": {"id": 367, "type": "fixed_speed", "city": "南投縣", "district": "仁愛鄉", "address": "臺14線70.7公里處", "direction": "東西雙向", "speed_limit": 50}}, {"type": "Feature", "geometry": {"type": "Point", "coordinates": [120.50823, 23.691448]}, "properties": {"id": 368, "type": "fixed_speed", "city": "雲林縣", "district": "斗六市", "address": "台1丁線公路與久安路口", "direction": "西向東", "speed_limit": 70}}, {"type": "Feature", "geometry": {"type": "Point", "coordinates": [120.50892, 23.750086]}, "properties": {"id": 369, "type": "fixed_speed", "city": "雲林縣", "district": "斗六市", "address": "莿桐鄉臺 1 丁線中正路與農校路 口(莿桐國中旁)", "direction": "南北雙向", "speed_limit": 60}}, {"type": "Feature", "geometry": {"type": "Point", "coordinates": [120.53039, 23.715603]}, "properties": {"id": 370, "type": "fixed_speed", "city": "雲林縣", "district": "斗六市", "address": "斗六市西平路與正心路口", "direction": "北向南", "speed_limit": 50}}, {"type": "Feature", "geometry": {"type": "Point", "coordinates": [120.532234, 23.69978]}, "properties": {"id": 371, "type": "fixed_speed", "city": "雲林縣", "district": "斗六市", "address": "斗六市明德路與公明路路口", "direction": "東向西", "speed_limit": 50}}, {"type": "Feature", "geometry": {"type": "Point", "coordinates": [120.53308, 23.695944]}, "properties": {"id": 372, "type": "fixed_speed", "city": "雲林縣", "district": "斗六市", "address": "大學路與雲林科技大學前路口", "direction": "西向東", "speed_limit": 60}}, {"type": "Feature", "geometry": {"type": "Point", "coordinates": [120.53748, 23.696798]}, "properties": {"id": 373, "type": "fixed_speed", "city": "雲林縣", "district": "斗六市", "address": "斗六市大學路與中山路路口", "direction": "西向東", "speed_limit": 60}}, {"type": "Feature", "geometry": {"type": "Point", "coordinates": [120.542336, 23.697744]}, "properties": {"id": 374, "type": "fixed_speed", "city": "雲林縣", "district": "斗六市", "address": "斗六市大學路與鎮南路路口", "direction": "西向東", "speed_limit": 60}}, {"type": "Feature", "geometry": {"type": "Point", "coordinates": [120.542625, 23.718184]}, "properties": {"id": 375, "type": "fixed_speed", "city": "雲林縣", "district": "斗六市", "address": "斗六市鎮北路與明德北路", "direction": "東西雙向", "speed_limit": 60}}, {"type": "Feature", "geometry": {"type": "Point", "coordinates": [120.54649, 23.699762]}, "properties": {"id": 376, "type": "fixed_speed", "city": "雲林縣", "district": "斗六市", "address": "台3線公路252k+65m處", "direction": "南向北", "speed_limit": 60}}, {"type": "Feature", "geometry": {"type": "Point", "coordinates": [120.55062, 23.717327]}, "properties": {"id": 377, "type": "fixed_speed", "city": "雲林縣", "district": "斗六市", "address": "斗六市明德北路與育英北街路口", "direction": "東向西", "speed_limit": 60}}, {"type": "Feature", "geometry": {"type": "Point", "coordinates": [120.55256, 23.680202]}, "properties": {"id": 378, "type": "fixed_speed", "city": "雲林縣", "district": "斗六市", "address": "154乙縣道13k+200m處(環科大前)", "direction": "南北雙向", "speed_limit": 60}}, {"type": "Feature", "geometry": {"type": "Point", "coordinates": [120.55346, 23.702805]}, "properties": {"id": 379, "type": "fixed_speed", "city": "雲林縣", "district": "斗六市", "address": "斗六市台3線公路與成功路口", "direction": "南向北", "speed_limit": 70}}, {"type": "Feature", "geometry": {"type": "Point", "coordinates": [120.55724, 23.712954]}, "properties": {"id": 380, "type": "fixed_speed", "city": "雲林縣", "district": "斗六市", "address": "斗六市文化路與大學路口", "direction": "南北雙向", "speed_limit": 50}}, {"type": "Feature", "geometry": {"type": "Point", "coordinates": [120.56408, 23.73015]}, "properties": {"id": 381, "type": "fixed_speed", "city": "雲林縣", "district": "斗六市", "address": "斗六市雲科路一段與科班路路口(158縣道43.7K)", "direction": "西向東", "speed_limit": 50}}, {"type": "Feature", "geometry": {"type": "Point", "coordinates": [120.568954, 23.717222]}, "properties": {"id": 382, "type": "fixed_speed", "city": "雲林縣", "district": "斗六市", "address": "台3線公路248k+970m處", "direction": "南向北", "speed_limit": 60}}, {"type": "Feature", "geometry": {"type": "Point", "coordinates": [120.5833, 23.722673]}, "properties": {"id": 383, "type": "fixed_speed", "city": "雲林縣", "district": "斗六市", "address": "斗六市台3線公路247k+450m處(榴中派出所前)", "direction": "南北雙向", "speed_limit": 50}}, {"type": "Feature", "geometry": {"type": "Point", "coordinates": [120.450134, 23.674978]}, "properties": {"id": 384, "type": "fixed_speed", "city": "雲林縣", "district": "斗南鎮", "address": "台78線快速公路29k+400m處(東向西)", "direction": "東向西", "speed_limit": 100}}, {"type": "Feature", "geometry": {"type": "Point", "coordinates": [120.45189, 23.673025]}, "properties": {"id": 385, "type": "fixed_speed", "city": "雲林縣", "district": "斗南鎮", "address": "台78線快速公路29k+400m處(西向東)", "direction": "西向東", "speed_limit": 100}}, {"type": "Feature", "geometry": {"type": "Point", "coordinates": [120.46926, 23.67784]}, "properties": {"id": 386, "type": "fixed_speed", "city": "雲林縣", "district": "斗南鎮", "address": "斗南鎮建國二路與中興路口(北往南)", "direction": "北往南", "speed_limit": 50}}, {"type": "Feature", "geometry": {"type": "Point", "coordinates": [120.47478, 23.667603]}, "properties": {"id": 387, "type": "fixed_speed", "city": "雲林縣", "district": "斗南鎮", "address": "斗南鎮台1線僑真國小前", "direction": "北向南", "speed_limit": 50}}, {"type": "Feature", "geometry": {"type": "Point", "coordinates": [120.47628, 23.676558]}, "properties": {"id": 388, "type": "fixed_speed", "city": "雲林縣", "district": "斗南鎮", "address": "斗南鎮延平路與大同路路口", "direction": "南向北", "speed_limit": 50}}, {"type": "Feature", "geometry": {"type": "Point", "coordinates": [120.47726, 23.68877]}, "properties": {"id": 389, "type": "fixed_speed", "city": "雲林縣", "district": "斗南鎮", "address": "斗南鎮大展路與東科三路", "direction": "南往北", "speed_limit": 50}}, {"type": "Feature", "geometry": {"type": "Point", "coordinates": [120.479965, 23.69333]}, "properties": {"id": 390, "type": "fixed_speed", "city": "雲林縣", "district": "斗南鎮", "address": "斗南鎮延平路與大業路路口", "direction": "南向北", "speed_limit": 60}}, {"type": "Feature", "geometry": {"type": "Point", "coordinates": [120.48054, 23.68612]}, "properties": {"id": 391, "type": "fixed_speed", "city": "雲林縣", "district": "斗南鎮", "address": "斗南鎮延平路與光華路路口", "direction": "北向南", "speed_limit": 60}}, {"type": "Feature", "geometry": {"type": "Point", "coordinates": [120.480835, 23.679546]}, "properties": {"id": 392, "type": "fixed_speed", "city": "雲林縣", "district": "斗南鎮", "address": "台1線公路與文昌路口(南向北)", "direction": "南向北", "speed_limit": 60}}, {"type": "Feature", "geometry": {"type": "Point", "coordinates": [120.48086, 23.68034]}, "properties": {"id": 393, "type": "fixed_speed", "city": "雲林縣", "district": "斗南鎮", "address": "台1線公路與文昌路口(北向南)", "direction": "北向南", "speed_limit": 60}}, {"type": "Feature", "geometry": {"type": "Point", "coordinates": [120.49234, 23.68357]}, "properties": {"id": 394, "type": "fixed_speed", "city": "雲林縣", "district": "斗南鎮", "address": "斗南鎮台1丁線12k+800m(新光陸橋-斗南往斗六)", "direction": "西向東", "speed_limit": 60}}, {"type": "Feature", "geometry": {"type": "Point", "coordinates": [120.49306, 23.683113]}, "properties": {"id": 395, "type": "fixed_speed", "city": "雲林縣", "district": "斗南鎮", "address": "斗南鎮新生二路東明橋北端", "direction": "南向北", "speed_limit": 50}}, {"type": "Feature", "geometry": {"type": "Point", "coordinates": [120.49349, 23.683903]}, "properties": {"id": 396, "type": "fixed_speed", "city": "雲林縣", "district": "斗南鎮", "address": "斗南鎮台1丁線12k+700m(新光陸橋東側-斗六往斗南)", "direction": "東向西", "speed_limit": 60}}, {"type": "Feature", "geometry": {"type": "Point", "coordinates": [120.385086, 23.708435]}, "properties": {"id": 397, "type": "fixed_speed", "city": "雲林縣", "district": "虎尾鎮", "address": "虎尾鎮 158 縣道與雲 97 鄉道路口 (21k+630m 處)", "direction": "東向西", "speed_limit": 70}}, {"type": "Feature", "geometry": {"type": "Point", "coordinates": [120.396, 23.736464]}, "properties": {"id": 398, "type": "fixed_speed", "city": "雲林縣", "district": "虎尾鎮", "address": "科虎三路18號(元翎科技公司)", "direction": "北往南", "speed_limit": 60}}, {"type": "Feature", "geometry": {"type": "Point", "coordinates": [120.42356, 23.717049]}, "properties": {"id": 399, "type": "fixed_speed", "city": "雲林縣", "district": "虎尾鎮", "address": "虎尾鎮文科路與廉使路路口", "direction": "西向東", "speed_limit": 60}}, {"type": "Feature", "geometry": {"type": "Point", "coordinates": [120.43605, 23.719143]}, "properties": {"id": 400, "type": "fixed_speed", "city": "雲林縣", "district": "虎尾鎮", "address": "虎尾鎮158縣道與博愛路口", "direction": "西向東", "speed_limit": 60}}, {"type": "Feature", "geometry": {"type": "Point", "coordinates": [120.44133, 23.717178]}, "properties": {"id": 401, "type": "fixed_speed", "city": "雲林縣", "district": "虎尾鎮", "address": "虎尾鎮158縣道與林森路一段路口", "direction": "東向西", "speed_limit": 60}}, {"type": "Feature", "geometry": {"type": "Point", "coordinates": [120.44583, 23.709593]}, "properties": {"id": 402, "type": "fixed_speed", "city": "雲林縣", "district": "虎尾鎮", "address": "虎尾鎮文科路與光復路路口", "direction": "西向東", "speed_limit": 60}}, {"type": "Feature", "geometry": {"type": "Point", "coordinates": [120.458275, 23.735708]}, "properties": {"id": 403, "type": "fixed_speed", "city": "雲林縣", "district": "虎尾鎮", "address": "虎尾鎮145乙縣道與雲71線路口前(東向西)", "direction": "東向西", "speed_limit": 60}}, {"type": "Feature", "geometry": {"type": "Point", "coordinates": [120.488884, 23.727798]}, "properties": {"id": 404, "type": "fixed_speed", "city": "雲林縣", "district": "虎尾鎮", "address": "虎尾鎮台1線236k+900m處(南往北)", "direction": "南往北", "speed_limit": 70}}, {"type": "Feature", "geometry": {"type": "Point", "coordinates": [120.425934, 23.747486]}, "properties": {"id": 405, "type": "fixed_speed", "city": "雲林縣", "district": "西螺鎮", "address": "西螺鎮 145 縣道 16k+650m 處", "direction": "南北雙向", "speed_limit": 50}}, {"type": "Feature", "geometry": {"type": "Point", "coordinates": [120.43022, 23.785646]}, "properties": {"id": 406, "type": "fixed_speed", "city": "雲林縣", "district": "西螺鎮", "address": "154甲縣道1k處(高鐵橋下)", "direction": "東西雙向", "speed_limit": 60}}, {"type": "Feature", "geometry": {"type": "Point", "coordinates": [120.44506, 23.778845]}, "properties": {"id": 407, "type": "fixed_speed", "city": "雲林縣", "district": "西螺鎮", "address": "西螺鎮145縣道12k+600m處(南往北)", "direction": "南向北", "speed_limit": 60}}, {"type": "Feature", "geometry": {"type": "Point", "coordinates": [120.45571, 23.806501]}, "properties": {"id": 408, "type": "fixed_speed", "city": "雲林縣", "district": "西螺鎮", "address": "西螺鎮雲24鄉道(西螺森活武樹園區前)", "direction": "東西雙向", "speed_limit": 50}}, {"type": "Feature", "geometry": {"type": "Point", "coordinates": [120.46766, 23.795057]}, "properties": {"id": 409, "type": "fixed_speed", "city": "雲林縣", "district": "西螺鎮", "address": "西螺鎮大同路與興農東(西)路口", "direction": "東西雙向", "speed_limit": 50}}, {"type": "Feature", "geometry": {"type": "Point", "coordinates": [120.47045, 23.790707]}, "properties": {"id": 410, "type": "fixed_speed", "city": "雲林縣", "district": "西螺鎮", "address": "西螺鎮台1線公路與振興路口", "direction": "北往南", "speed_limit": 50}}, {"type": "Feature", "geometry": {"type": "Point", "coordinates": [120.47077, 23.789797]}, "properties": {"id": 411, "type": "fixed_speed", "city": "雲林縣", "district": "西螺鎮", "address": "西螺鎮台1線公路與振興路口", "direction": "南往北", "speed_limit": 50}}, {"type": "Feature", "geometry": {"type": "Point", "coordinates": [120.351364, 23.706821]}, "properties": {"id": 412, "type": "fixed_speed", "city": "雲林縣", "district": "土庫鎮", "address": "土庫鎮158甲縣道14k+70m處 (馬光國小後門)", "direction": "東西雙向", "speed_limit": 40}}, {"type": "Feature", "geometry": {"type": "Point", "coordinates": [120.35221, 23.701073]}, "properties": {"id": 413, "type": "fixed_speed", "city": "雲林縣", "district": "土庫鎮", "address": "土庫鎮158縣道18k處", "direction": "西向東", "speed_limit": 70}}, {"type": "Feature", "geometry": {"type": "Point", "coordinates": [120.36396, 23.661173]}, "properties": {"id": 414, "type": "fixed_speed", "city": "雲林縣", "district": "土庫鎮", "address": "土庫鎮 145 縣道 32 公里處", "direction": "南北雙向", "speed_limit": 60}}, {"type": "Feature", "geometry": {"type": "Point", "coordinates": [120.38855, 23.670492]}, "properties": {"id": 415, "type": "fixed_speed", "city": "雲林縣", "district": "土庫鎮", "address": "土庫鎮145縣道29k處(土庫外環道)", "direction": "南北雙向", "speed_limit": 60}}, {"type": "Feature", "geometry": {"type": "Point", "coordinates": [120.395, 23.679155]}, "properties": {"id": 416, "type": "fixed_speed", "city": "雲林縣", "district": "土庫鎮", "address": "土庫鎮建國路與林森路路口", "direction": "南向北", "speed_limit": 50}}, {"type": "Feature", "geometry": {"type": "Point", "coordinates": [120.2994, 23.583763]}, "properties": {"id": 417, "type": "fixed_speed", "city": "雲林縣", "district": "北港鎮", "address": "北港鎮台19線公路與145線道路口(北辰派出所前)", "direction": "北向南", "speed_limit": 50}}, {"type": "Feature", "geometry": {"type": "Point", "coordinates": [120.30209, 23.592915]}, "properties": {"id": 418, "type": "fixed_speed", "city": "雲林縣", "district": "北港鎮", "address": "北港鎮僑美國小(臺 19 線華勝路)", "direction": "南北雙向", "speed_limit": 50}}, {"type": "Feature", "geometry": {"type": "Point", "coordinates": [120.307785, 23.589163]}, "properties": {"id": 419, "type": "fixed_speed", "city": "雲林縣", "district": "北港鎮", "address": "北港鎮145縣道42k+500m處(媽祖醫院前路口)", "direction": "南往北", "speed_limit": 60}}, {"type": "Feature", "geometry": {"type": "Point", "coordinates": [120.32356, 23.596136]}, "properties": {"id": 420, "type": "fixed_speed", "city": "雲林縣", "district": "北港鎮", "address": "北港鎮145縣道40k+750m處", "direction": "南北雙向", "speed_limit": 60}}, {"type": "Feature", "geometry": {"type": "Point", "coordinates": [120.54913, 23.623583]}, "properties": {"id": 421, "type": "fixed_speed", "city": "雲林縣", "district": "古坑鄉", "address": "古坑鄉台 3線公路261k+850m處", "direction": "南北雙向", "speed_limit": 50}}, {"type": "Feature", "geometry": {"type": "Point", "coordinates": [120.59753, 23.596443]}, "properties": {"id": 422, "type": "fixed_speed", "city": "雲林縣", "district": "古坑鄉", "address": "古坑鄉149縣道32k+700M處", "direction": "東西雙向", "speed_limit": 40}}, {"type": "Feature", "geometry": {"type": "Point", "coordinates": [120.45549, 23.658314]}, "properties": {"id": 423, "type": "fixed_speed", "city": "雲林縣", "district": "大埤鄉", "address": "大埤鄉157線公路2k+130m", "direction": "南北雙向", "speed_limit": 60}}, {"type": "Feature", "geometry": {"type": "Point", "coordinates": [120.46827, 23.63372]}, "properties": {"id": 424, "type": "fixed_speed", "city": "雲林縣", "district": "大埤鄉", "address": "台1線公路247k+500m處(豐田段)", "direction": "南向北", "speed_limit": 70}}, {"type": "Feature", "geometry": {"type": "Point", "coordinates": [120.47026, 23.643394]}, "properties": {"id": 425, "type": "fixed_speed", "city": "雲林縣", "district": "大埤鄉", "address": "大埤鄉延平路三段與嘉興東路(北往南)", "direction": "北向南", "speed_limit": 70}}, {"type": "Feature", "geometry": {"type": "Point", "coordinates": [120.494446, 23.742592]}, "properties": {"id": 426, "type": "fixed_speed", "city": "雲林縣", "district": "莿桐鄉", "address": "台1線公路235k+592m處", "direction": "南北雙向", "speed_limit": 60}}, {"type": "Feature", "geometry": {"type": "Point", "coordinates": [120.49661, 23.757978]}, "properties": {"id": 427, "type": "fixed_speed", "city": "雲林縣", "district": "莿桐鄉", "address": "莿桐鄉台1線與中正路口(北往南)", "direction": "北向南", "speed_limit": 60}}, {"type": "Feature", "geometry": {"type": "Point", "coordinates": [120.496765, 23.757647]}, "properties": {"id": 428, "type": "fixed_speed", "city": "雲林縣", "district": "莿桐鄉", "address": "莿桐鄉台1線與中正路口", "direction": "南向北", "speed_limit": 60}}, {"type": "Feature", "geometry": {"type": "Point", "coordinates": [120.506424, 23.766708]}, "properties": {"id": 429, "type": "fixed_speed", "city": "雲林縣", "district": "莿桐鄉", "address": "156縣道與莿桐外環道(孩沙里)路口", "direction": "北向南", "speed_limit": 60}}, {"type": "Feature", "geometry": {"type": "Point", "coordinates": [120.644, 23.770504]}, "properties": {"id": 430, "type": "fixed_speed", "city": "雲林縣", "district": "林內鄉", "address": "台3線公路238k+268m處", "direction": "南向北", "speed_limit": 60}}, {"type": "Feature", "geometry": {"type": "Point", "coordinates": [120.38286, 23.800879]}, "properties": {"id": 431, "type": "fixed_speed", "city": "雲林縣", "district": "二崙鄉", "address": "二崙鄉台19線公路40km+200m", "direction": "南北雙向", "speed_limit": 60}}, {"type": "Feature", "geometry": {"type": "Point", "coordinates": [120.40996, 23.755796]}, "properties": {"id": 432, "type": "fixed_speed", "city": "雲林縣", "district": "二崙鄉", "address": "二崙鄉156甲縣道0k+700m處", "direction": "南北雙向", "speed_limit": 50}}, {"type": "Feature", "geometry": {"type": "Point", "coordinates": [120.33265, 23.767534]}, "properties": {"id": 433, "type": "fixed_speed", "city": "雲林縣", "district": "崙背鄉", "address": "崙背鄉156縣道7k+700m", "direction": "東西雙向", "speed_limit": 60}}, {"type": "Feature", "geometry": {"type": "Point", "coordinates": [120.2346, 23.792048]}, "properties": {"id": 434, "type": "fixed_speed", "city": "雲林縣", "district": "麥寮鄉", "address": "麥寮鄉工業路與雲3號路口(西向東)", "direction": "西向東", "speed_limit": 60}}, {"type": "Feature", "geometry": {"type": "Point", "coordinates": [120.23678, 23.79157]}, "properties": {"id": 435, "type": "fixed_speed", "city": "雲林縣", "district": "麥寮鄉", "address": "麥寮鄉工業路與4k+500m處路口", "direction": "西向東", "speed_limit": 70}}, {"type": "Feature", "geometry": {"type": "Point", "coordinates": [120.24613, 23.76108]}, "properties": {"id": 436, "type": "fixed_speed", "city": "雲林縣", "district": "麥寮鄉", "address": "麥寮鄉雲1與雲2-1鄉道路口(雲1鄉道7k+800m處)", "direction": "南往北", "speed_limit": 60}}, {"type": "Feature", "geometry": {"type": "Point", "coordinates": [120.25452, 23.737625]}, "properties": {"id": 437, "type": "fixed_speed", "city": "雲林縣", "district": "麥寮鄉", "address": "麥寮鄉台61線西濱快速公路223k處(麥寮段)", "direction": "北向南", "speed_limit": 90}}, {"type": "Feature", "geometry": {"type": "Point", "coordinates": [120.27038, 23.789198]}, "properties": {"id": 438, "type": "fixed_speed", "city": "雲林縣", "district": "麥寮鄉", "address": "麥寮鄉台17線公路與工業路口", "direction": "西向東", "speed_limit": 70}}, {"type": "Feature", "geometry": {"type": "Point", "coordinates": [120.271, 23.788769]}, "properties": {"id": 439, "type": "fixed_speed", "city": "雲林縣", "district": "麥寮鄉", "address": "麥寮鄉台17線公路與工業路口", "direction": "南向北", "speed_limit": 60}}, {"type": "Feature", "geometry": {"type": "Point", "coordinates": [120.278656, 23.796333]}, "properties": {"id": 440, "type": "fixed_speed", "city": "雲林縣", "district": "麥寮鄉", "address": "麥寮鄉台17線公路與154縣道路口(橋頭)", "direction": "北向南", "speed_limit": 60}}, {"type": "Feature", "geometry": {"type": "Point", "coordinates": [120.24059, 23.655493]}, "properties": {"id": 441, "type": "fixed_speed", "city": "雲林縣", "district": "東勢鄉", "address": "東勢鄉雲113線2k+450m處(東往西)", "direction": "東向西", "speed_limit": 60}}, {"type": "Feature", "geometry": {"type": "Point", "coordinates": [120.25464, 23.698496]}, "properties": {"id": 442, "type": "fixed_speed", "city": "雲林縣", "district": "東勢鄉", "address": "東勢鄉 153 縣道安南與昌南路口 (4k+700m 處)", "direction": "南向北", "speed_limit": 60}}, {"type": "Feature", "geometry": {"type": "Point", "coordinates": [120.25528, 23.738638]}, "properties": {"id": 443, "type": "fixed_speed", "city": "雲林縣", "district": "東勢鄉", "address": "東勢鄉153縣道1k處", "direction": "北向南", "speed_limit": 60}}, {"type": "Feature", "geometry": {"type": "Point", "coordinates": [120.25655, 23.721605]}, "properties": {"id": 444, "type": "fixed_speed", "city": "雲林縣", "district": "東勢鄉", "address": "東勢鄉153縣道與158甲縣道路口", "direction": "北向南", "speed_limit": 60}}, {"type": "Feature", "geometry": {"type": "Point", "coordinates": [120.25662, 23.720882]}, "properties": {"id": 445, "type": "fixed_speed", "city": "雲林縣", "district": "東勢鄉", "address": "東勢鄉153線與158甲線縣道路口", "direction": "南向北", "speed_limit": 60}}, {"type": "Feature", "geometry": {"type": "Point", "coordinates": [120.25901, 23.665485]}, "properties": {"id": 446, "type": "fixed_speed", "city": "雲林縣", "district": "東勢鄉", "address": "東勢鄉153縣道嘉勝路與守密街路口(南向)", "direction": "北向南", "speed_limit": 50}}, {"type": "Feature", "geometry": {"type": "Point", "coordinates": [120.30063, 23.684896]}, "properties": {"id": 447, "type": "fixed_speed", "city": "雲林縣", "district": "東勢鄉", "address": "東勢鄉台78線快速公路13k處(西向東)", "direction": "西向東", "speed_limit": 100}}, {"type": "Feature", "geometry": {"type": "Point", "coordinates": [120.3066, 23.685007]}, "properties": {"id": 448, "type": "fixed_speed", "city": "雲林縣", "district": "東勢鄉", "address": "東勢鄉台78線快速公路13k處(東向西)", "direction": "東向西", "speed_limit": 100}}, {"type": "Feature", "geometry": {"type": "Point", "coordinates": [120.324425, 23.708206]}, "properties": {"id": 449, "type": "fixed_speed", "city": "雲林縣", "district": "褒忠鄉", "address": "褒忠鄉台19線公路53k+500m處", "direction": "南北雙向", "speed_limit": 70}}, {"type": "Feature", "geometry": {"type": "Point", "coordinates": [120.20016, 23.703785]}, "properties": {"id": 450, "type": "fixed_speed", "city": "雲林縣", "district": "臺西鄉", "address": "臺西鄉155縣道民權路47-8號前", "direction": "北向南", "speed_limit": 50}}, {"type": "Feature", "geometry": {"type": "Point", "coordinates": [120.20882, 23.669996]}, "properties": {"id": 451, "type": "fixed_speed", "city": "雲林縣", "district": "臺西鄉", "address": "臺西鄉155縣道4k+800m處", "direction": "南北雙向", "speed_limit": 60}}, {"type": "Feature", "geometry": {"type": "Point", "coordinates": [120.220314, 23.727283]}, "properties": {"id": 452, "type": "fixed_speed", "city": "雲林縣", "district": "臺西鄉", "address": "臺西鄉台61線快速道路226K+850m", "direction": "北向", "speed_limit": 90}}, {"type": "Feature", "geometry": {"type": "Point", "coordinates": [120.288956, 23.655033]}, "properties": {"id": 453, "type": "fixed_speed", "city": "雲林縣", "district": "元長鄉", "address": "元長鄉160縣道15K+650m處", "direction": "東西雙向", "speed_limit": 60}}, {"type": "Feature", "geometry": {"type": "Point", "coordinates": [120.30748, 23.611443]}, "properties": {"id": 454, "type": "fixed_speed", "city": "雲林縣", "district": "元長鄉", "address": "元長鄉台19線64k+450m", "direction": "南北雙向", "speed_limit": 60}}, {"type": "Feature", "geometry": {"type": "Point", "coordinates": [120.309364, 23.618847]}, "properties": {"id": 455, "type": "fixed_speed", "city": "雲林縣", "district": "元長鄉", "address": "元長鄉臺 19 線與雲 168 線路口(63k+500m處)", "direction": "南北雙向", "speed_limit": 50}}, {"type": "Feature", "geometry": {"type": "Point", "coordinates": [120.320786, 23.684612]}, "properties": {"id": 456, "type": "fixed_speed", "city": "雲林縣", "district": "元長鄉", "address": "元長鄉台19線56k+190m(信吉加油站旁)", "direction": "南北雙向", "speed_limit": 70}}, {"type": "Feature", "geometry": {"type": "Point", "coordinates": [120.33531, 23.628597]}, "properties": {"id": 457, "type": "fixed_speed", "city": "雲林縣", "district": "元長鄉", "address": "元長鄉縣道 145 線與雲 172 線 路口(客厝國小旁)", "direction": "南北雙向", "speed_limit": 50}}, {"type": "Feature", "geometry": {"type": "Point", "coordinates": [120.337105, 23.658632]}, "properties": {"id": 458, "type": "fixed_speed", "city": "雲林縣", "district": "元長鄉", "address": "元長鄉160縣道20k+947m處(子茂段)", "direction": "東西雙向", "speed_limit": 60}}, {"type": "Feature", "geometry": {"type": "Point", "coordinates": [120.21172, 23.637644]}, "properties": {"id": 459, "type": "fixed_speed", "city": "雲林縣", "district": "四湖鄉", "address": "四湖鄉160縣道6k+850m處(施湖村中山西路前)", "direction": "東西雙向", "speed_limit": 50}}, {"type": "Feature", "geometry": {"type": "Point", "coordinates": [120.22754, 23.630302]}, "properties": {"id": 460, "type": "fixed_speed", "city": "雲林縣", "district": "四湖鄉", "address": "四湖鄉155線四湖國中前", "direction": "北向南", "speed_limit": 60}}, {"type": "Feature", "geometry": {"type": "Point", "coordinates": [120.26395, 23.647627]}, "properties": {"id": 461, "type": "fixed_speed", "city": "雲林縣", "district": "四湖鄉", "address": "四湖鄉 160 縣道 12k+600m 處", "direction": "東西雙向", "speed_limit": 60}}, {"type": "Feature", "geometry": {"type": "Point", "coordinates": [120.15164, 23.585243]}, "properties": {"id": 462, "type": "fixed_speed", "city": "雲林縣", "district": "口湖鄉", "address": "口湖鄉台61線快速道路246K+100m", "direction": "南向", "speed_limit": 90}}, {"type": "Feature", "geometry": {"type": "Point", "coordinates": [120.16689, 23.623926]}, "properties": {"id": 463, "type": "fixed_speed", "city": "雲林縣", "district": "口湖鄉", "address": "口湖鄉台17線公路97k+842m處", "direction": "南北雙向", "speed_limit": 70}}, {"type": "Feature", "geometry": {"type": "Point", "coordinates": [120.25645, 23.59391]}, "properties": {"id": 464, "type": "fixed_speed", "city": "雲林縣", "district": "水林鄉", "address": "水林鄉雲 156 縣道 1k+700m (水林鄉 51-2 號)", "direction": "東西雙向", "speed_limit": 50}}, {"type": "Feature", "geometry": {"type": "Point", "coordinates": [120.38343, 23.496428]}, "properties": {"id": 465, "type": "fixed_speed", "city": "嘉義縣", "district": "太保市", "address": "太保市159線與中興路二段路口", "direction": "雙向", "speed_limit": 50}}, {"type": "Feature", "geometry": {"type": "Point", "coordinates": [120.24383, 23.455318]}, "properties": {"id": 466, "type": "fixed_speed", "city": "嘉義縣", "district": "朴子市", "address": "朴子市光復新路與台19線路口", "direction": "雙向", "speed_limit": 50}}, {"type": "Feature", "geometry": {"type": "Point", "coordinates": [120.28565, 23.461458]}, "properties": {"id": 467, "type": "fixed_speed", "city": "嘉義縣", "district": "朴子市", "address": "朴子市168線與朴子七路路口", "direction": "雙向", "speed_limit": 50}}, {"type": "Feature", "geometry": {"type": "Point", "coordinates": [120.45609, 23.606342]}, "properties": {"id": 468, "type": "fixed_speed", "city": "嘉義縣", "district": "大林鎮", "address": "大林鎮台1線與中山路口", "direction": "雙向", "speed_limit": 50}}, {"type": "Feature", "geometry": {"type": "Point", "coordinates": [120.4908, 23.604876]}, "properties": {"id": 469, "type": "fixed_speed", "city": "嘉義縣", "district": "大林鎮", "address": "大林鎮162線10.953K", "direction": "雙向", "speed_limit": 60}}, {"type": "Feature", "geometry": {"type": "Point", "coordinates": [120.42705, 23.549925]}, "properties": {"id": 470, "type": "fixed_speed", "city": "嘉義縣", "district": "民雄鄉", "address": "民雄鄉164線與嘉81路口", "direction": "雙向", "speed_limit": 60}}, {"type": "Feature", "geometry": {"type": "Point", "coordinates": [120.43407, 23.549187]}, "properties": {"id": 471, "type": "fixed_speed", "city": "嘉義縣", "district": "民雄鄉", "address": "民雄鄉164線與台1線路口", "direction": "雙向", "speed_limit": 50}}, {"type": "Feature", "geometry": {"type": "Point", "coordinates": [120.43957, 23.578737]}, "properties": {"id": 472, "type": "fixed_speed", "city": "嘉義縣", "district": "民雄鄉", "address": "民雄鄉台1線255.5K(鎮北段)", "direction": "雙向", "speed_limit": 70}}, {"type": "Feature", "geometry": {"type": "Point", "coordinates": [120.440254, 23.520376]}, "properties": {"id": 473, "type": "fixed_speed", "city": "嘉義縣", "district": "民雄鄉", "address": "民雄鄉台1線與中山路工業一路口", "direction": "雙向", "speed_limit": 50}}, {"type": "Feature", "geometry": {"type": "Point", "coordinates": [120.46521, 23.561493]}, "properties": {"id": 474, "type": "fixed_speed", "city": "嘉義縣", "district": "民雄鄉", "address": "民雄鄉大學路一段與正大路一段路口", "direction": "雙向", "speed_limit": 50}}, {"type": "Feature", "geometry": {"type": "Point", "coordinates": [120.47472, 23.522432]}, "properties": {"id": 475, "type": "fixed_speed", "city": "嘉義縣", "district": "民雄鄉", "address": "民雄鄉166線與嘉109線路口", "direction": "雙向", "speed_limit": 50}}, {"type": "Feature", "geometry": {"type": "Point", "coordinates": [120.35586, 23.523249]}, "properties": {"id": 476, "type": "fixed_speed", "city": "嘉義縣", "district": "新港鄉", "address": "新港鄉159線與166線路口", "direction": "南向北", "speed_limit": 60}}, {"type": "Feature", "geometry": {"type": "Point", "coordinates": [120.28789, 23.48825]}, "properties": {"id": 477, "type": "fixed_speed", "city": "嘉義縣", "district": "六腳鄉", "address": "六腳鄉157線29.8K(蒜頭大橋)", "direction": "雙向", "speed_limit": 50}}, {"type": "Feature", "geometry": {"type": "Point", "coordinates": [120.292694, 23.539839]}, "properties": {"id": 478, "type": "fixed_speed", "city": "嘉義縣", "district": "六腳鄉", "address": "台19線73.1K(六美國小)", "direction": "南向北", "speed_limit": 50}}, {"type": "Feature", "geometry": {"type": "Point", "coordinates": [120.16569, 23.441223]}, "properties": {"id": 479, "type": "fixed_speed", "city": "嘉義縣", "district": "東石鄉", "address": "台61線東石鄉264.336K處(往北)", "direction": "往北", "speed_limit": 90}}, {"type": "Feature", "geometry": {"type": "Point", "coordinates": [120.17244, 23.503832]}, "properties": {"id": 480, "type": "fixed_speed", "city": "嘉義縣", "district": "東石鄉", "address": "台61線東石鄉257.31K處(往南)", "direction": "往南", "speed_limit": 90}}, {"type": "Feature", "geometry": {"type": "Point", "coordinates": [120.19099, 23.45666]}, "properties": {"id": 481, "type": "fixed_speed", "city": "嘉義縣", "district": "東石鄉", "address": "東石鄉台82線4.65K", "direction": "雙向", "speed_limit": 70}}, {"type": "Feature", "geometry": {"type": "Point", "coordinates": [120.21225, 23.462511]}, "properties": {"id": 482, "type": "fixed_speed", "city": "嘉義縣", "district": "東石鄉", "address": "東石鄉168線157線與嘉7線路口", "direction": "雙向", "speed_limit": 50}}, {"type": "Feature", "geometry": {"type": "Point", "coordinates": [120.30153, 23.398693]}, "properties": {"id": 483, "type": "fixed_speed", "city": "嘉義縣", "district": "鹿草鄉", "address": "鹿草鄉163線21.65K", "direction": "雙向", "speed_limit": 50}}, {"type": "Feature", "geometry": {"type": "Point", "coordinates": [120.38359, 23.40855]}, "properties": {"id": 484, "type": "fixed_speed", "city": "嘉義縣", "district": "水上鄉", "address": "水上鄉台1線277.51K(南靖段)", "direction": "雙向", "speed_limit": 70}}, {"type": "Feature", "geometry": {"type": "Point", "coordinates": [120.39813, 23.433348]}, "properties": {"id": 485, "type": "fixed_speed", "city": "嘉義縣", "district": "水上鄉", "address": "水上鄉台1線與168線路口", "direction": "雙向", "speed_limit": 50}}, {"type": "Feature", "geometry": {"type": "Point", "coordinates": [120.47146, 23.459585]}, "properties": {"id": 486, "type": "fixed_speed", "city": "嘉義縣", "district": "中埔鄉", "address": "中埔鄉忠義路與大義路口", "direction": "雙向", "speed_limit": 50}}, {"type": "Feature", "geometry": {"type": "Point", "coordinates": [120.56849, 23.451096]}, "properties": {"id": 487, "type": "fixed_speed", "city": "嘉義縣", "district": "中埔鄉", "address": "番路鄉台18線30.02K日安社區路口", "direction": "雙向", "speed_limit": 60}}, {"type": "Feature", "geometry": {"type": "Point", "coordinates": [120.57901, 23.382618]}, "properties": {"id": 488, "type": "fixed_speed", "city": "嘉義縣", "district": "中埔鄉", "address": "中埔鄉台3線305.8K", "direction": "雙向", "speed_limit": 40}}, {"type": "Feature", "geometry": {"type": "Point", "coordinates": [120.55435, 23.55886]}, "properties": {"id": 489, "type": "fixed_speed", "city": "嘉義縣", "district": "梅山鄉", "address": "台3線272.2K(大南國小)", "direction": "北向南", "speed_limit": 60}}, {"type": "Feature", "geometry": {"type": "Point", "coordinates": [120.59161, 23.357521]}, "properties": {"id": 490, "type": "fixed_speed", "city": "嘉義縣", "district": "番路鄉", "address": "番路鄉台3線313.5K", "direction": "雙向", "speed_limit": 40}}, {"type": "Feature", "geometry": {"type": "Point", "coordinates": [120.44821, 22.674007]}, "properties": {"id": 491, "type": "fixed_speed", "city": "屏東縣", "district": "屏東市", "address": "堤防路段", "direction": "雙向", "speed_limit": 60}}, {"type": "Feature", "geometry": {"type": "Point", "coordinates": [120.45504, 22.652126]}, "properties": {"id": 492, "type": "fixed_speed", "city": "屏東縣", "district": "屏東市", "address": "高屏大橋屏東端", "direction": "雙向", "speed_limit": 70}}, {"type": "Feature", "geometry": {"type": "Point", "coordinates": [120.47336, 22.67714]}, "properties": {"id": 493, "type": "fixed_speed", "city": "屏東縣", "district": "屏東市", "address": "屏42線4.6K機場北路段", "direction": "雙向", "speed_limit": 40}}, {"type": "Feature", "geometry": {"type": "Point", "coordinates": [120.479195, 22.705185]}, "properties": {"id": 494, "type": "fixed_speed", "city": "屏東縣", "district": "屏東市", "address": "189線1K", "direction": "雙向", "speed_limit": 60}}, {"type": "Feature", "geometry": {"type": "Point", "coordinates": [120.48557, 22.640203]}, "properties": {"id": 495, "type": "fixed_speed", "city": "屏東縣", "district": "屏東市", "address": "台27線59.73K復興南路與公成路", "direction": "雙向", "speed_limit": 50}}, {"type": "Feature", "geometry": {"type": "Point", "coordinates": [120.4935, 22.695175]}, "properties": {"id": 496, "type": "fixed_speed", "city": "屏東縣", "district": "屏東市", "address": "台3線429.8K忠孝路段", "direction": "雙向", "speed_limit": 60}}, {"type": "Feature", "geometry": {"type": "Point", "coordinates": [120.497734, 22.654818]}, "properties": {"id": 497, "type": "fixed_speed", "city": "屏東縣", "district": "屏東市", "address": "和生路一段與工業六路口", "direction": "雙向", "speed_limit": 60}}, {"type": "Feature", "geometry": {"type": "Point", "coordinates": [120.499374, 22.705809]}, "properties": {"id": 498, "type": "fixed_speed", "city": "屏東縣", "district": "屏東市", "address": "台3線428.15K", "direction": "雙向", "speed_limit": 70}}, {"type": "Feature", "geometry": {"type": "Point", "coordinates": [120.51959, 22.702332]}, "properties": {"id": 499, "type": "fixed_speed", "city": "屏東縣", "district": "屏東市", "address": "屏17線10K", "direction": "雙向", "speed_limit": 60}}, {"type": "Feature", "geometry": {"type": "Point", "coordinates": [120.52917, 22.563972]}, "properties": {"id": 500, "type": "fixed_speed", "city": "屏東縣", "district": "潮州鎮", "address": "189線22.68K", "direction": "雙向", "speed_limit": 50}}, {"type": "Feature", "geometry": {"type": "Point", "coordinates": [120.54353, 22.526873]}, "properties": {"id": 501, "type": "fixed_speed", "city": "屏東縣", "district": "潮州鎮", "address": "189線27.35K", "direction": "雙向", "speed_limit": 60}}, {"type": "Feature", "geometry": {"type": "Point", "coordinates": [120.593346, 22.53974]}, "properties": {"id": 502, "type": "fixed_speed", "city": "屏東縣", "district": "潮州鎮", "address": "185甲線16.3K（林後四林園區往來義方向）", "direction": "雙向", "speed_limit": 60}}, {"type": "Feature", "geometry": {"type": "Point", "coordinates": [120.46381, 22.471855]}, "properties": {"id": 503, "type": "fixed_speed", "city": "屏東縣", "district": "東港鎮", "address": "台17線255.8K", "direction": "雙向", "speed_limit": 50}}, {"type": "Feature", "geometry": {"type": "Point", "coordinates": [120.4854, 22.495436]}, "properties": {"id": 504, "type": "fixed_speed", "city": "屏東縣", "district": "東港鎮", "address": "187線33.229K", "direction": "雙向", "speed_limit": 60}}, {"type": "Feature", "geometry": {"type": "Point", "coordinates": [120.490395, 22.454191]}, "properties": {"id": 505, "type": "fixed_speed", "city": "屏東縣", "district": "東港鎮", "address": "台17線259.8K大潭路段", "direction": "雙向", "speed_limit": 70}}, {"type": "Feature", "geometry": {"type": "Point", "coordinates": [120.76707, 21.95873]}, "properties": {"id": 506, "type": "fixed_speed", "city": "屏東縣", "district": "恆春鎮", "address": "台26線31.11K南灣段", "direction": "雙向", "speed_limit": 60}}, {"type": "Feature", "geometry": {"type": "Point", "coordinates": [120.4539, 22.63913]}, "properties": {"id": 507, "type": "fixed_speed", "city": "屏東縣", "district": "萬丹鄉", "address": "189線大昌路與昌隆路口", "direction": "北向", "speed_limit": 70}}, {"type": "Feature", "geometry": {"type": "Point", "coordinates": [120.455376, 22.607008]}, "properties": {"id": 508, "type": "fixed_speed", "city": "屏東縣", "district": "萬丹鄉", "address": "河堤北路與北社路口", "direction": "北向", "speed_limit": 60}}, {"type": "Feature", "geometry": {"type": "Point", "coordinates": [120.46638, 22.584911]}, "properties": {"id": 509, "type": "fixed_speed", "city": "屏東縣", "district": "萬丹鄉", "address": "萬順路二段與南北路一段路口", "direction": "東向", "speed_limit": 50}}, {"type": "Feature", "geometry": {"type": "Point", "coordinates": [120.48161, 22.574972]}, "properties": {"id": 510, "type": "fixed_speed", "city": "屏東縣", "district": "萬丹鄉", "address": "台27線68K", "direction": "雙向", "speed_limit": 50}}, {"type": "Feature", "geometry": {"type": "Point", "coordinates": [120.48206, 22.61914]}, "properties": {"id": 511, "type": "fixed_speed", "city": "屏東縣", "district": "萬丹鄉", "address": "台27線62.1K公館外環道", "direction": "南向60北向70", "speed_limit": 60}}, {"type": "Feature", "geometry": {"type": "Point", "coordinates": [120.483116, 22.568169]}, "properties": {"id": 512, "type": "fixed_speed", "city": "屏東縣", "district": "萬丹鄉", "address": "188線16.65K萬順路一段", "direction": "西向", "speed_limit": 50}}, {"type": "Feature", "geometry": {"type": "Point", "coordinates": [120.484116, 22.578241]}, "properties": {"id": 513, "type": "fixed_speed", "city": "屏東縣", "district": "萬丹鄉", "address": "中興路二段與丹榮路口", "direction": "北向", "speed_limit": 50}}, {"type": "Feature", "geometry": {"type": "Point", "coordinates": [120.488625, 22.597172]}, "properties": {"id": 514, "type": "fixed_speed", "city": "屏東縣", "district": "萬丹鄉", "address": "189線16.62K萬丹國中前", "direction": "雙向", "speed_limit": 50}}, {"type": "Feature", "geometry": {"type": "Point", "coordinates": [120.49234, 22.589718]}, "properties": {"id": 515, "type": "fixed_speed", "city": "屏東縣", "district": "萬丹鄉", "address": "台27線65.6K丹榮路段", "direction": "雙向", "speed_limit": 50}}, {"type": "Feature", "geometry": {"type": "Point", "coordinates": [120.49876, 22.591784]}, "properties": {"id": 516, "type": "fixed_speed", "city": "屏東縣", "district": "萬丹鄉", "address": "187甲線14.67K大學路段", "direction": "雙向", "speed_limit": 60}}, {"type": "Feature", "geometry": {"type": "Point", "coordinates": [120.53471, 22.720186]}, "properties": {"id": 517, "type": "fixed_speed", "city": "屏東縣", "district": "長治鄉", "address": "德和路與園西路口", "direction": "雙向", "speed_limit": 50}}, {"type": "Feature", "geometry": {"type": "Point", "coordinates": [120.54267, 22.693243]}, "properties": {"id": 518, "type": "fixed_speed", "city": "屏東縣", "district": "長治鄉", "address": "台24線7.98K中興路段", "direction": "雙向", "speed_limit": 60}}, {"type": "Feature", "geometry": {"type": "Point", "coordinates": [120.55233, 22.71414]}, "properties": {"id": 519, "type": "fixed_speed", "city": "屏東縣", "district": "長治鄉", "address": "德新路與新榮路口", "direction": "雙向", "speed_limit": 50}}, {"type": "Feature", "geometry": {"type": "Point", "coordinates": [120.585976, 22.712639]}, "properties": {"id": 520, "type": "fixed_speed", "city": "屏東縣", "district": "長治鄉", "address": "台24線13.3K", "direction": "雙向", "speed_limit": 60}}, {"type": "Feature", "geometry": {"type": "Point", "coordinates": [120.489494, 22.736715]}, "properties": {"id": 521, "type": "fixed_speed", "city": "屏東縣", "district": "九如鄉", "address": "台3線423.66K九如林森路口", "direction": "雙向", "speed_limit": 50}}, {"type": "Feature", "geometry": {"type": "Point", "coordinates": [120.47836, 22.76752]}, "properties": {"id": 522, "type": "fixed_speed", "city": "屏東縣", "district": "里港鄉", "address": "台22線19.1K", "direction": "東向", "speed_limit": 50}}, {"type": "Feature", "geometry": {"type": "Point", "coordinates": [120.506744, 22.816883]}, "properties": {"id": 523, "type": "fixed_speed", "city": "屏東縣", "district": "里港鄉", "address": "台3線414.08K土庫段", "direction": "雙向", "speed_limit": 50}}, {"type": "Feature", "geometry": {"type": "Point", "coordinates": [120.5376, 22.780933]}, "properties": {"id": 524, "type": "fixed_speed", "city": "屏東縣", "district": "里港鄉", "address": "高樹大橋里港端下橋處", "direction": "西向", "speed_limit": 50}}, {"type": "Feature", "geometry": {"type": "Point", "coordinates": [120.53958, 22.726006]}, "properties": {"id": 525, "type": "fixed_speed", "city": "屏東縣", "district": "鹽埔鄉", "address": "大仁西街與新埔路口", "direction": "雙向", "speed_limit": 60}}, {"type": "Feature", "geometry": {"type": "Point", "coordinates": [120.55449, 22.74935]}, "properties": {"id": 526, "type": "fixed_speed", "city": "屏東縣", "district": "鹽埔鄉", "address": "台27線45K鹽埔彭厝路段", "direction": "雙向", "speed_limit": 60}}, {"type": "Feature", "geometry": {"type": "Point", "coordinates": [120.58167, 22.761547]}, "properties": {"id": 527, "type": "fixed_speed", "city": "屏東縣", "district": "鹽埔鄉", "address": "台27線41.78K南華大橋鹽埔端", "direction": "南向", "speed_limit": 50}}, {"type": "Feature", "geometry": {"type": "Point", "coordinates": [120.59917, 22.718996]}, "properties": {"id": 528, "type": "fixed_speed", "city": "屏東縣", "district": "鹽埔鄉", "address": "台24線14.87K", "direction": "雙向", "speed_limit": 60}}, {"type": "Feature", "geometry": {"type": "Point", "coordinates": [120.59788, 22.774559]}, "properties": {"id": 529, "type": "fixed_speed", "city": "屏東縣", "district": "高樹鄉", "address": "世一路1號", "direction": "雙向", "speed_limit": 50}}, {"type": "Feature", "geometry": {"type": "Point", "coordinates": [120.61227, 22.792568]}, "properties": {"id": 530, "type": "fixed_speed", "city": "屏東縣", "district": "高樹鄉", "address": "產業路225號", "direction": "雙向", "speed_limit": 50}}, {"type": "Feature", "geometry": {"type": "Point", "coordinates": [120.62407, 22.827557]}, "properties": {"id": 531, "type": "fixed_speed", "city": "屏東縣", "district": "高樹鄉", "address": "大山一路37號前", "direction": "雙向", "speed_limit": 50}}, {"type": "Feature", "geometry": {"type": "Point", "coordinates": [120.64389, 22.871248]}, "properties": {"id": 532, "type": "fixed_speed", "city": "屏東縣", "district": "高樹鄉", "address": "185線0.95K", "direction": "雙向", "speed_limit": 50}}, {"type": "Feature", "geometry": {"type": "Point", "coordinates": [120.59149, 22.566614]}, "properties": {"id": 533, "type": "fixed_speed", "city": "屏東縣", "district": "萬巒鄉", "address": "富興路32-5號前", "direction": "雙向", "speed_limit": 50}}, {"type": "Feature", "geometry": {"type": "Point", "coordinates": [120.62042, 22.598347]}, "properties": {"id": 534, "type": "fixed_speed", "city": "屏東縣", "district": "萬巒鄉", "address": "185線39.43K", "direction": "雙向", "speed_limit": 60}}, {"type": "Feature", "geometry": {"type": "Point", "coordinates": [120.622444, 22.576473]}, "properties": {"id": 535, "type": "fixed_speed", "city": "屏東縣", "district": "萬巒鄉", "address": "185線41.88K赤心橋", "direction": "雙向", "speed_limit": 60}}, {"type": "Feature", "geometry": {"type": "Point", "coordinates": [120.36428, 22.36148]}, "properties": {"id": 536, "type": "fixed_speed", "city": "屏東縣", "district": "內埔鄉", "address": "營區路", "direction": "雙向", "speed_limit": 50}}, {"type": "Feature", "geometry": {"type": "Point", "coordinates": [120.552185, 22.626007]}, "properties": {"id": 537, "type": "fixed_speed", "city": "屏東縣", "district": "內埔鄉", "address": "台1線405.4K內埔豐田段", "direction": "雙向", "speed_limit": 70}}, {"type": "Feature", "geometry": {"type": "Point", "coordinates": [120.55959, 22.584297]}, "properties": {"id": 538, "type": "fixed_speed", "city": "屏東縣", "district": "內埔鄉", "address": "187線五穀宮前", "direction": "雙向", "speed_limit": 50}}, {"type": "Feature", "geometry": {"type": "Point", "coordinates": [120.5597, 22.599407]}, "properties": {"id": 539, "type": "fixed_speed", "city": "屏東縣", "district": "內埔鄉", "address": "台1線408.7K學人路段", "direction": "雙向", "speed_limit": 50}}, {"type": "Feature", "geometry": {"type": "Point", "coordinates": [120.57467, 22.675102]}, "properties": {"id": 540, "type": "fixed_speed", "city": "屏東縣", "district": "內埔鄉", "address": "信義路與大旺路口", "direction": "南向", "speed_limit": 50}}, {"type": "Feature", "geometry": {"type": "Point", "coordinates": [120.58574, 22.636942]}, "properties": {"id": 541, "type": "fixed_speed", "city": "屏東縣", "district": "內埔鄉", "address": "187丙線18.6K科大路一段", "direction": "南向50北向60", "speed_limit": 50}}, {"type": "Feature", "geometry": {"type": "Point", "coordinates": [120.59659, 22.636143]}, "properties": {"id": 542, "type": "fixed_speed", "city": "屏東縣", "district": "內埔鄉", "address": "壽比路與和成巷口", "direction": "雙向", "speed_limit": 40}}, {"type": "Feature", "geometry": {"type": "Point", "coordinates": [120.60961, 22.691055]}, "properties": {"id": 543, "type": "fixed_speed", "city": "屏東縣", "district": "內埔鄉", "address": "187線黎東路653巷口", "direction": "雙向", "speed_limit": 50}}, {"type": "Feature", "geometry": {"type": "Point", "coordinates": [120.62993, 22.653744]}, "properties": {"id": 544, "type": "fixed_speed", "city": "屏東縣", "district": "內埔鄉", "address": "185線33.1K", "direction": "雙向", "speed_limit": 50}}, {"type": "Feature", "geometry": {"type": "Point", "coordinates": [120.510124, 22.579426]}, "properties": {"id": 545, "type": "fixed_speed", "city": "屏東縣", "district": "竹田鄉", "address": "189線20.1K", "direction": "雙向", "speed_limit": 70}}, {"type": "Feature", "geometry": {"type": "Point", "coordinates": [120.51324, 22.565975]}, "properties": {"id": 546, "type": "fixed_speed", "city": "屏東縣", "district": "竹田鄉", "address": "188線19.9K", "direction": "雙向", "speed_limit": 50}}, {"type": "Feature", "geometry": {"type": "Point", "coordinates": [120.52277, 22.570349]}, "properties": {"id": 547, "type": "fixed_speed", "city": "屏東縣", "district": "竹田鄉", "address": "台88線20.6K快速道路", "direction": "雙向", "speed_limit": 90}}, {"type": "Feature", "geometry": {"type": "Point", "coordinates": [120.52638, 22.600435]}, "properties": {"id": 548, "type": "fixed_speed", "city": "屏東縣", "district": "竹田鄉", "address": "屏50線文華路段", "direction": "雙向", "speed_limit": 60}}, {"type": "Feature", "geometry": {"type": "Point", "coordinates": [120.54064, 22.569527]}, "properties": {"id": 549, "type": "fixed_speed", "city": "屏東縣", "district": "竹田鄉", "address": "屏85線與屏83線路口", "direction": "雙向", "speed_limit": 60}}, {"type": "Feature", "geometry": {"type": "Point", "coordinates": [120.54868, 22.582087]}, "properties": {"id": 550, "type": "fixed_speed", "city": "屏東縣", "district": "竹田鄉", "address": "台1線410.97K水源路段", "direction": "雙向", "speed_limit": 70}}, {"type": "Feature", "geometry": {"type": "Point", "coordinates": [120.545456, 22.476171]}, "properties": {"id": 551, "type": "fixed_speed", "city": "屏東縣", "district": "新埤鄉", "address": "台1線425.1K（台1線與中興路口）", "direction": "雙向", "speed_limit": 70}}, {"type": "Feature", "geometry": {"type": "Point", "coordinates": [120.55165, 22.470507]}, "properties": {"id": 552, "type": "fixed_speed", "city": "屏東縣", "district": "新埤鄉", "address": "189線新埤國小前", "direction": "雙向", "speed_limit": 50}}, {"type": "Feature", "geometry": {"type": "Point", "coordinates": [120.5725, 22.504642]}, "properties": {"id": 553, "type": "fixed_speed", "city": "屏東縣", "district": "新埤鄉", "address": "屏112線4.13K", "direction": "雙向", "speed_limit": 50}}, {"type": "Feature", "geometry": {"type": "Point", "coordinates": [120.60919, 22.46825]}, "properties": {"id": 554, "type": "fixed_speed", "city": "屏東縣", "district": "新埤鄉", "address": "185線56.9K", "direction": "雙向", "speed_limit": 60}}, {"type": "Feature", "geometry": {"type": "Point", "coordinates": [120.58827, 22.395622]}, "properties": {"id": 555, "type": "fixed_speed", "city": "屏東縣", "district": "枋寮鄉", "address": "台17線272.5K", "direction": "雙向", "speed_limit": 70}}, {"type": "Feature", "geometry": {"type": "Point", "coordinates": [120.60589, 22.420538]}, "properties": {"id": 556, "type": "fixed_speed", "city": "屏東縣", "district": "枋寮鄉", "address": "185線62.62K", "direction": "雙向", "speed_limit": 60}}, {"type": "Feature", "geometry": {"type": "Point", "coordinates": [120.616264, 22.399603]}, "properties": {"id": 557, "type": "fixed_speed", "city": "屏東縣", "district": "枋寮鄉", "address": "185線65.25K", "direction": "雙向", "speed_limit": 50}}, {"type": "Feature", "geometry": {"type": "Point", "coordinates": [120.440414, 22.497778]}, "properties": {"id": 558, "type": "fixed_speed", "city": "屏東縣", "district": "新園鄉", "address": "台17線251.6K", "direction": "雙向", "speed_limit": 70}}, {"type": "Feature", "geometry": {"type": "Point", "coordinates": [120.44127, 22.48791]}, "properties": {"id": 559, "type": "fixed_speed", "city": "屏東縣", "district": "新園鄉", "address": "鹽洲路（義仁路口附近）", "direction": "雙向", "speed_limit": 50}}, {"type": "Feature", "geometry": {"type": "Point", "coordinates": [120.44367, 22.513481]}, "properties": {"id": 560, "type": "fixed_speed", "city": "屏東縣", "district": "新園鄉", "address": "屏63線2.87K媽祖路段", "direction": "雙向", "speed_limit": 50}}, {"type": "Feature", "geometry": {"type": "Point", "coordinates": [120.45548, 22.487177]}, "properties": {"id": 561, "type": "fixed_speed", "city": "屏東縣", "district": "新園鄉", "address": "台17線253.5K與學仁路口", "direction": "雙向", "speed_limit": 70}}, {"type": "Feature", "geometry": {"type": "Point", "coordinates": [120.45667, 22.480755]}, "properties": {"id": 562, "type": "fixed_speed", "city": "屏東縣", "district": "新園鄉", "address": "台17線東港大橋端", "direction": "雙向", "speed_limit": 50}}, {"type": "Feature", "geometry": {"type": "Point", "coordinates": [120.462135, 22.5101]}, "properties": {"id": 563, "type": "fixed_speed", "city": "屏東縣", "district": "新園鄉", "address": "台27線75.8K", "direction": "雙向", "speed_limit": 60}}, {"type": "Feature", "geometry": {"type": "Point", "coordinates": [120.46287, 22.524467]}, "properties": {"id": 564, "type": "fixed_speed", "city": "屏東縣", "district": "新園鄉", "address": "台27線74.3K興安段", "direction": "南向70北向60", "speed_limit": 60}}, {"type": "Feature", "geometry": {"type": "Point", "coordinates": [120.46607, 22.551638]}, "properties": {"id": 565, "type": "fixed_speed", "city": "屏東縣", "district": "新園鄉", "address": "台27線71.1K仙公廟", "direction": "南向60北向70", "speed_limit": 60}}, {"type": "Feature", "geometry": {"type": "Point", "coordinates": [120.51865, 22.540958]}, "properties": {"id": 566, "type": "fixed_speed", "city": "屏東縣", "district": "崁頂鄉", "address": "屏75線3.8K崁頂南二高平面道路路口", "direction": "南向", "speed_limit": 50}}, {"type": "Feature", "geometry": {"type": "Point", "coordinates": [120.518906, 22.540672]}, "properties": {"id": 567, "type": "fixed_speed", "city": "屏東縣", "district": "崁頂鄉", "address": "屏75線3.9K崁頂南二高平面道路路口", "direction": "北向", "speed_limit": 50}}, {"type": "Feature", "geometry": {"type": "Point", "coordinates": [120.5195, 22.519917]}, "properties": {"id": 568, "type": "fixed_speed", "city": "屏東縣", "district": "崁頂鄉", "address": "187線28.8K", "direction": "雙向", "speed_limit": 60}}, {"type": "Feature", "geometry": {"type": "Point", "coordinates": [120.50651, 22.444584]}, "properties": {"id": 569, "type": "fixed_speed", "city": "屏東縣", "district": "林邊鄉", "address": "台17線262K（中山路口附近）", "direction": "雙向", "speed_limit": 50}}, {"type": "Feature", "geometry": {"type": "Point", "coordinates": [120.2927, 22.290691]}, "properties": {"id": 570, "type": "fixed_speed", "city": "屏東縣", "district": "南州鄉", "address": "187乙線17.33K", "direction": "雙向", "speed_limit": 40}}, {"type": "Feature", "geometry": {"type": "Point", "coordinates": [120.49082, 22.485254]}, "properties": {"id": 571, "type": "fixed_speed", "city": "屏東縣", "district": "南州鄉", "address": "187乙線19.66K", "direction": "雙向", "speed_limit": 60}}, {"type": "Feature", "geometry": {"type": "Point", "coordinates": [120.52966, 22.48964]}, "properties": {"id": 572, "type": "fixed_speed", "city": "屏東縣", "district": "南州鄉", "address": "187乙線勝利路段", "direction": "雙向", "speed_limit": 50}}, {"type": "Feature", "geometry": {"type": "Point", "coordinates": [120.54043, 22.4201]}, "properties": {"id": 573, "type": "fixed_speed", "city": "屏東縣", "district": "佳冬鄉", "address": "台17線266.5K", "direction": "雙向", "speed_limit": 70}}, {"type": "Feature", "geometry": {"type": "Point", "coordinates": [120.55943, 22.445898]}, "properties": {"id": 574, "type": "fixed_speed", "city": "屏東縣", "district": "佳冬鄉", "address": "台1線428.9K", "direction": "雙向", "speed_limit": 70}}, {"type": "Feature", "geometry": {"type": "Point", "coordinates": [120.56305, 22.442274]}, "properties": {"id": 575, "type": "fixed_speed", "city": "屏東縣", "district": "佳冬鄉", "address": "台1線戰備道429.5-433K", "direction": "南北雙向（區間測速）", "speed_limit": 70}}, {"type": "Feature", "geometry": {"type": "Point", "coordinates": [120.70218, 22.140097]}, "properties": {"id": 576, "type": "fixed_speed", "city": "屏東縣", "district": "車城鄉", "address": "台26線尖山段8.5-13.7K", "direction": "南北雙向（區間測速）", "speed_limit": 70}}, {"type": "Feature", "geometry": {"type": "Point", "coordinates": [120.7095, 22.086386]}, "properties": {"id": 577, "type": "fixed_speed", "city": "屏東縣", "district": "車城鄉", "address": "屏152線0.93K", "direction": "雙向", "speed_limit": 50}}, {"type": "Feature", "geometry": {"type": "Point", "coordinates": [120.80329, 22.008692]}, "properties": {"id": 578, "type": "fixed_speed", "city": "屏東縣", "district": "滿州鄉", "address": "200線8.2K", "direction": "雙向", "speed_limit": 60}}, {"type": "Feature", "geometry": {"type": "Point", "coordinates": [120.656, 22.252754]}, "properties": {"id": 579, "type": "fixed_speed", "city": "屏東縣", "district": "枋山鄉", "address": "台1線453.39K", "direction": "雙向", "speed_limit": 70}}, {"type": "Feature", "geometry": {"type": "Point", "coordinates": [120.69537, 22.207375]}, "properties": {"id": 580, "type": "fixed_speed", "city": "屏東縣", "district": "枋山鄉", "address": "台9線452.5K", "direction": "雙向", "speed_limit": 60}}, {"type": "Feature", "geometry": {"type": "Point", "coordinates": [120.680534, 22.741022]}, "properties": {"id": 581, "type": "fixed_speed", "city": "屏東縣", "district": "三地門鄉", "address": "台24線27.98K", "direction": "雙向", "speed_limit": 30}}, {"type": "Feature", "geometry": {"type": "Point", "coordinates": [120.60866, 22.702955]}, "properties": {"id": 582, "type": "fixed_speed", "city": "屏東縣", "district": "瑪家鄉", "address": "屏37線2.09K", "direction": "雙向", "speed_limit": 40}}, {"type": "Feature", "geometry": {"type": "Point", "coordinates": [120.74505, 22.204168]}, "properties": {"id": 583, "type": "fixed_speed", "city": "屏東縣", "district": "獅子鄉", "address": "台9線446.4K丹路外環道", "direction": "雙向", "speed_limit": 40}}, {"type": "Feature", "geometry": {"type": "Point", "coordinates": [120.795944, 22.222355]}, "properties": {"id": 584, "type": "fixed_speed", "city": "屏東縣", "district": "獅子鄉", "address": "台9線440K", "direction": "雙向", "speed_limit": 40}}, {"type": "Feature", "geometry": {"type": "Point", "coordinates": [120.801994, 22.234276]}, "properties": {"id": 585, "type": "fixed_speed", "city": "屏東縣", "district": "獅子鄉", "address": "台9線438.2K草埔橋口", "direction": "雙向", "speed_limit": 40}}, {"type": "Feature", "geometry": {"type": "Point", "coordinates": [120.805786, 22.241491]}, "properties": {"id": 586, "type": "fixed_speed", "city": "屏東縣", "district": "獅子鄉", "address": "台9線草埔隧道434.4-437.2K", "direction": "東西雙向（區間測速）", "speed_limit": 70}}, {"type": "Feature", "geometry": {"type": "Point", "coordinates": [121.07627, 22.7717]}, "properties": {"id": 587, "type": "fixed_speed", "city": "臺東縣", "district": "臺東市", "address": "臺9線365.23K(體育中學前)", "direction": "南北雙向", "speed_limit": 60}}, {"type": "Feature", "geometry": {"type": "Point", "coordinates": [121.08527, 22.72067]}, "properties": {"id": 588, "type": "fixed_speed", "city": "臺東縣", "district": "臺東市", "address": "臺11線172K(大學路口)", "direction": "雙向兼闖紅燈", "speed_limit": 60}}, {"type": "Feature", "geometry": {"type": "Point", "coordinates": [121.10084, 22.77357]}, "properties": {"id": 589, "type": "fixed_speed", "city": "臺東縣", "district": "臺東市", "address": "臺9線362.65K(中興陸橋南端)", "direction": "南北雙向", "speed_limit": 60}}, {"type": "Feature", "geometry": {"type": "Point", "coordinates": [121.12073, 22.728771]}, "properties": {"id": 590, "type": "fixed_speed", "city": "臺東縣", "district": "臺東市", "address": "臺11線168K(台糖加油站北方)", "direction": "南北雙向", "speed_limit": 70}}, {"type": "Feature", "geometry": {"type": "Point", "coordinates": [121.13055, 22.76834]}, "properties": {"id": 591, "type": "fixed_speed", "city": "臺東縣", "district": "臺東市", "address": "中興路2段138巷與水防道路岔口處(太平溪右岸光明社區)", "direction": "雙向測速", "speed_limit": 50}}, {"type": "Feature", "geometry": {"type": "Point", "coordinates": [121.30966, 22.980171]}, "properties": {"id": 592, "type": "fixed_speed", "city": "臺東縣", "district": "成功鎮", "address": "臺11線129.61至126.13K(小馬)", "direction": "雙向區間測速", "speed_limit": 60}}, {"type": "Feature", "geometry": {"type": "Point", "coordinates": [121.323524, 23.007769]}, "properties": {"id": 593, "type": "fixed_speed", "city": "臺東縣", "district": "成功鎮", "address": "臺11線126.13K至129.61(小馬)", "direction": "雙向區間測速", "speed_limit": 60}}, {"type": "Feature", "geometry": {"type": "Point", "coordinates": [121.33215, 23.027685]}, "properties": {"id": 594, "type": "fixed_speed", "city": "臺東縣", "district": "成功鎮", "address": "臺11線123.75K(都歷段)", "direction": "南北雙向", "speed_limit": 50}}, {"type": "Feature", "geometry": {"type": "Point", "coordinates": [121.39851, 23.153273]}, "properties": {"id": 595, "type": "fixed_speed", "city": "臺東縣", "district": "成功鎮", "address": "臺11線106.95K(美山段)", "direction": "南北雙向", "speed_limit": 50}}, {"type": "Feature", "geometry": {"type": "Point", "coordinates": [121.16925, 23.061531]}, "properties": {"id": 596, "type": "fixed_speed", "city": "臺東縣", "district": "關山鎮", "address": "臺9線315.82K（米國學校）", "direction": "南北雙向", "speed_limit": 60}}, {"type": "Feature", "geometry": {"type": "Point", "coordinates": [121.09514, 22.893963]}, "properties": {"id": 597, "type": "fixed_speed", "city": "臺東縣", "district": "鹿野鄉", "address": "臺9線340.89K（鹿鳴橋北端）", "direction": "南北雙向", "speed_limit": 60}}, {"type": "Feature", "geometry": {"type": "Point", "coordinates": [121.46233, 23.329168]}, "properties": {"id": 598, "type": "fixed_speed", "city": "臺東縣", "district": "長濱鄉", "address": "臺11線84.13K（長光段）", "direction": "南北雙向", "speed_limit": 50}}, {"type": "Feature", "geometry": {"type": "Point", "coordinates": [120.965706, 22.522211]}, "properties": {"id": 599, "type": "fixed_speed", "city": "臺東縣", "district": "太麻里鄉", "address": "臺9線398.65K(金崙大橋南端)", "direction": "南北雙向兼南下闖紅燈", "speed_limit": 60}}, {"type": "Feature", "geometry": {"type": "Point", "coordinates": [121.0167, 22.640696]}, "properties": {"id": 600, "type": "fixed_speed", "city": "臺東縣", "district": "太麻里鄉", "address": "臺9線383.65K(代天宮)", "direction": "南北雙向", "speed_limit": 60}}, {"type": "Feature", "geometry": {"type": "Point", "coordinates": [120.90737, 22.363562]}, "properties": {"id": 601, "type": "fixed_speed", "city": "臺東縣", "district": "大武鄉", "address": "臺9線417.86K(大武國中)", "direction": "南北雙向兼闖紅燈", "speed_limit": 50}}, {"type": "Feature", "geometry": {"type": "Point", "coordinates": [120.84108, 22.254738]}, "properties": {"id": 602, "type": "fixed_speed", "city": "臺東縣", "district": "達仁鄉", "address": "臺9戊線9.92K(壽卡休憩亭)至3.94K森永區間測速", "direction": "雙向測速科技執法", "speed_limit": 40}}, {"type": "Feature", "geometry": {"type": "Point", "coordinates": [120.86456, 22.277948]}, "properties": {"id": 603, "type": "fixed_speed", "city": "臺東縣", "district": "達仁鄉", "address": "臺9戊線3.94K(森永所)至9.92K壽卡休息亭區間測速", "direction": "雙向測速科技執法", "speed_limit": 40}}, {"type": "Feature", "geometry": {"type": "Point", "coordinates": [121.59436, 23.995966]}, "properties": {"id": 604, "type": "fixed_speed", "city": "花蓮縣", "district": "花蓮市", "address": "花蓮市中央路與中山路口", "direction": "南下", "speed_limit": 50}}, {"type": "Feature", "geometry": {"type": "Point", "coordinates": [121.61, 23.989222]}, "properties": {"id": 605, "type": "fixed_speed", "city": "花蓮縣", "district": "花蓮市", "address": "花蓮市尚志路18-1號前", "direction": "南下車道", "speed_limit": 50}}, {"type": "Feature", "geometry": {"type": "Point", "coordinates": [121.61717, 23.982086]}, "properties": {"id": 606, "type": "fixed_speed", "city": "花蓮縣", "district": "花蓮市", "address": "臺9線190.37K", "direction": "北上", "speed_limit": 50}}, {"type": "Feature", "geometry": {"type": "Point", "coordinates": [121.452415, 23.74475]}, "properties": {"id": 607, "type": "fixed_speed", "city": "花蓮縣", "district": "鳳林鎮", "address": "花蓮縣鳳林鎮信義路與公正街口", "direction": "北上車道", "speed_limit": 70}}, {"type": "Feature", "geometry": {"type": "Point", "coordinates": [121.32008, 23.3355]}, "properties": {"id": 608, "type": "fixed_speed", "city": "花蓮縣", "district": "玉里鎮", "address": "花蓮縣玉里鎮興國路與自由街口", "direction": "南下車道", "speed_limit": 60}}, {"type": "Feature", "geometry": {"type": "Point", "coordinates": [121.33674, 23.401014]}, "properties": {"id": 609, "type": "fixed_speed", "city": "花蓮縣", "district": "玉里鎮", "address": "臺9線269.3K", "direction": "南下車道", "speed_limit": 60}}, {"type": "Feature", "geometry": {"type": "Point", "coordinates": [121.369484, 23.26736]}, "properties": {"id": 610, "type": "fixed_speed", "city": "花蓮縣", "district": "玉里鎮", "address": "台30線27.2K", "direction": "東往西向", "speed_limit": 50}}, {"type": "Feature", "geometry": {"type": "Point", "coordinates": [121.38723, 23.445353]}, "properties": {"id": 611, "type": "fixed_speed", "city": "花蓮縣", "district": "玉里鎮", "address": "縣道193線95.4K", "direction": "北上車道", "speed_limit": 50}}, {"type": "Feature", "geometry": {"type": "Point", "coordinates": [121.608475, 24.072582]}, "properties": {"id": 612, "type": "fixed_speed", "city": "花蓮縣", "district": "新城鄉", "address": "臺9線179.02K", "direction": "北上車道", "speed_limit": 70}}, {"type": "Feature", "geometry": {"type": "Point", "coordinates": [121.54195, 23.942873]}, "properties": {"id": 613, "type": "fixed_speed", "city": "花蓮縣", "district": "吉安鄉", "address": "臺9丙線9.159K", "direction": "西往東", "speed_limit": 50}}, {"type": "Feature", "geometry": {"type": "Point", "coordinates": [121.55067, 23.954082]}, "properties": {"id": 614, "type": "fixed_speed", "city": "花蓮縣", "district": "吉安鄉", "address": "台9丙線7.33K", "direction": "南下車道", "speed_limit": 50}}, {"type": "Feature", "geometry": {"type": "Point", "coordinates": [121.56716, 23.964924]}, "properties": {"id": 615, "type": "fixed_speed", "city": "花蓮縣", "district": "吉安鄉", "address": "花蓮縣吉安鄉中央路與稻香路口", "direction": "南下車道", "speed_limit": 60}}, {"type": "Feature", "geometry": {"type": "Point", "coordinates": [121.569275, 23.95881]}, "properties": {"id": 616, "type": "fixed_speed", "city": "花蓮縣", "district": "吉安鄉", "address": "花蓮縣吉安鄉吉豐路與吉興路口", "direction": "南北雙向", "speed_limit": 60}}, {"type": "Feature", "geometry": {"type": "Point", "coordinates": [121.58009, 23.940998]}, "properties": {"id": 617, "type": "fixed_speed", "city": "花蓮縣", "district": "吉安鄉", "address": "花蓮縣吉安鄉知卡宣大道與永華二街口", "direction": "西往東", "speed_limit": 60}}, {"type": "Feature", "geometry": {"type": "Point", "coordinates": [121.5879, 23.987082]}, "properties": {"id": 618, "type": "fixed_speed", "city": "花蓮縣", "district": "吉安鄉", "address": "吉安鄉中央路與建國路口", "direction": "北上車道", "speed_limit": 50}}, {"type": "Feature", "geometry": {"type": "Point", "coordinates": [121.60049, 23.953268]}, "properties": {"id": 619, "type": "fixed_speed", "city": "花蓮縣", "district": "吉安鄉", "address": "吉安鄉南濱路一段與南海二街口", "direction": "南下車道", "speed_limit": 50}}, {"type": "Feature", "geometry": {"type": "Point", "coordinates": [121.49324, 23.845201]}, "properties": {"id": 620, "type": "fixed_speed", "city": "花蓮縣", "district": "壽豐鄉", "address": "臺9線211.57K", "direction": "北上", "speed_limit": 50}}, {"type": "Feature", "geometry": {"type": "Point", "coordinates": [121.50531, 23.861803]}, "properties": {"id": 621, "type": "fixed_speed", "city": "花蓮縣", "district": "壽豐鄉", "address": "臺9線209.7K", "direction": "南下車道", "speed_limit": 70}}, {"type": "Feature", "geometry": {"type": "Point", "coordinates": [121.50567, 23.829111]}, "properties": {"id": 622, "type": "fixed_speed", "city": "花蓮縣", "district": "壽豐鄉", "address": "台11丙線14.2K", "direction": "北上車道", "speed_limit": 70}}, {"type": "Feature", "geometry": {"type": "Point", "coordinates": [121.53001, 23.907051]}, "properties": {"id": 623, "type": "fixed_speed", "city": "花蓮縣", "district": "壽豐鄉", "address": "花蓮縣壽豐鄉志學村中山路與中正路口", "direction": "北上車道", "speed_limit": 50}}, {"type": "Feature", "geometry": {"type": "Point", "coordinates": [121.56065, 23.778915]}, "properties": {"id": 624, "type": "fixed_speed", "city": "花蓮縣", "district": "壽豐鄉", "address": "臺11線24.1K-26.6K", "direction": "雙向區間測速", "speed_limit": 50}}, {"type": "Feature", "geometry": {"type": "Point", "coordinates": [121.56071, 23.898764]}, "properties": {"id": 625, "type": "fixed_speed", "city": "花蓮縣", "district": "壽豐鄉", "address": "台11丙線4.4K", "direction": "南下車道", "speed_limit": 70}}, {"type": "Feature", "geometry": {"type": "Point", "coordinates": [121.56104, 23.780403]}, "properties": {"id": 626, "type": "fixed_speed", "city": "花蓮縣", "district": "壽豐鄉", "address": "台11線23.4公里", "direction": "南下", "speed_limit": 50}}, {"type": "Feature", "geometry": {"type": "Point", "coordinates": [121.4195, 23.678417]}, "properties": {"id": 627, "type": "fixed_speed", "city": "花蓮縣", "district": "光復鄉", "address": "臺9線233.92K", "direction": "南下車道", "speed_limit": 60}}, {"type": "Feature", "geometry": {"type": "Point", "coordinates": [121.53695, 23.652084]}, "properties": {"id": 628, "type": "fixed_speed", "city": "花蓮縣", "district": "豐濱鄉", "address": "臺11線43.281K", "direction": "北上車道", "speed_limit": 60}}, {"type": "Feature", "geometry": {"type": "Point", "coordinates": [121.368385, 23.498083]}, "properties": {"id": 629, "type": "fixed_speed", "city": "花蓮縣", "district": "瑞穗鄉", "address": "臺9線255.45K", "direction": "南下車道", "speed_limit": 70}}, {"type": "Feature", "geometry": {"type": "Point", "coordinates": [121.377365, 23.537682]}, "properties": {"id": 630, "type": "fixed_speed", "city": "花蓮縣", "district": "瑞穗鄉", "address": "臺9線250.8K", "direction": "南下", "speed_limit": 70}}, {"type": "Feature", "geometry": {"type": "Point", "coordinates": [121.381966, 23.561146]}, "properties": {"id": 631, "type": "fixed_speed", "city": "花蓮縣", "district": "瑞穗鄉", "address": "臺9線248.1K", "direction": "南下車道", "speed_limit": 70}}, {"type": "Feature", "geometry": {"type": "Point", "coordinates": [121.3959, 23.49179]}, "properties": {"id": 632, "type": "fixed_speed", "city": "花蓮縣", "district": "瑞穗鄉", "address": "縣道193線89.12K", "direction": "東往西", "speed_limit": 50}}, {"type": "Feature", "geometry": {"type": "Point", "coordinates": [121.396095, 23.491833]}, "properties": {"id": 633, "type": "fixed_speed", "city": "花蓮縣", "district": "瑞穗鄉", "address": "縣道193線88.15K", "direction": "西往東", "speed_limit": 50}}, {"type": "Feature", "geometry": {"type": "Point", "coordinates": [121.24275, 23.173555]}, "properties": {"id": 634, "type": "fixed_speed", "city": "花蓮縣", "district": "富里鄉", "address": "臺9線299.82K", "direction": "北上車道", "speed_limit": 60}}, {"type": "Feature", "geometry": {"type": "Point", "coordinates": [121.648926, 24.152937]}, "properties": {"id": 635, "type": "fixed_speed", "city": "花蓮縣", "district": "秀林鄉", "address": "臺9線167.5K", "direction": "北上車道", "speed_limit": 50}}, {"type": "Feature", "geometry": {"type": "Point", "coordinates": [121.652214, 24.162516]}, "properties": {"id": 636, "type": "fixed_speed", "city": "花蓮縣", "district": "秀林鄉", "address": "臺9線166.5K", "direction": "南下車道", "speed_limit": 50}}, {"type": "Feature", "geometry": {"type": "Point", "coordinates": [121.69864, 24.227335]}, "properties": {"id": 637, "type": "fixed_speed", "city": "花蓮縣", "district": "秀林鄉", "address": "蘇花改仁水隧道", "direction": "雙向區間測速", "speed_limit": 60}}, {"type": "Feature", "geometry": {"type": "Point", "coordinates": [121.72361, 24.245474]}, "properties": {"id": 638, "type": "fixed_speed", "city": "花蓮縣", "district": "秀林鄉", "address": "臺9丁線59.5K-64K", "direction": "雙向區間測速", "speed_limit": 40}}, {"type": "Feature", "geometry": {"type": "Point", "coordinates": [121.7247, 24.266958]}, "properties": {"id": 639, "type": "fixed_speed", "city": "花蓮縣", "district": "秀林鄉", "address": "蘇花改中仁隧道", "direction": "雙向區間測速", "speed_limit": 70}}, {"type": "Feature", "geometry": {"type": "Point", "coordinates": [121.750694, 24.30211]}, "properties": {"id": 640, "type": "fixed_speed", "city": "花蓮縣", "district": "秀林鄉", "address": "臺9線146.272K", "direction": "北上車道", "speed_limit": 50}}, {"type": "Feature", "geometry": {"type": "Point", "coordinates": [119.577995, 23.519897]}, "properties": {"id": 641, "type": "fixed_speed", "city": "澎湖縣", "district": "馬公市", "address": "縣道201線井垵段5.6K", "direction": "東向西", "speed_limit": 50}}, {"type": "Feature", "geometry": {"type": "Point", "coordinates": [119.58235, 23.569939]}, "properties": {"id": 642, "type": "fixed_speed", "city": "澎湖縣", "district": "馬公市", "address": "馬公市中華路與六合路岔路口(兼闖紅燈)", "direction": "東向西", "speed_limit": 50}}, {"type": "Feature", "geometry": {"type": "Point", "coordinates": [119.5844, 23.55377]}, "properties": {"id": 643, "type": "fixed_speed", "city": "澎湖縣", "district": "馬公市", "address": "縣道205線前寮段5.8K", "direction": "西向東", "speed_limit": 50}}, {"type": "Feature", "geometry": {"type": "Point", "coordinates": [119.58779, 23.564676]}, "properties": {"id": 644, "type": "fixed_speed", "city": "澎湖縣", "district": "馬公市", "address": "縣道204線與新店路岔路口(兼闖紅燈)", "direction": "東南向西北", "speed_limit": 50}}, {"type": "Feature", "geometry": {"type": "Point", "coordinates": [119.58859, 23.56911]}, "properties": {"id": 645, "type": "fixed_speed", "city": "澎湖縣", "district": "馬公市", "address": "縣道203線西文里97-2號", "direction": "東向西", "speed_limit": 50}}, {"type": "Feature", "geometry": {"type": "Point", "coordinates": [119.59845, 23.559347]}, "properties": {"id": 646, "type": "fixed_speed", "city": "澎湖縣", "district": "馬公市", "address": "縣道204縣與澎23號道中正國中旁岔路口", "direction": "東南向西北", "speed_limit": 50}}, {"type": "Feature", "geometry": {"type": "Point", "coordinates": [119.59909, 23.569069]}, "properties": {"id": 647, "type": "fixed_speed", "city": "澎湖縣", "district": "馬公市", "address": "縣道203線與東衛岔路口(兼闖紅燈)", "direction": "東向西", "speed_limit": 50}}, {"type": "Feature", "geometry": {"type": "Point", "coordinates": [119.60282, 23.55733]}, "properties": {"id": 648, "type": "fixed_speed", "city": "澎湖縣", "district": "馬公市", "address": "縣道204線光華段2.6K", "direction": "西北向東南", "speed_limit": 50}}, {"type": "Feature", "geometry": {"type": "Point", "coordinates": [119.60348, 23.536715]}, "properties": {"id": 649, "type": "fixed_speed", "city": "澎湖縣", "district": "馬公市", "address": "縣道201線鐵線段1.95K", "direction": "南向北", "speed_limit": 70}}, {"type": "Feature", "geometry": {"type": "Point", "coordinates": [119.603806, 23.57814]}, "properties": {"id": 650, "type": "fixed_speed", "city": "澎湖縣", "district": "馬公市", "address": "縣道203線安宅段5.3K", "direction": "北向南", "speed_limit": 50}}, {"type": "Feature", "geometry": {"type": "Point", "coordinates": [119.61055, 23.55247]}, "properties": {"id": 651, "type": "fixed_speed", "city": "澎湖縣", "district": "馬公市", "address": "縣道201線興仁岔路口", "direction": "北向南", "speed_limit": 50}}, {"type": "Feature", "geometry": {"type": "Point", "coordinates": [119.61402, 23.571623]}, "properties": {"id": 652, "type": "fixed_speed", "city": "澎湖縣", "district": "馬公市", "address": "縣道202線成功段1.6K", "direction": "東向西", "speed_limit": 70}}, {"type": "Feature", "geometry": {"type": "Point", "coordinates": [119.6143, 23.55051]}, "properties": {"id": 653, "type": "fixed_speed", "city": "澎湖縣", "district": "馬公市", "address": "縣道204線興仁段4K", "direction": "東南向西北", "speed_limit": 50}}, {"type": "Feature", "geometry": {"type": "Point", "coordinates": [119.62023, 23.54887]}, "properties": {"id": 654, "type": "fixed_speed", "city": "澎湖縣", "district": "馬公市", "address": "縣道204線烏崁段4.6K", "direction": "西南向東北", "speed_limit": 50}}, {"type": "Feature", "geometry": {"type": "Point", "coordinates": [119.60815, 23.58456]}, "properties": {"id": 655, "type": "fixed_speed", "city": "澎湖縣", "district": "湖西鄉", "address": "縣道203線許家段6.1K", "direction": "南向北", "speed_limit": 50}}, {"type": "Feature", "geometry": {"type": "Point", "coordinates": [119.63424, 23.56028]}, "properties": {"id": 656, "type": "fixed_speed", "city": "澎湖縣", "district": "湖西鄉", "address": "縣道204線隘門段6.7K", "direction": "西南向東北", "speed_limit": 50}}, {"type": "Feature", "geometry": {"type": "Point", "coordinates": [119.636734, 23.582226]}, "properties": {"id": 657, "type": "fixed_speed", "city": "澎湖縣", "district": "湖西鄉", "address": "縣道202線西溪段5K", "direction": "北向南", "speed_limit": 50}}, {"type": "Feature", "geometry": {"type": "Point", "coordinates": [119.64445, 23.563566]}, "properties": {"id": 658, "type": "fixed_speed", "city": "澎湖縣", "district": "湖西鄉", "address": "縣道204線林投段7.8K", "direction": "西向東", "speed_limit": 50}}, {"type": "Feature", "geometry": {"type": "Point", "coordinates": [119.65682, 23.584118]}, "properties": {"id": 659, "type": "fixed_speed", "city": "澎湖縣", "district": "湖西鄉", "address": "縣道202線湖西段7.1k", "direction": "西向東", "speed_limit": 50}}, {"type": "Feature", "geometry": {"type": "Point", "coordinates": [119.66826, 23.58502]}, "properties": {"id": 660, "type": "fixed_speed", "city": "澎湖縣", "district": "湖西鄉", "address": "澎14號南寮村121號旁", "direction": "西南向東北", "speed_limit": 40}}, {"type": "Feature", "geometry": {"type": "Point", "coordinates": [119.67729, 23.575893]}, "properties": {"id": 661, "type": "fixed_speed", "city": "澎湖縣", "district": "湖西鄉", "address": "縣道202號菓葉段9.9K", "direction": "南向北", "speed_limit": 50}}, {"type": "Feature", "geometry": {"type": "Point", "coordinates": [119.555, 23.658247]}, "properties": {"id": 662, "type": "fixed_speed", "city": "澎湖縣", "district": "白沙鄉", "address": "縣道203線通梁段20.77K", "direction": "西南向東北", "speed_limit": 50}}, {"type": "Feature", "geometry": {"type": "Point", "coordinates": [119.56263, 23.65979]}, "properties": {"id": 663, "type": "fixed_speed", "city": "澎湖縣", "district": "白沙鄉", "address": "縣道203線通梁段19.9K", "direction": "西北向東南", "speed_limit": 50}}, {"type": "Feature", "geometry": {"type": "Point", "coordinates": [119.57666, 23.66557]}, "properties": {"id": 664, "type": "fixed_speed", "city": "澎湖縣", "district": "白沙鄉", "address": "縣道203線後寮段17.8K", "direction": "東北向西南", "speed_limit": 70}}, {"type": "Feature", "geometry": {"type": "Point", "coordinates": [119.58647, 23.65534]}, "properties": {"id": 665, "type": "fixed_speed", "city": "澎湖縣", "district": "白沙鄉", "address": "澎8號道瓦硐段", "direction": "南向北", "speed_limit": 50}}, {"type": "Feature", "geometry": {"type": "Point", "coordinates": [119.59724, 23.63387]}, "properties": {"id": 666, "type": "fixed_speed", "city": "澎湖縣", "district": "白沙鄉", "address": "縣道203線講美段12.3K", "direction": "南往北", "speed_limit": 50}}, {"type": "Feature", "geometry": {"type": "Point", "coordinates": [119.59951, 23.64951]}, "properties": {"id": 667, "type": "fixed_speed", "city": "澎湖縣", "district": "白沙鄉", "address": "縣道203線港子段14K", "direction": "北向南", "speed_limit": 50}}, {"type": "Feature", "geometry": {"type": "Point", "coordinates": [119.60072, 23.630825]}, "properties": {"id": 668, "type": "fixed_speed", "city": "澎湖縣", "district": "白沙鄉", "address": "縣道203線講美段11.72K", "direction": "東南向西北", "speed_limit": 50}}, {"type": "Feature", "geometry": {"type": "Point", "coordinates": [119.60277, 23.66645]}, "properties": {"id": 669, "type": "fixed_speed", "city": "澎湖縣", "district": "白沙鄉", "address": "白沙鄉赤崁村聯外橋樑北端出口岔路", "direction": "南向北", "speed_limit": 40}}, {"type": "Feature", "geometry": {"type": "Point", "coordinates": [119.60889, 23.61199]}, "properties": {"id": 670, "type": "fixed_speed", "city": "澎湖縣", "district": "白沙鄉", "address": "縣道203線中屯段9.5K", "direction": "北向南", "speed_limit": 50}}, {"type": "Feature", "geometry": {"type": "Point", "coordinates": [119.5091, 23.59831]}, "properties": {"id": 671, "type": "fixed_speed", "city": "澎湖縣", "district": "西嶼鄉", "address": "縣道203線池東段30.4K", "direction": "北向南", "speed_limit": 50}}, {"type": "Feature", "geometry": {"type": "Point", "coordinates": [119.51485, 23.61152]}, "properties": {"id": 672, "type": "fixed_speed", "city": "澎湖縣", "district": "西嶼鄉", "address": "縣道203線二崁與大池岔路口", "direction": "南向北", "speed_limit": 70}}, {"type": "Feature", "geometry": {"type": "Point", "coordinates": [119.52853, 23.63683]}, "properties": {"id": 673, "type": "fixed_speed", "city": "澎湖縣", "district": "西嶼鄉", "address": "縣道203線合界段24.8K", "direction": "西向東", "speed_limit": 70}}, {"type": "Feature", "geometry": {"type": "Point", "coordinates": [121.697014, 25.128988]}, "properties": {"id": 674, "type": "fixed_speed", "city": "基隆市", "district": null, "address": "台62線快速道路1.7K至0.7K(瑪陵隧道東往西)區間測速", "direction": "東往西", "speed_limit": 70}}, {"type": "Feature", "geometry": {"type": "Point", "coordinates": [121.714615, 25.09623]}, "properties": {"id": 675, "type": "fixed_speed", "city": "基隆市", "district": null, "address": "光明路七堵停車場前(南往北)", "direction": "南往北", "speed_limit": 50}}, {"type": "Feature", "geometry": {"type": "Point", "coordinates": [121.74583, 25.134758]}, "properties": {"id": 676, "type": "fixed_speed", "city": "基隆市", "district": "中正區", "address": "中正路信五路口", "direction": "南向北", "speed_limit": 50}}, {"type": "Feature", "geometry": {"type": "Point", "coordinates": [121.74661, 25.129442]}, "properties": {"id": 677, "type": "fixed_speed", "city": "基隆市", "district": "中正區", "address": "信一路義三路口", "direction": "東向西", "speed_limit": 50}}, {"type": "Feature", "geometry": {"type": "Point", "coordinates": [121.74951, 25.137762]}, "properties": {"id": 678, "type": "fixed_speed", "city": "基隆市", "district": "中正區", "address": "中正路中船路口(南口)", "direction": "北向南", "speed_limit": 50}}, {"type": "Feature", "geometry": {"type": "Point", "coordinates": [121.75327, 25.139477]}, "properties": {"id": 679, "type": "fixed_speed", "city": "基隆市", "district": "中正區", "address": "台62甲線、東海街口", "direction": "南向北", "speed_limit": 40}}, {"type": "Feature", "geometry": {"type": "Point", "coordinates": [121.77228, 25.13217]}, "properties": {"id": 680, "type": "fixed_speed", "city": "基隆市", "district": "中正區", "address": "台62甲1號隧道出口(0.7K處)", "direction": "南向北", "speed_limit": 50}}, {"type": "Feature", "geometry": {"type": "Point", "coordinates": [121.777985, 25.151018]}, "properties": {"id": 681, "type": "fixed_speed", "city": "基隆市", "district": "中正區", "address": "北寧路(海洋大學前)", "direction": "南北雙向", "speed_limit": 50}}, {"type": "Feature", "geometry": {"type": "Point", "coordinates": [121.77938, 25.124674]}, "properties": {"id": 682, "type": "fixed_speed", "city": "基隆市", "district": "中正區", "address": "台62甲線3號隧道出口處至東海街出口(南往北)區間測速", "direction": "南往北", "speed_limit": 50}}, {"type": "Feature", "geometry": {"type": "Point", "coordinates": [121.79835, 25.132046]}, "properties": {"id": 683, "type": "fixed_speed", "city": "基隆市", "district": "中正區", "address": "調和街154之3號旁", "direction": "南北雙向", "speed_limit": 50}}, {"type": "Feature", "geometry": {"type": "Point", "coordinates": [121.79962, 25.129658]}, "properties": {"id": 684, "type": "fixed_speed", "city": "基隆市", "district": "中正區", "address": "調和街242號對面處", "direction": "南北雙向", "speed_limit": 50}}, {"type": "Feature", "geometry": {"type": "Point", "coordinates": [121.68534, 25.114391]}, "properties": {"id": 685, "type": "fixed_speed", "city": "基隆市", "district": "七堵區", "address": "新台五路、福三街口(北向南)", "direction": "北向南", "speed_limit": 50}}, {"type": "Feature", "geometry": {"type": "Point", "coordinates": [121.68742, 25.075933]}, "properties": {"id": 686, "type": "fixed_speed", "city": "基隆市", "district": "七堵區", "address": "明德三路(長春貨櫃)", "direction": "南向北", "speed_limit": 50}}, {"type": "Feature", "geometry": {"type": "Point", "coordinates": [121.69048, 25.112968]}, "properties": {"id": 687, "type": "fixed_speed", "city": "基隆市", "district": "七堵區", "address": "大埔交流道、大同街口", "direction": "西向東", "speed_limit": 40}}, {"type": "Feature", "geometry": {"type": "Point", "coordinates": [121.6918, 25.076023]}, "properties": {"id": 688, "type": "fixed_speed", "city": "基隆市", "district": "七堵區", "address": "新台五線五堵橋頭(台5線19K+107)", "direction": "南向北", "speed_limit": 50}}, {"type": "Feature", "geometry": {"type": "Point", "coordinates": [121.6935, 25.115122]}, "properties": {"id": 689, "type": "fixed_speed", "city": "基隆市", "district": "七堵區", "address": "萬瑞快速道路(台62線)3.4K(西行)", "direction": "東向西", "speed_limit": 80}}, {"type": "Feature", "geometry": {"type": "Point", "coordinates": [121.69441, 25.116095]}, "properties": {"id": 690, "type": "fixed_speed", "city": "基隆市", "district": "七堵區", "address": "萬瑞快速道路(台62線)3K+290(東行)", "direction": "西向東", "speed_limit": 80}}, {"type": "Feature", "geometry": {"type": "Point", "coordinates": [121.69552, 25.087847]}, "properties": {"id": 691, "type": "fixed_speed", "city": "基隆市", "district": "七堵區", "address": "實踐路294巷口", "direction": "北向南", "speed_limit": 50}}, {"type": "Feature", "geometry": {"type": "Point", "coordinates": [121.69604, 25.101782]}, "properties": {"id": 692, "type": "fixed_speed", "city": "基隆市", "district": "七堵區", "address": "大華二路46號對面處", "direction": "東西雙向", "speed_limit": 50}}, {"type": "Feature", "geometry": {"type": "Point", "coordinates": [121.69804, 25.08034]}, "properties": {"id": 693, "type": "fixed_speed", "city": "基隆市", "district": "七堵區", "address": "新台五路、福三街口(南向北)", "direction": "南向北", "speed_limit": 50}}, {"type": "Feature", "geometry": {"type": "Point", "coordinates": [121.69944, 25.0925]}, "properties": {"id": 694, "type": "fixed_speed", "city": "基隆市", "district": "七堵區", "address": "工建西路、工建路口", "direction": "北向南", "speed_limit": 50}}, {"type": "Feature", "geometry": {"type": "Point", "coordinates": [121.70143, 25.089521]}, "properties": {"id": 695, "type": "fixed_speed", "city": "基隆市", "district": "七堵區", "address": "工建路7號前", "direction": "東西雙向", "speed_limit": 50}}, {"type": "Feature", "geometry": {"type": "Point", "coordinates": [121.703125, 25.081993]}, "properties": {"id": 696, "type": "fixed_speed", "city": "基隆市", "district": "七堵區", "address": "明德二路(台五線20K+422)南向", "direction": "北向南", "speed_limit": 50}}, {"type": "Feature", "geometry": {"type": "Point", "coordinates": [121.70324, 25.081923]}, "properties": {"id": 697, "type": "fixed_speed", "city": "基隆市", "district": "七堵區", "address": "明德二路(台5線20.5K處)北向", "direction": "南向北", "speed_limit": 50}}, {"type": "Feature", "geometry": {"type": "Point", "coordinates": [121.707184, 25.090446]}, "properties": {"id": 698, "type": "fixed_speed", "city": "基隆市", "district": "七堵區", "address": "明德二路2之1號前", "direction": "南向北", "speed_limit": 50}}, {"type": "Feature", "geometry": {"type": "Point", "coordinates": [121.71404, 25.095709]}, "properties": {"id": 699, "type": "fixed_speed", "city": "基隆市", "district": "七堵區", "address": "光明路106號前", "direction": "南北雙向", "speed_limit": 50}}, {"type": "Feature", "geometry": {"type": "Point", "coordinates": [121.72598, 25.103748]}, "properties": {"id": 700, "type": "fixed_speed", "city": "基隆市", "district": "七堵區", "address": "八堵路185巷口(南下)", "direction": "北向南", "speed_limit": 50}}, {"type": "Feature", "geometry": {"type": "Point", "coordinates": [121.726135, 25.103262]}, "properties": {"id": 701, "type": "fixed_speed", "city": "基隆市", "district": "七堵區", "address": "八堵路185巷口(北上)", "direction": "南向北", "speed_limit": 50}}, {"type": "Feature", "geometry": {"type": "Point", "coordinates": [121.730316, 25.108835]}, "properties": {"id": 702, "type": "fixed_speed", "city": "基隆市", "district": "七堵區", "address": "八堵路、水源路口南側花圃(北往南)", "direction": "北往南", "speed_limit": 50}}, {"type": "Feature", "geometry": {"type": "Point", "coordinates": [121.735, 25.11111]}, "properties": {"id": 703, "type": "fixed_speed", "city": "基隆市", "district": "七堵區", "address": "八堵路國安路口", "direction": "南向北", "speed_limit": 50}}, {"type": "Feature", "geometry": {"type": "Point", "coordinates": [121.75308, 25.10187]}, "properties": {"id": 704, "type": "fixed_speed", "city": "基隆市", "district": "七堵區", "address": "萬瑞快速道路(台62線)11K+280(西行)", "direction": "東向西", "speed_limit": 80}}, {"type": "Feature", "geometry": {"type": "Point", "coordinates": [121.754326, 25.102283]}, "properties": {"id": 705, "type": "fixed_speed", "city": "基隆市", "district": "七堵區", "address": "萬瑞快速道路(台62線)11K+470(東行)", "direction": "西向東", "speed_limit": 80}}, {"type": "Feature", "geometry": {"type": "Point", "coordinates": [121.73433, 25.104801]}, "properties": {"id": 706, "type": "fixed_speed", "city": "基隆市", "district": "暖暖區", "address": "源遠路、水源路口", "direction": "西向東", "speed_limit": 50}}, {"type": "Feature", "geometry": {"type": "Point", "coordinates": [121.73496, 25.104843]}, "properties": {"id": 707, "type": "fixed_speed", "city": "基隆市", "district": "暖暖區", "address": "東勢街47之3號旁", "direction": "南北雙向", "speed_limit": 50}}, {"type": "Feature", "geometry": {"type": "Point", "coordinates": [121.737564, 25.1053]}, "properties": {"id": 708, "type": "fixed_speed", "city": "基隆市", "district": "暖暖區", "address": "過港路、寧靜街口", "direction": "東向西", "speed_limit": 50}}, {"type": "Feature", "geometry": {"type": "Point", "coordinates": [121.73952, 25.102694]}, "properties": {"id": 709, "type": "fixed_speed", "city": "基隆市", "district": "暖暖區", "address": "源遠路、暖暖街口", "direction": "西向東", "speed_limit": 50}}, {"type": "Feature", "geometry": {"type": "Point", "coordinates": [121.74865, 25.083538]}, "properties": {"id": 710, "type": "fixed_speed", "city": "基隆市", "district": "暖暖區", "address": "東勢街、暖濃橋口", "direction": "南向北", "speed_limit": 40}}, {"type": "Feature", "geometry": {"type": "Point", "coordinates": [121.7531, 25.10219]}, "properties": {"id": 711, "type": "fixed_speed", "city": "基隆市", "district": "暖暖區", "address": "台62線快速道路11.3K至6.2K(東往西)區間測速", "direction": "東向西", "speed_limit": 80}}, {"type": "Feature", "geometry": {"type": "Point", "coordinates": [121.75474, 25.098783]}, "properties": {"id": 712, "type": "fixed_speed", "city": "基隆市", "district": "暖暖區", "address": "源遠路249巷口", "direction": "東向西", "speed_limit": 50}}, {"type": "Feature", "geometry": {"type": "Point", "coordinates": [121.75572, 25.076906]}, "properties": {"id": 713, "type": "fixed_speed", "city": "基隆市", "district": "暖暖區", "address": "東勢街與東安一號橋口", "direction": "南向北", "speed_limit": 40}}, {"type": "Feature", "geometry": {"type": "Point", "coordinates": [121.75822, 25.074478]}, "properties": {"id": 714, "type": "fixed_speed", "city": "基隆市", "district": "暖暖區", "address": "基平隧道北端出口處往基隆", "direction": "南北雙向", "speed_limit": 40}}, {"type": "Feature", "geometry": {"type": "Point", "coordinates": [121.762505, 25.06859]}, "properties": {"id": 715, "type": "fixed_speed", "city": "基隆市", "district": "暖暖區", "address": "基平隧道5K+120往基隆", "direction": "南北相向", "speed_limit": 50}}, {"type": "Feature", "geometry": {"type": "Point", "coordinates": [121.73689, 25.124693]}, "properties": {"id": 716, "type": "fixed_speed", "city": "基隆市", "district": "仁愛區", "address": "29號橋", "direction": "南向北", "speed_limit": 50}}, {"type": "Feature", "geometry": {"type": "Point", "coordinates": [121.73988, 25.112759]}, "properties": {"id": 717, "type": "fixed_speed", "city": "基隆市", "district": "仁愛區", "address": "南榮路509巷口", "direction": "南向北", "speed_limit": 50}}, {"type": "Feature", "geometry": {"type": "Point", "coordinates": [121.74288, 25.123173]}, "properties": {"id": 718, "type": "fixed_speed", "city": "基隆市", "district": "仁愛區", "address": "南榮路64巷口", "direction": "北向南", "speed_limit": 50}}, {"type": "Feature", "geometry": {"type": "Point", "coordinates": [121.74344, 25.119383]}, "properties": {"id": 719, "type": "fixed_speed", "city": "基隆市", "district": "仁愛區", "address": "南榮路319巷口", "direction": "南向北", "speed_limit": 50}}, {"type": "Feature", "geometry": {"type": "Point", "coordinates": [121.7342, 25.153727]}, "properties": {"id": 720, "type": "fixed_speed", "city": "基隆市", "district": "中山區", "address": "文化路116號前", "direction": "東西雙向", "speed_limit": 50}}, {"type": "Feature", "geometry": {"type": "Point", "coordinates": [121.737, 25.13015]}, "properties": {"id": 721, "type": "fixed_speed", "city": "基隆市", "district": "中山區", "address": "西岸高架橋南下0K+460處", "direction": "北向南", "speed_limit": 50}}, {"type": "Feature", "geometry": {"type": "Point", "coordinates": [121.738014, 25.147667]}, "properties": {"id": 722, "type": "fixed_speed", "city": "基隆市", "district": "中山區", "address": "中華路97巷口", "direction": "西向東", "speed_limit": 50}}, {"type": "Feature", "geometry": {"type": "Point", "coordinates": [121.73884, 25.141909]}, "properties": {"id": 723, "type": "fixed_speed", "city": "基隆市", "district": "中山區", "address": "中山二路、健民街口(南向)", "direction": "北向南", "speed_limit": 50}}, {"type": "Feature", "geometry": {"type": "Point", "coordinates": [121.73922, 25.133802]}, "properties": {"id": 724, "type": "fixed_speed", "city": "基隆市", "district": "中山區", "address": "西岸高架橋北端路口處", "direction": "南向北", "speed_limit": 50}}, {"type": "Feature", "geometry": {"type": "Point", "coordinates": [121.73923, 25.141153]}, "properties": {"id": 725, "type": "fixed_speed", "city": "基隆市", "district": "中山區", "address": "中山二路、健民街口(北向)", "direction": "南向北", "speed_limit": 50}}, {"type": "Feature", "geometry": {"type": "Point", "coordinates": [121.74045, 25.13845]}, "properties": {"id": 726, "type": "fixed_speed", "city": "基隆市", "district": "中山區", "address": "中山二路65巷口", "direction": "北向南", "speed_limit": 50}}, {"type": "Feature", "geometry": {"type": "Point", "coordinates": [121.740974, 25.136154]}, "properties": {"id": 727, "type": "fixed_speed", "city": "基隆市", "district": "中山區", "address": "中山一路、港西街口", "direction": "北向南", "speed_limit": 50}}, {"type": "Feature", "geometry": {"type": "Point", "coordinates": [121.740974, 25.138008]}, "properties": {"id": 728, "type": "fixed_speed", "city": "基隆市", "district": "中山區", "address": "中山二路36巷口", "direction": "南向北", "speed_limit": 50}}, {"type": "Feature", "geometry": {"type": "Point", "coordinates": [121.69114, 25.161203]}, "properties": {"id": 729, "type": "fixed_speed", "city": "基隆市", "district": "安樂區", "address": "基金三路下坡路段(路燈編號68419處)", "direction": "西向東", "speed_limit": 50}}, {"type": "Feature", "geometry": {"type": "Point", "coordinates": [121.695404, 25.157051]}, "properties": {"id": 730, "type": "fixed_speed", "city": "基隆市", "district": "安樂區", "address": "基金三路、武隆街口", "direction": "西向東", "speed_limit": 50}}, {"type": "Feature", "geometry": {"type": "Point", "coordinates": [121.695755, 25.156769]}, "properties": {"id": 731, "type": "fixed_speed", "city": "基隆市", "district": "安樂區", "address": "基金三路、武聖街口", "direction": "東向西", "speed_limit": 50}}, {"type": "Feature", "geometry": {"type": "Point", "coordinates": [121.699745, 25.149271]}, "properties": {"id": 732, "type": "fixed_speed", "city": "基隆市", "district": "安樂區", "address": "基金三路、武訓街口(東向)", "direction": "西向東", "speed_limit": 50}}, {"type": "Feature", "geometry": {"type": "Point", "coordinates": [121.70003, 25.148745]}, "properties": {"id": 733, "type": "fixed_speed", "city": "基隆市", "district": "安樂區", "address": "基金三路、武訓街口(西向)", "direction": "東向西", "speed_limit": 50}}, {"type": "Feature", "geometry": {"type": "Point", "coordinates": [121.70153, 25.162273]}, "properties": {"id": 734, "type": "fixed_speed", "city": "基隆市", "district": "安樂區", "address": "北濱公路(台2線)、武聖街144巷口", "direction": "西向東", "speed_limit": 50}}, {"type": "Feature", "geometry": {"type": "Point", "coordinates": [121.703316, 25.141867]}, "properties": {"id": 735, "type": "fixed_speed", "city": "基隆市", "district": "安樂區", "address": "萬瑞快速公路(台62線)、基金二路一巷口", "direction": "東向西", "speed_limit": 40}}, {"type": "Feature", "geometry": {"type": "Point", "coordinates": [121.70965, 25.14201]}, "properties": {"id": 736, "type": "fixed_speed", "city": "基隆市", "district": "安樂區", "address": "基金一路135巷口", "direction": "西向東", "speed_limit": 50}}, {"type": "Feature", "geometry": {"type": "Point", "coordinates": [121.70991, 25.141825]}, "properties": {"id": 737, "type": "fixed_speed", "city": "基隆市", "district": "安樂區", "address": "基金一路208巷口", "direction": "東向西", "speed_limit": 50}}, {"type": "Feature", "geometry": {"type": "Point", "coordinates": [121.71468, 25.13953]}, "properties": {"id": 738, "type": "fixed_speed", "city": "基隆市", "district": "安樂區", "address": "基金一路、5B匝道口", "direction": "東向西", "speed_limit": 50}}, {"type": "Feature", "geometry": {"type": "Point", "coordinates": [121.71967, 25.12792]}, "properties": {"id": 739, "type": "fixed_speed", "city": "基隆市", "district": "安樂區", "address": "麥金路、樂利三街口", "direction": "東向西", "speed_limit": 50}}, {"type": "Feature", "geometry": {"type": "Point", "coordinates": [121.72058, 25.133339]}, "properties": {"id": 740, "type": "fixed_speed", "city": "基隆市", "district": "安樂區", "address": "麥金路749號前", "direction": "西向東", "speed_limit": 50}}, {"type": "Feature", "geometry": {"type": "Point", "coordinates": [121.72194, 25.12111]}, "properties": {"id": 741, "type": "fixed_speed", "city": "基隆市", "district": "安樂區", "address": "麥金路222號(長庚醫院)前", "direction": "東向西", "speed_limit": 50}}, {"type": "Feature", "geometry": {"type": "Point", "coordinates": [121.72526, 25.122475]}, "properties": {"id": 742, "type": "fixed_speed", "city": "基隆市", "district": "安樂區", "address": "安樂路二段127號(中華電信)前", "direction": "南向北", "speed_limit": 50}}, {"type": "Feature", "geometry": {"type": "Point", "coordinates": [121.72644, 25.116156]}, "properties": {"id": 743, "type": "fixed_speed", "city": "基隆市", "district": "安樂區", "address": "麥金路12號前", "direction": "東向西", "speed_limit": 50}}, {"type": "Feature", "geometry": {"type": "Point", "coordinates": [121.72914, 25.13433]}, "properties": {"id": 744, "type": "fixed_speed", "city": "基隆市", "district": "安樂區", "address": "安一路(十全亭公園旁)", "direction": "西向東", "speed_limit": 50}}, {"type": "Feature", "geometry": {"type": "Point", "coordinates": [121.733025, 25.12841]}, "properties": {"id": 745, "type": "fixed_speed", "city": "基隆市", "district": "安樂區", "address": "安樂路一段、崇德街口", "direction": "南向北", "speed_limit": 50}}, {"type": "Feature", "geometry": {"type": "Point", "coordinates": [121.7445, 25.13194]}, "properties": {"id": 746, "type": "fixed_speed", "city": "基隆市", "district": "信義區", "address": "信二、義一路口", "direction": "北向南", "speed_limit": 50}}, {"type": "Feature", "geometry": {"type": "Point", "coordinates": [121.75611, 25.12801]}, "properties": {"id": 747, "type": "fixed_speed", "city": "基隆市", "district": "信義區", "address": "仁一、月眉路口", "direction": "西向東", "speed_limit": 50}}, {"type": "Feature", "geometry": {"type": "Point", "coordinates": [121.76871, 25.128124]}, "properties": {"id": 748, "type": "fixed_speed", "city": "基隆市", "district": "信義區", "address": "培德路2巷口", "direction": "東向西", "speed_limit": 50}}, {"type": "Feature", "geometry": {"type": "Point", "coordinates": [121.77834, 25.12806]}, "properties": {"id": 749, "type": "fixed_speed", "city": "基隆市", "district": "信義區", "address": "台62甲線孝東匝道口", "direction": "南向北", "speed_limit": 40}}, {"type": "Feature", "geometry": {"type": "Point", "coordinates": [121.77956, 25.12413]}, "properties": {"id": 750, "type": "fixed_speed", "city": "基隆市", "district": "信義區", "address": "台62甲線3號隧道內南下3.69K處", "direction": "北往南", "speed_limit": 60}}, {"type": "Feature", "geometry": {"type": "Point", "coordinates": [121.77978, 25.124207]}, "properties": {"id": 751, "type": "fixed_speed", "city": "基隆市", "district": "信義區", "address": "台62甲線3號隧道內北上3.7K處", "direction": "南往北", "speed_limit": 60}}, {"type": "Feature", "geometry": {"type": "Point", "coordinates": [121.78361, 25.13]}, "properties": {"id": 752, "type": "fixed_speed", "city": "基隆市", "district": "信義區", "address": "深澳坑路118號前", "direction": "西向東", "speed_limit": 50}}, {"type": "Feature", "geometry": {"type": "Point", "coordinates": [121.79071, 25.12422]}, "properties": {"id": 753, "type": "fixed_speed", "city": "基隆市", "district": "信義區", "address": "深澳坑路240號旁", "direction": "東西雙向", "speed_limit": 50}}, {"type": "Feature", "geometry": {"type": "Point", "coordinates": [120.96173, 24.762646]}, "properties": {"id": 754, "type": "fixed_speed", "city": "新竹市", "district": "東區", "address": "柴橋路255巷口", "direction": "南向北", "speed_limit": 40}}, {"type": "Feature", "geometry": {"type": "Point", "coordinates": [120.973694, 24.80587]}, "properties": {"id": 755, "type": "fixed_speed", "city": "新竹市", "district": "東區", "address": "東大高架民族路上方", "direction": "西向東", "speed_limit": 50}}, {"type": "Feature", "geometry": {"type": "Point", "coordinates": [120.97689, 24.803886]}, "properties": {"id": 756, "type": "fixed_speed", "city": "新竹市", "district": "東區", "address": "東大高架花園街上方", "direction": "東向西", "speed_limit": 50}}, {"type": "Feature", "geometry": {"type": "Point", "coordinates": [120.98113, 24.814762]}, "properties": {"id": 757, "type": "fixed_speed", "city": "新竹市", "district": "東區", "address": "經國路、鐵道路二段口", "direction": "北向南", "speed_limit": 50}}, {"type": "Feature", "geometry": {"type": "Point", "coordinates": [120.98239, 24.788258]}, "properties": {"id": 758, "type": "fixed_speed", "city": "新竹市", "district": "東區", "address": "寶山路317巷口(高峰植物園)", "direction": "東向西", "speed_limit": 50}}, {"type": "Feature", "geometry": {"type": "Point", "coordinates": [120.982635, 24.810917]}, "properties": {"id": 759, "type": "fixed_speed", "city": "新竹市", "district": "東區", "address": "自由路、民族路口", "direction": "東向西", "speed_limit": 50}}, {"type": "Feature", "geometry": {"type": "Point", "coordinates": [120.98313, 24.809292]}, "properties": {"id": 760, "type": "fixed_speed", "city": "新竹市", "district": "東區", "address": "中華路二段2號", "direction": "南往北", "speed_limit": 50}}, {"type": "Feature", "geometry": {"type": "Point", "coordinates": [120.98497, 24.778402]}, "properties": {"id": 761, "type": "fixed_speed", "city": "新竹市", "district": "東區", "address": "高翠路311號前", "direction": "雙向", "speed_limit": 40}}, {"type": "Feature", "geometry": {"type": "Point", "coordinates": [120.98553, 24.814775]}, "properties": {"id": 762, "type": "fixed_speed", "city": "新竹市", "district": "東區", "address": "公道五路三段、經國路一段口", "direction": "東向西", "speed_limit": 50}}, {"type": "Feature", "geometry": {"type": "Point", "coordinates": [120.98689, 24.822033]}, "properties": {"id": 763, "type": "fixed_speed", "city": "新竹市", "district": "東區", "address": "中華路一段2巷137號", "direction": "西向東", "speed_limit": 40}}, {"type": "Feature", "geometry": {"type": "Point", "coordinates": [120.98927, 24.812634]}, "properties": {"id": 764, "type": "fixed_speed", "city": "新竹市", "district": "東區", "address": "中華路一段284巷口", "direction": "西向東", "speed_limit": 50}}, {"type": "Feature", "geometry": {"type": "Point", "coordinates": [120.98983, 24.800165]}, "properties": {"id": 765, "type": "fixed_speed", "city": "新竹市", "district": "東區", "address": "光復路二段、忠孝路口", "direction": "東向西", "speed_limit": 50}}, {"type": "Feature", "geometry": {"type": "Point", "coordinates": [120.99061, 24.817444]}, "properties": {"id": 766, "type": "fixed_speed", "city": "新竹市", "district": "東區", "address": "溪埔路、經國路一段156巷50弄口", "direction": "北向南", "speed_limit": 50}}, {"type": "Feature", "geometry": {"type": "Point", "coordinates": [120.99193, 24.782099]}, "properties": {"id": 767, "type": "fixed_speed", "city": "新竹市", "district": "東區", "address": "新竹科學園區園區三路近研新四路", "direction": "往南", "speed_limit": 50}}, {"type": "Feature", "geometry": {"type": "Point", "coordinates": [120.99483, 24.818113]}, "properties": {"id": 768, "type": "fixed_speed", "city": "新竹市", "district": "東區", "address": "新竹市東區中華路一段52號前", "direction": "雙向", "speed_limit": 50}}, {"type": "Feature", "geometry": {"type": "Point", "coordinates": [120.99644, 24.775665]}, "properties": {"id": 769, "type": "fixed_speed", "city": "新竹市", "district": "東區", "address": "新竹科學園區園區三路世界先進前", "direction": "往南", "speed_limit": 50}}, {"type": "Feature", "geometry": {"type": "Point", "coordinates": [120.99802, 24.795918]}, "properties": {"id": 770, "type": "fixed_speed", "city": "新竹市", "district": "東區", "address": "光復路二段、建功路口", "direction": "東向西", "speed_limit": 50}}, {"type": "Feature", "geometry": {"type": "Point", "coordinates": [120.99819, 24.774435]}, "properties": {"id": 771, "type": "fixed_speed", "city": "新竹市", "district": "東區", "address": "園區三路121號台積電旁", "direction": "西向東", "speed_limit": 50}}, {"type": "Feature", "geometry": {"type": "Point", "coordinates": [121.00155, 24.781939]}, "properties": {"id": 772, "type": "fixed_speed", "city": "新竹市", "district": "東區", "address": "新竹科學園區新安路近展業一路口", "direction": "往東", "speed_limit": 50}}, {"type": "Feature", "geometry": {"type": "Point", "coordinates": [121.006386, 24.780663]}, "properties": {"id": 773, "type": "fixed_speed", "city": "新竹市", "district": "東區", "address": "新竹科學園區新安路近園區一路", "direction": "往北", "speed_limit": 50}}, {"type": "Feature", "geometry": {"type": "Point", "coordinates": [121.006836, 24.784254]}, "properties": {"id": 774, "type": "fixed_speed", "city": "新竹市", "district": "東區", "address": "新竹科學園區園區一路近竹村一路口", "direction": "往東", "speed_limit": 50}}, {"type": "Feature", "geometry": {"type": "Point", "coordinates": [121.006836, 24.784254]}, "properties": {"id": 775, "type": "fixed_speed", "city": "新竹市", "district": "東區", "address": "新竹科學園區園區一路近竹村一路口", "direction": "往西", "speed_limit": 50}}, {"type": "Feature", "geometry": {"type": "Point", "coordinates": [121.00824, 24.78629]}, "properties": {"id": 776, "type": "fixed_speed", "city": "新竹市", "district": "東區", "address": "新竹科學園區園區一路慈雲路橋下", "direction": "往東", "speed_limit": 50}}, {"type": "Feature", "geometry": {"type": "Point", "coordinates": [121.00926, 24.771814]}, "properties": {"id": 777, "type": "fixed_speed", "city": "新竹市", "district": "東區", "address": "新竹科學園區園區三路辰鴻加油站對面", "direction": "往北", "speed_limit": 50}}, {"type": "Feature", "geometry": {"type": "Point", "coordinates": [121.01094, 24.77858]}, "properties": {"id": 778, "type": "fixed_speed", "city": "新竹市", "district": "東區", "address": "新竹科學園區竹村七路近靜心湖出入口", "direction": "往南", "speed_limit": 40}}, {"type": "Feature", "geometry": {"type": "Point", "coordinates": [121.01379, 24.781918]}, "properties": {"id": 779, "type": "fixed_speed", "city": "新竹市", "district": "東區", "address": "新竹市東區光復路一段525巷67號前", "direction": "南往北", "speed_limit": 40}}, {"type": "Feature", "geometry": {"type": "Point", "coordinates": [121.014, 24.775927]}, "properties": {"id": 780, "type": "fixed_speed", "city": "新竹市", "district": "東區", "address": "新竹科學園區.園區一路近園區三路口", "direction": "往東", "speed_limit": 50}}, {"type": "Feature", "geometry": {"type": "Point", "coordinates": [121.01837, 24.784632]}, "properties": {"id": 781, "type": "fixed_speed", "city": "新竹市", "district": "東區", "address": "關新路、關新一街口(往光復路)", "direction": "北往南", "speed_limit": 30}}, {"type": "Feature", "geometry": {"type": "Point", "coordinates": [121.02655, 24.770788]}, "properties": {"id": 782, "type": "fixed_speed", "city": "新竹市", "district": "東區", "address": "新竹科學園區力行路近世界先進便道", "direction": "往北", "speed_limit": 50}}, {"type": "Feature", "geometry": {"type": "Point", "coordinates": [120.9245, 24.818996]}, "properties": {"id": 783, "type": "fixed_speed", "city": "新竹市", "district": "北區", "address": "西濱路、海埔路口", "direction": "北向南", "speed_limit": 60}}, {"type": "Feature", "geometry": {"type": "Point", "coordinates": [120.927216, 24.832527]}, "properties": {"id": 784, "type": "fixed_speed", "city": "新竹市", "district": "北區", "address": "西濱路、榮濱南路口", "direction": "南往北", "speed_limit": 60}}, {"type": "Feature", "geometry": {"type": "Point", "coordinates": [120.92734, 24.827642]}, "properties": {"id": 785, "type": "fixed_speed", "city": "新竹市", "district": "北區", "address": "西濱路、延平路三段口", "direction": "北向南", "speed_limit": 60}}, {"type": "Feature", "geometry": {"type": "Point", "coordinates": [120.9341, 24.845257]}, "properties": {"id": 786, "type": "fixed_speed", "city": "新竹市", "district": "北區", "address": "台68線榮濱路匝道口", "direction": "東向西", "speed_limit": 50}}, {"type": "Feature", "geometry": {"type": "Point", "coordinates": [120.93412, 24.842299]}, "properties": {"id": 787, "type": "fixed_speed", "city": "新竹市", "district": "北區", "address": "西濱路、東大路四段口(北上)", "direction": "南向北", "speed_limit": 60}}, {"type": "Feature", "geometry": {"type": "Point", "coordinates": [120.9342, 24.842539]}, "properties": {"id": 788, "type": "fixed_speed", "city": "新竹市", "district": "北區", "address": "西濱路、東大路四段口(南下)", "direction": "北向南", "speed_limit": 60}}, {"type": "Feature", "geometry": {"type": "Point", "coordinates": [120.94274, 24.844084]}, "properties": {"id": 789, "type": "fixed_speed", "city": "新竹市", "district": "北區", "address": "舊港1-1號前(舊港大橋)", "direction": "北向南", "speed_limit": 50}}, {"type": "Feature", "geometry": {"type": "Point", "coordinates": [120.94409, 24.838078]}, "properties": {"id": 790, "type": "fixed_speed", "city": "新竹市", "district": "北區", "address": "公道五路五段、東大路三段430巷口", "direction": "東往西(雙向)", "speed_limit": 50}}, {"type": "Feature", "geometry": {"type": "Point", "coordinates": [120.94431, 24.833956]}, "properties": {"id": 791, "type": "fixed_speed", "city": "新竹市", "district": "北區", "address": "天府路一段、東大路三段291巷口", "direction": "西向東", "speed_limit": 50}}, {"type": "Feature", "geometry": {"type": "Point", "coordinates": [120.95176, 24.832504]}, "properties": {"id": 792, "type": "fixed_speed", "city": "新竹市", "district": "北區", "address": "東大路三段77巷口(往市區-彎道)", "direction": "西向東", "speed_limit": 50}}, {"type": "Feature", "geometry": {"type": "Point", "coordinates": [120.95478, 24.829601]}, "properties": {"id": 793, "type": "fixed_speed", "city": "新竹市", "district": "北區", "address": "東大路三段110巷口(往南寮-機場彎道)", "direction": "東向西", "speed_limit": 50}}, {"type": "Feature", "geometry": {"type": "Point", "coordinates": [120.95555, 24.805037]}, "properties": {"id": 794, "type": "fixed_speed", "city": "新竹市", "district": "北區", "address": "經國路二段、延平路一段口", "direction": "北向南", "speed_limit": 50}}, {"type": "Feature", "geometry": {"type": "Point", "coordinates": [120.958046, 24.807743]}, "properties": {"id": 795, "type": "fixed_speed", "city": "新竹市", "district": "北區", "address": "經國路二段、磐石路口", "direction": "南向北", "speed_limit": 50}}, {"type": "Feature", "geometry": {"type": "Point", "coordinates": [120.95854, 24.830074]}, "properties": {"id": 796, "type": "fixed_speed", "city": "新竹市", "district": "北區", "address": "公道五路四段、防汛道路", "direction": "東向西", "speed_limit": 50}}, {"type": "Feature", "geometry": {"type": "Point", "coordinates": [120.96524, 24.817877]}, "properties": {"id": 797, "type": "fixed_speed", "city": "新竹市", "district": "北區", "address": "武陵路61巷口", "direction": "北向南", "speed_limit": 50}}, {"type": "Feature", "geometry": {"type": "Point", "coordinates": [120.96534, 24.817825]}, "properties": {"id": 798, "type": "fixed_speed", "city": "新竹市", "district": "北區", "address": "台68線東大路匝道口", "direction": "北向南", "speed_limit": 40}}, {"type": "Feature", "geometry": {"type": "Point", "coordinates": [120.96576, 24.812773]}, "properties": {"id": 799, "type": "fixed_speed", "city": "新竹市", "district": "北區", "address": "經國路二段、水田街口", "direction": "南向北", "speed_limit": 50}}, {"type": "Feature", "geometry": {"type": "Point", "coordinates": [120.968094, 24.820688]}, "properties": {"id": 800, "type": "fixed_speed", "city": "新竹市", "district": "北區", "address": "武陵路196巷口(武陵匝道口、荷蘭村)", "direction": "北向南", "speed_limit": 50}}, {"type": "Feature", "geometry": {"type": "Point", "coordinates": [120.97564, 24.825012]}, "properties": {"id": 801, "type": "fixed_speed", "city": "新竹市", "district": "北區", "address": "公道五路四段127號前", "direction": "西向東", "speed_limit": 40}}, {"type": "Feature", "geometry": {"type": "Point", "coordinates": [120.97796, 24.823582]}, "properties": {"id": 802, "type": "fixed_speed", "city": "新竹市", "district": "北區", "address": "湳雅街367號", "direction": "北向南", "speed_limit": 30}}, {"type": "Feature", "geometry": {"type": "Point", "coordinates": [120.88559, 24.736444]}, "properties": {"id": 803, "type": "fixed_speed", "city": "新竹市", "district": "香山區", "address": "台61線西濱快速公路85.2公里處", "direction": "南北", "speed_limit": 80}}, {"type": "Feature", "geometry": {"type": "Point", "coordinates": [120.90828, 24.742622]}, "properties": {"id": 804, "type": "fixed_speed", "city": "新竹市", "district": "香山區", "address": "中華路六段、五福路一段口", "direction": "南向北", "speed_limit": 60}}, {"type": "Feature", "geometry": {"type": "Point", "coordinates": [120.913246, 24.76286]}, "properties": {"id": 805, "type": "fixed_speed", "city": "新竹市", "district": "香山區", "address": "中華路五段832號前(香山火車)", "direction": "北向南", "speed_limit": 60}}, {"type": "Feature", "geometry": {"type": "Point", "coordinates": [120.915436, 24.731752]}, "properties": {"id": 806, "type": "fixed_speed", "city": "新竹市", "district": "香山區", "address": "中華路六段、南隘路口", "direction": "北向南", "speed_limit": 60}}, {"type": "Feature", "geometry": {"type": "Point", "coordinates": [120.91577, 24.767654]}, "properties": {"id": 807, "type": "fixed_speed", "city": "新竹市", "district": "香山區", "address": "中華路五段644巷口", "direction": "南向北", "speed_limit": 60}}, {"type": "Feature", "geometry": {"type": "Point", "coordinates": [120.916664, 24.720003]}, "properties": {"id": 808, "type": "fixed_speed", "city": "新竹市", "district": "香山區", "address": "中華路六段807號前", "direction": "南往北", "speed_limit": 60}}, {"type": "Feature", "geometry": {"type": "Point", "coordinates": [120.919235, 24.78108]}, "properties": {"id": 809, "type": "fixed_speed", "city": "新竹市", "district": "香山區", "address": "中華路五段320巷口", "direction": "南向北", "speed_limit": 60}}, {"type": "Feature", "geometry": {"type": "Point", "coordinates": [120.919395, 24.793509]}, "properties": {"id": 810, "type": "fixed_speed", "city": "新竹市", "district": "香山區", "address": "西濱快速公路、宮口街口", "direction": "南向北", "speed_limit": 80}}, {"type": "Feature", "geometry": {"type": "Point", "coordinates": [120.92019, 24.784409]}, "properties": {"id": 811, "type": "fixed_speed", "city": "新竹市", "district": "香山區", "address": "中華路五段208巷口", "direction": "北向南", "speed_limit": 60}}, {"type": "Feature", "geometry": {"type": "Point", "coordinates": [120.92257, 24.81397]}, "properties": {"id": 812, "type": "fixed_speed", "city": "新竹市", "district": "香山區", "address": "西濱路港南國小前", "direction": "南向北", "speed_limit": 60}}, {"type": "Feature", "geometry": {"type": "Point", "coordinates": [120.92646, 24.811949]}, "properties": {"id": 813, "type": "fixed_speed", "city": "新竹市", "district": "香山區", "address": "延平路二段961之1號旁", "direction": "南北", "speed_limit": 50}}, {"type": "Feature", "geometry": {"type": "Point", "coordinates": [120.92676, 24.78748]}, "properties": {"id": 814, "type": "fixed_speed", "city": "新竹市", "district": "香山區", "address": "中華路五段74號前", "direction": "北向南", "speed_limit": 60}}, {"type": "Feature", "geometry": {"type": "Point", "coordinates": [120.92787, 24.725458]}, "properties": {"id": 815, "type": "fixed_speed", "city": "新竹市", "district": "香山區", "address": "南隘路南隘國小前", "direction": "南向北", "speed_limit": 50}}, {"type": "Feature", "geometry": {"type": "Point", "coordinates": [120.92972, 24.788622]}, "properties": {"id": 816, "type": "fixed_speed", "city": "新竹市", "district": "香山區", "address": "中華路四段、牛埔南路口", "direction": "南向北", "speed_limit": 60}}, {"type": "Feature", "geometry": {"type": "Point", "coordinates": [120.93, 24.726501]}, "properties": {"id": 817, "type": "fixed_speed", "city": "新竹市", "district": "香山區", "address": "南隘路2段76號對面（南隘國小）", "direction": "雙向", "speed_limit": 50}}, {"type": "Feature", "geometry": {"type": "Point", "coordinates": [120.93678, 24.793715]}, "properties": {"id": 818, "type": "fixed_speed", "city": "新竹市", "district": "香山區", "address": "牛埔東路480號前", "direction": "北向南", "speed_limit": 50}}, {"type": "Feature", "geometry": {"type": "Point", "coordinates": [120.93832, 24.751755]}, "properties": {"id": 819, "type": "fixed_speed", "city": "新竹市", "district": "香山區", "address": "新竹市香山區五福路二段120巷口", "direction": "北往南", "speed_limit": 50}}, {"type": "Feature", "geometry": {"type": "Point", "coordinates": [120.945526, 24.79362]}, "properties": {"id": 820, "type": "fixed_speed", "city": "新竹市", "district": "香山區", "address": "中華路四段、東華路口", "direction": "南向北", "speed_limit": 60}}, {"type": "Feature", "geometry": {"type": "Point", "coordinates": [120.948944, 24.7953]}, "properties": {"id": 821, "type": "fixed_speed", "city": "新竹市", "district": "香山區", "address": "中華路四段224巷口", "direction": "南向北", "speed_limit": 60}}, {"type": "Feature", "geometry": {"type": "Point", "coordinates": [120.94983, 24.786226]}, "properties": {"id": 822, "type": "fixed_speed", "city": "新竹市", "district": "香山區", "address": "景觀大道201號前(觀景台)", "direction": "南向北", "speed_limit": 70}}, {"type": "Feature", "geometry": {"type": "Point", "coordinates": [120.95296, 24.77316]}, "properties": {"id": 823, "type": "fixed_speed", "city": "新竹市", "district": "香山區", "address": "景觀大道、東香路二段口", "direction": "北向南", "speed_limit": 70}}, {"type": "Feature", "geometry": {"type": "Point", "coordinates": [120.953094, 24.75506]}, "properties": {"id": 824, "type": "fixed_speed", "city": "新竹市", "district": "香山區", "address": "新竹市香山區景觀大道、五福路二段口", "direction": "北往南", "speed_limit": 50}}, {"type": "Feature", "geometry": {"type": "Point", "coordinates": [120.446365, 23.508509]}, "properties": {"id": 825, "type": "fixed_speed", "city": "嘉義市", "district": "東區", "address": "忠孝路750-2號前", "direction": "南北雙向", "speed_limit": 50}}, {"type": "Feature", "geometry": {"type": "Point", "coordinates": [120.4515, 23.498264]}, "properties": {"id": 826, "type": "fixed_speed", "city": "嘉義市", "district": "東區", "address": "忠孝路與義教街口", "direction": "南向北(超速闖紅燈)", "speed_limit": 50}}, {"type": "Feature", "geometry": {"type": "Point", "coordinates": [120.476776, 23.504309]}, "properties": {"id": 827, "type": "fixed_speed", "city": "嘉義市", "district": "東區", "address": "東義路653號前", "direction": "東向西", "speed_limit": 50}}, {"type": "Feature", "geometry": {"type": "Point", "coordinates": [120.39789, 23.491566]}, "properties": {"id": 828, "type": "fixed_speed", "city": "嘉義市", "district": "西區", "address": "北港路與埤竹路口", "direction": "西向東", "speed_limit": 60}}, {"type": "Feature", "geometry": {"type": "Point", "coordinates": [120.40342, 23.486872]}, "properties": {"id": 829, "type": "fixed_speed", "city": "嘉義市", "district": "西區", "address": "高鐵大道925號前", "direction": "東西雙向", "speed_limit": 70}}, {"type": "Feature", "geometry": {"type": "Point", "coordinates": [120.42458, 23.479553]}, "properties": {"id": 830, "type": "fixed_speed", "city": "嘉義市", "district": "西區", "address": "高鐵大道與四維路口", "direction": "西向東(超速闖紅燈)", "speed_limit": 50}}, {"type": "Feature", "geometry": {"type": "Point", "coordinates": [120.425064, 23.464802]}, "properties": {"id": 831, "type": "fixed_speed", "city": "嘉義市", "district": "西區", "address": "博愛路與自強街口", "direction": "南北雙向", "speed_limit": 50}}, {"type": "Feature", "geometry": {"type": "Point", "coordinates": [120.4309, 23.477198]}, "properties": {"id": 832, "type": "fixed_speed", "city": "嘉義市", "district": "西區", "address": "高鐵大道與福義街口", "direction": "東向西(超速闖紅燈)", "speed_limit": 50}}, {"type": "Feature", "geometry": {"type": "Point", "coordinates": [120.438644, 23.480522]}, "properties": {"id": 833, "type": "fixed_speed", "city": "嘉義市", "district": "西區", "address": "博愛路二段與中興路口", "direction": "南北雙向(超速闖紅燈)", "speed_limit": 50}}, {"type": "Feature", "geometry": {"type": "Point", "coordinates": [120.43907, 23.444014]}, "properties": {"id": 834, "type": "fixed_speed", "city": "嘉義市", "district": "西區", "address": "湖子內路與環湖一街口", "direction": "南北雙向(超速闖紅燈)", "speed_limit": 50}}, {"type": "Feature", "geometry": {"type": "Point", "coordinates": [120.44178, 23.478798]}, "properties": {"id": 835, "type": "fixed_speed", "city": "嘉義市", "district": "西區", "address": "嘉義市中山路與中正路口", "direction": "南北雙向(超速闖紅燈)", "speed_limit": 50}}, {"type": "Feature", "geometry": {"type": "Point", "coordinates": [120.442024, 23.479103]}, "properties": {"id": 836, "type": "fixed_speed", "city": "嘉義市", "district": "西區", "address": "嘉義市中山路與林森西路口", "direction": "南北雙向(超速闖紅燈)", "speed_limit": 50}}, {"type": "Feature", "geometry": {"type": "Point", "coordinates": [120.447655, 23.462564]}, "properties": {"id": 837, "type": "fixed_speed", "city": "嘉義市", "district": "西區", "address": "世賢路四段與美源街、興安街口", "direction": "東西雙向(超速、闖紅燈)", "speed_limit": 50}}, {"type": "Feature", "geometry": {"type": "Point", "coordinates": [121.549255, 25.090601]}, "properties": {"id": 838, "type": "fixed_speed", "city": "臺北市", "district": null, "address": "自強隧道區間測速", "direction": "南北雙向", "speed_limit": 50}}, {"type": "Feature", "geometry": {"type": "Point", "coordinates": [121.5559, 25.011496]}, "properties": {"id": 839, "type": "fixed_speed", "city": "臺北市", "district": null, "address": "辛亥隧道區間測速", "direction": "南北雙向", "speed_limit": 50}}, {"type": "Feature", "geometry": {"type": "Point", "coordinates": [121.54438, 25.066849]}, "properties": {"id": 840, "type": "fixed_speed", "city": "臺北市", "district": "松山區", "address": "復興北路車行地下道南出口處", "direction": "北向南", "speed_limit": 40}}, {"type": "Feature", "geometry": {"type": "Point", "coordinates": [121.552055, 25.05797]}, "properties": {"id": 841, "type": "fixed_speed", "city": "臺北市", "district": "松山區", "address": "民生東路四段97巷口", "direction": "西向東", "speed_limit": 50}}, {"type": "Feature", "geometry": {"type": "Point", "coordinates": [121.55304, 25.051691]}, "properties": {"id": 842, "type": "fixed_speed", "city": "臺北市", "district": "松山區", "address": "南京東路4段健康路口", "direction": "東西雙向", "speed_limit": 50}}, {"type": "Feature", "geometry": {"type": "Point", "coordinates": [121.55749, 25.06205]}, "properties": {"id": 843, "type": "fixed_speed", "city": "臺北市", "district": "松山區", "address": "民權東路4段民權公園前", "direction": "東西雙向", "speed_limit": 50}}, {"type": "Feature", "geometry": {"type": "Point", "coordinates": [121.5656, 25.054245]}, "properties": {"id": 844, "type": "fixed_speed", "city": "臺北市", "district": "松山區", "address": "健康路300號前", "direction": "東西雙向", "speed_limit": 50}}, {"type": "Feature", "geometry": {"type": "Point", "coordinates": [121.568436, 25.06195]}, "properties": {"id": 845, "type": "fixed_speed", "city": "臺北市", "district": "松山區", "address": "塔悠路近撫遠街261巷口", "direction": "北向南", "speed_limit": 50}}, {"type": "Feature", "geometry": {"type": "Point", "coordinates": [121.55731, 25.02906]}, "properties": {"id": 846, "type": "fixed_speed", "city": "臺北市", "district": "信義區", "address": "基隆路2段109號前", "direction": "南向北", "speed_limit": 50}}, {"type": "Feature", "geometry": {"type": "Point", "coordinates": [121.55998, 25.04131]}, "properties": {"id": 847, "type": "fixed_speed", "city": "臺北市", "district": "信義區", "address": "忠孝東路四段逸仙路口附近", "direction": "東西雙向", "speed_limit": 50}}, {"type": "Feature", "geometry": {"type": "Point", "coordinates": [121.56397, 25.047626]}, "properties": {"id": 848, "type": "fixed_speed", "city": "臺北市", "district": "信義區", "address": "市民大道5段50號前近東寧路口", "direction": "西向東", "speed_limit": 50}}, {"type": "Feature", "geometry": {"type": "Point", "coordinates": [121.5685, 25.047688]}, "properties": {"id": 849, "type": "fixed_speed", "city": "臺北市", "district": "信義區", "address": "基隆路1段49號前", "direction": "南向北", "speed_limit": 50}}, {"type": "Feature", "geometry": {"type": "Point", "coordinates": [121.57245, 25.045626]}, "properties": {"id": 850, "type": "fixed_speed", "city": "臺北市", "district": "信義區", "address": "永吉路松信路口", "direction": "東向西", "speed_limit": 50}}, {"type": "Feature", "geometry": {"type": "Point", "coordinates": [121.52674, 25.026731]}, "properties": {"id": 851, "type": "fixed_speed", "city": "臺北市", "district": "大安區", "address": "和平東路一段國立師範大學前", "direction": "西向東", "speed_limit": 50}}, {"type": "Feature", "geometry": {"type": "Point", "coordinates": [121.53368, 25.030283]}, "properties": {"id": 852, "type": "fixed_speed", "city": "臺北市", "district": "大安區", "address": "新生南路金華街", "direction": "北向南", "speed_limit": 50}}, {"type": "Feature", "geometry": {"type": "Point", "coordinates": [121.53406, 25.020033]}, "properties": {"id": 853, "type": "fixed_speed", "city": "臺北市", "district": "大安區", "address": "新生南路三段58號台大側門", "direction": "南向北", "speed_limit": 50}}, {"type": "Feature", "geometry": {"type": "Point", "coordinates": [121.53762, 25.026205]}, "properties": {"id": 854, "type": "fixed_speed", "city": "臺北市", "district": "大安區", "address": "建國高架道和平東路上方", "direction": "北向南", "speed_limit": 70}}, {"type": "Feature", "geometry": {"type": "Point", "coordinates": [121.53792, 25.027754]}, "properties": {"id": 855, "type": "fixed_speed", "city": "臺北市", "district": "大安區", "address": "建國南路2段179號前", "direction": "南向北", "speed_limit": 50}}, {"type": "Feature", "geometry": {"type": "Point", "coordinates": [121.53994, 25.044518]}, "properties": {"id": 856, "type": "fixed_speed", "city": "臺北市", "district": "大安區", "address": "市民大道三段214號前", "direction": "西向東", "speed_limit": 40}}, {"type": "Feature", "geometry": {"type": "Point", "coordinates": [121.54384, 25.01664]}, "properties": {"id": 857, "type": "fixed_speed", "city": "臺北市", "district": "大安區", "address": "基隆路長興街口", "direction": "南向北", "speed_limit": 50}}, {"type": "Feature", "geometry": {"type": "Point", "coordinates": [121.545944, 25.018555]}, "properties": {"id": 858, "type": "fixed_speed", "city": "臺北市", "district": "大安區", "address": "基隆高架道下敦化南路段", "direction": "南向北", "speed_limit": 60}}, {"type": "Feature", "geometry": {"type": "Point", "coordinates": [121.54883, 25.017244]}, "properties": {"id": 859, "type": "fixed_speed", "city": "臺北市", "district": "大安區", "address": "辛亥路三段157巷(下北二高)", "direction": "東向西", "speed_limit": 50}}, {"type": "Feature", "geometry": {"type": "Point", "coordinates": [121.552155, 25.04448]}, "properties": {"id": 860, "type": "fixed_speed", "city": "臺北市", "district": "大安區", "address": "市民高架道下光復南路", "direction": "東西雙向", "speed_limit": 80}}, {"type": "Feature", "geometry": {"type": "Point", "coordinates": [121.51977, 25.048206]}, "properties": {"id": 861, "type": "fixed_speed", "city": "臺北市", "district": "中山區", "address": "市民大道高架京站百貨前", "direction": "西向東", "speed_limit": 80}}, {"type": "Feature", "geometry": {"type": "Point", "coordinates": [121.52277, 25.054731]}, "properties": {"id": 862, "type": "fixed_speed", "city": "臺北市", "district": "中山區", "address": "建國北路農安街口", "direction": "北向南", "speed_limit": 50}}, {"type": "Feature", "geometry": {"type": "Point", "coordinates": [121.52277, 25.054731]}, "properties": {"id": 863, "type": "fixed_speed", "city": "臺北市", "district": "中山區", "address": "中山北路2段長春路口", "direction": "南向北", "speed_limit": 50}}, {"type": "Feature", "geometry": {"type": "Point", "coordinates": [121.5277, 25.066557]}, "properties": {"id": 864, "type": "fixed_speed", "city": "臺北市", "district": "中山區", "address": "新生北路高架道民族東路入口", "direction": "北向南", "speed_limit": 70}}, {"type": "Feature", "geometry": {"type": "Point", "coordinates": [121.53627, 25.077879]}, "properties": {"id": 865, "type": "fixed_speed", "city": "臺北市", "district": "中山區", "address": "北安路303號前", "direction": "東西雙向", "speed_limit": 50}}, {"type": "Feature", "geometry": {"type": "Point", "coordinates": [121.53678, 25.052633]}, "properties": {"id": 866, "type": "fixed_speed", "city": "臺北市", "district": "中山區", "address": "建國高架道長春路入口", "direction": "北向南", "speed_limit": 70}}, {"type": "Feature", "geometry": {"type": "Point", "coordinates": [121.540924, 25.077658]}, "properties": {"id": 867, "type": "fixed_speed", "city": "臺北市", "district": "中山區", "address": "明水路325號前", "direction": "東西雙向", "speed_limit": 50}}, {"type": "Feature", "geometry": {"type": "Point", "coordinates": [121.54244, 25.044632]}, "properties": {"id": 868, "type": "fixed_speed", "city": "臺北市", "district": "中山區", "address": "市民高架道下建國南路", "direction": "東西雙向", "speed_limit": 80}}, {"type": "Feature", "geometry": {"type": "Point", "coordinates": [121.54434, 25.071774]}, "properties": {"id": 869, "type": "fixed_speed", "city": "臺北市", "district": "中山區", "address": "復興北路(車行地下道北出口處)", "direction": "南向北", "speed_limit": 40}}, {"type": "Feature", "geometry": {"type": "Point", "coordinates": [121.566376, 25.076668]}, "properties": {"id": 870, "type": "fixed_speed", "city": "臺北市", "district": "中山區", "address": "樂群一路(基湖路口西往東天橋下(金泰公園))", "direction": "西向東", "speed_limit": 50}}, {"type": "Feature", "geometry": {"type": "Point", "coordinates": [121.50858, 25.043074]}, "properties": {"id": 871, "type": "fixed_speed", "city": "臺北市", "district": "中正區", "address": "中華路1段53號前", "direction": "南向北", "speed_limit": 50}}, {"type": "Feature", "geometry": {"type": "Point", "coordinates": [121.5118, 25.029182]}, "properties": {"id": 872, "type": "fixed_speed", "city": "臺北市", "district": "中正區", "address": "和平西路寧波西街口", "direction": "西向東", "speed_limit": 50}}, {"type": "Feature", "geometry": {"type": "Point", "coordinates": [121.515686, 25.028524]}, "properties": {"id": 873, "type": "fixed_speed", "city": "臺北市", "district": "中正區", "address": "重慶南路3段27巷口", "direction": "南北雙向", "speed_limit": 50}}, {"type": "Feature", "geometry": {"type": "Point", "coordinates": [121.51869, 25.04299]}, "properties": {"id": 874, "type": "fixed_speed", "city": "臺北市", "district": "中正區", "address": "中山南路近濟南路1段口", "direction": "東向西", "speed_limit": 50}}, {"type": "Feature", "geometry": {"type": "Point", "coordinates": [121.52018, 25.020859]}, "properties": {"id": 875, "type": "fixed_speed", "city": "臺北市", "district": "中正區", "address": "水源快速道路同安街口", "direction": "南向北", "speed_limit": 60}}, {"type": "Feature", "geometry": {"type": "Point", "coordinates": [121.53017, 25.038351]}, "properties": {"id": 876, "type": "fixed_speed", "city": "臺北市", "district": "中正區", "address": "仁愛路2段61號前右車道臨沂街口", "direction": "東向西", "speed_limit": 50}}, {"type": "Feature", "geometry": {"type": "Point", "coordinates": [121.508865, 25.065893]}, "properties": {"id": 877, "type": "fixed_speed", "city": "臺北市", "district": "大同區", "address": "環河北路2段昌吉街口", "direction": "南北雙向", "speed_limit": 60}}, {"type": "Feature", "geometry": {"type": "Point", "coordinates": [121.51083, 25.06288]}, "properties": {"id": 878, "type": "fixed_speed", "city": "臺北市", "district": "大同區", "address": "臺北橋機車道下橋近民權西路與延平北路口", "direction": "西向東", "speed_limit": 40}}, {"type": "Feature", "geometry": {"type": "Point", "coordinates": [121.519936, 25.074507]}, "properties": {"id": 879, "type": "fixed_speed", "city": "臺北市", "district": "大同區", "address": "承德路3段敦煌路口", "direction": "南北雙向", "speed_limit": 50}}, {"type": "Feature", "geometry": {"type": "Point", "coordinates": [121.48961, 25.03056]}, "properties": {"id": 880, "type": "fixed_speed", "city": "臺北市", "district": "萬華區", "address": "萬板大橋台北端引道", "direction": "往台北市", "speed_limit": 50}}, {"type": "Feature", "geometry": {"type": "Point", "coordinates": [121.492744, 25.02611]}, "properties": {"id": 881, "type": "fixed_speed", "city": "臺北市", "district": "萬華區", "address": "西園路2段光復橋頭往新北市", "direction": "東西雙向", "speed_limit": 50}}, {"type": "Feature", "geometry": {"type": "Point", "coordinates": [121.49679, 25.033098]}, "properties": {"id": 882, "type": "fixed_speed", "city": "臺北市", "district": "萬華區", "address": "艋舺大道297號台糖公司前", "direction": "東向西", "speed_limit": 50}}, {"type": "Feature", "geometry": {"type": "Point", "coordinates": [121.49712, 25.019234]}, "properties": {"id": 883, "type": "fixed_speed", "city": "臺北市", "district": "萬華區", "address": "萬大路華中橋頭", "direction": "南北雙向", "speed_limit": 50}}, {"type": "Feature", "geometry": {"type": "Point", "coordinates": [121.49719, 25.035313]}, "properties": {"id": 884, "type": "fixed_speed", "city": "臺北市", "district": "萬華區", "address": "和平西路3段199號前", "direction": "西向東", "speed_limit": 50}}, {"type": "Feature", "geometry": {"type": "Point", "coordinates": [121.499054, 25.041513]}, "properties": {"id": 885, "type": "fixed_speed", "city": "臺北市", "district": "萬華區", "address": "貴陽疏散門外堤外便道", "direction": "南向北", "speed_limit": 40}}, {"type": "Feature", "geometry": {"type": "Point", "coordinates": [121.5004, 25.043743]}, "properties": {"id": 886, "type": "fixed_speed", "city": "臺北市", "district": "萬華區", "address": "環河南路快速道路中興橋匝道(環河南路2段250巷口)", "direction": "北向南", "speed_limit": 60}}, {"type": "Feature", "geometry": {"type": "Point", "coordinates": [121.50114, 25.044512]}, "properties": {"id": 887, "type": "fixed_speed", "city": "臺北市", "district": "萬華區", "address": "環河南路1段77號對面", "direction": "北向南", "speed_limit": 40}}, {"type": "Feature", "geometry": {"type": "Point", "coordinates": [121.50749, 25.040014]}, "properties": {"id": 888, "type": "fixed_speed", "city": "臺北市", "district": "萬華區", "address": "中華路1段406號廣場前", "direction": "北向南", "speed_limit": 50}}, {"type": "Feature", "geometry": {"type": "Point", "coordinates": [121.53528, 24.999609]}, "properties": {"id": 889, "type": "fixed_speed", "city": "臺北市", "district": "文山區", "address": "水源快道路往南(景福匝道口)", "direction": "北向南", "speed_limit": 60}}, {"type": "Feature", "geometry": {"type": "Point", "coordinates": [121.539116, 25.001501]}, "properties": {"id": 890, "type": "fixed_speed", "city": "臺北市", "district": "文山區", "address": "羅斯福路5段240號前(近興隆路口)", "direction": "北向南", "speed_limit": 50}}, {"type": "Feature", "geometry": {"type": "Point", "coordinates": [121.539665, 24.989756]}, "properties": {"id": 891, "type": "fixed_speed", "city": "臺北市", "district": "文山區", "address": "羅斯福路6段469巷口(近育英街口)", "direction": "南向北", "speed_limit": 50}}, {"type": "Feature", "geometry": {"type": "Point", "coordinates": [121.54072, 24.992584]}, "properties": {"id": 892, "type": "fixed_speed", "city": "臺北市", "district": "文山區", "address": "羅斯福路6段226號前", "direction": "北向南", "speed_limit": 50}}, {"type": "Feature", "geometry": {"type": "Point", "coordinates": [121.551476, 24.991692]}, "properties": {"id": 893, "type": "fixed_speed", "city": "臺北市", "district": "文山區", "address": "辛亥路6段懷恩隧道出口處（往木柵）", "direction": "北向南", "speed_limit": 50}}, {"type": "Feature", "geometry": {"type": "Point", "coordinates": [121.55737, 25.009752]}, "properties": {"id": 894, "type": "fixed_speed", "city": "臺北市", "district": "文山區", "address": "辛亥路4段辛亥隧道出口", "direction": "北向南", "speed_limit": 50}}, {"type": "Feature", "geometry": {"type": "Point", "coordinates": [121.581245, 25.008957]}, "properties": {"id": 895, "type": "fixed_speed", "city": "臺北市", "district": "文山區", "address": "信義快速道路(北往南文山隧道出口處)", "direction": "北向南", "speed_limit": 70}}, {"type": "Feature", "geometry": {"type": "Point", "coordinates": [121.59139, 24.999096]}, "properties": {"id": 896, "type": "fixed_speed", "city": "臺北市", "district": "文山區", "address": "木柵路5段近100之1號", "direction": "西向東", "speed_limit": 50}}, {"type": "Feature", "geometry": {"type": "Point", "coordinates": [121.586235, 25.04997]}, "properties": {"id": 897, "type": "fixed_speed", "city": "臺北市", "district": "南港區", "address": "市民大道7段東新街  往東約100公尺處(忠孝東路6段159巷口)", "direction": "西向東", "speed_limit": 50}}, {"type": "Feature", "geometry": {"type": "Point", "coordinates": [121.586845, 25.048782]}, "properties": {"id": 898, "type": "fixed_speed", "city": "臺北市", "district": "南港區", "address": "忠孝東路6段159巷口", "direction": "東向西", "speed_limit": 50}}, {"type": "Feature", "geometry": {"type": "Point", "coordinates": [121.59186, 25.050976]}, "properties": {"id": 899, "type": "fixed_speed", "city": "臺北市", "district": "南港區", "address": "市民大道7段近昆陽街口", "direction": "東向西", "speed_limit": 50}}, {"type": "Feature", "geometry": {"type": "Point", "coordinates": [121.61159, 25.052607]}, "properties": {"id": 900, "type": "fixed_speed", "city": "臺北市", "district": "南港區", "address": "忠孝東路七段511號前", "direction": "西向東", "speed_limit": 50}}, {"type": "Feature", "geometry": {"type": "Point", "coordinates": [121.61222, 25.05411]}, "properties": {"id": 901, "type": "fixed_speed", "city": "臺北市", "district": "南港區", "address": "市民大道8段東南街口", "direction": "東向西", "speed_limit": 50}}, {"type": "Feature", "geometry": {"type": "Point", "coordinates": [121.613174, 25.053974]}, "properties": {"id": 902, "type": "fixed_speed", "city": "臺北市", "district": "南港區", "address": "市民大道8段500號前", "direction": "西向東", "speed_limit": 50}}, {"type": "Feature", "geometry": {"type": "Point", "coordinates": [121.614105, 25.057318]}, "properties": {"id": 903, "type": "fixed_speed", "city": "臺北市", "district": "南港區", "address": "三重路19-5號前", "direction": "北向南", "speed_limit": 50}}, {"type": "Feature", "geometry": {"type": "Point", "coordinates": [121.56998, 25.08173]}, "properties": {"id": 904, "type": "fixed_speed", "city": "臺北市", "district": "內湖區", "address": "內湖路1段324號前", "direction": "西向東", "speed_limit": 50}}, {"type": "Feature", "geometry": {"type": "Point", "coordinates": [121.57854, 25.053398]}, "properties": {"id": 905, "type": "fixed_speed", "city": "臺北市", "district": "內湖區", "address": "潭美街新明路460巷口", "direction": "西向東", "speed_limit": 50}}, {"type": "Feature", "geometry": {"type": "Point", "coordinates": [121.58095, 25.078457]}, "properties": {"id": 906, "type": "fixed_speed", "city": "臺北市", "district": "內湖區", "address": "文德路66巷口", "direction": "西向東", "speed_limit": 50}}, {"type": "Feature", "geometry": {"type": "Point", "coordinates": [121.58296, 25.060823]}, "properties": {"id": 907, "type": "fixed_speed", "city": "臺北市", "district": "內湖區", "address": "行善路233號前", "direction": "西向東", "speed_limit": 50}}, {"type": "Feature", "geometry": {"type": "Point", "coordinates": [121.585625, 25.056156]}, "properties": {"id": 908, "type": "fixed_speed", "city": "臺北市", "district": "內湖區", "address": "潭美街223號對面", "direction": "東西雙向", "speed_limit": 40}}, {"type": "Feature", "geometry": {"type": "Point", "coordinates": [121.586334, 25.059874]}, "properties": {"id": 909, "type": "fixed_speed", "city": "臺北市", "district": "內湖區", "address": "環東大道南京東路6段368巷口上方", "direction": "東向西", "speed_limit": 80}}, {"type": "Feature", "geometry": {"type": "Point", "coordinates": [121.58999, 25.074657]}, "properties": {"id": 910, "type": "fixed_speed", "city": "臺北市", "district": "內湖區", "address": "成功路2段373號前", "direction": "南向北", "speed_limit": 50}}, {"type": "Feature", "geometry": {"type": "Point", "coordinates": [121.59969, 25.066792]}, "properties": {"id": 911, "type": "fixed_speed", "city": "臺北市", "district": "內湖區", "address": "民權東路6段228號前", "direction": "西向東", "speed_limit": 50}}, {"type": "Feature", "geometry": {"type": "Point", "coordinates": [121.60028, 25.077787]}, "properties": {"id": 912, "type": "fixed_speed", "city": "臺北市", "district": "內湖區", "address": "金湖路200號前", "direction": "南向北", "speed_limit": 50}}, {"type": "Feature", "geometry": {"type": "Point", "coordinates": [121.604034, 25.083036]}, "properties": {"id": 913, "type": "fixed_speed", "city": "臺北市", "district": "內湖區", "address": "成功路5段152巷口", "direction": "西向東", "speed_limit": 50}}, {"type": "Feature", "geometry": {"type": "Point", "coordinates": [121.60424, 25.071281]}, "properties": {"id": 914, "type": "fixed_speed", "city": "臺北市", "district": "內湖區", "address": "民權東路六段423巷口", "direction": "東向西", "speed_limit": 50}}, {"type": "Feature", "geometry": {"type": "Point", "coordinates": [121.50743, 25.082521]}, "properties": {"id": 915, "type": "fixed_speed", "city": "臺北市", "district": "士林區", "address": "環河北路3段葫蘆街口", "direction": "南向北", "speed_limit": 50}}, {"type": "Feature", "geometry": {"type": "Point", "coordinates": [121.50822, 25.079073]}, "properties": {"id": 916, "type": "fixed_speed", "city": "臺北市", "district": "士林區", "address": "環河北路近敦煌路", "direction": "北向南", "speed_limit": 60}}, {"type": "Feature", "geometry": {"type": "Point", "coordinates": [121.51818, 25.089865]}, "properties": {"id": 917, "type": "fixed_speed", "city": "臺北市", "district": "士林區", "address": "承德路4段福港街口", "direction": "北向南", "speed_limit": 50}}, {"type": "Feature", "geometry": {"type": "Point", "coordinates": [121.52216, 25.080551]}, "properties": {"id": 918, "type": "fixed_speed", "city": "臺北市", "district": "士林區", "address": "承德路4段通河街口", "direction": "北向南", "speed_limit": 50}}, {"type": "Feature", "geometry": {"type": "Point", "coordinates": [121.52306, 25.08667]}, "properties": {"id": 919, "type": "fixed_speed", "city": "臺北市", "district": "士林區", "address": "承德路四段百齡高中前", "direction": "南向北", "speed_limit": 50}}, {"type": "Feature", "geometry": {"type": "Point", "coordinates": [121.52777, 25.096157]}, "properties": {"id": 920, "type": "fixed_speed", "city": "臺北市", "district": "士林區", "address": "中山北路5段中正路口", "direction": "北向南", "speed_limit": 50}}, {"type": "Feature", "geometry": {"type": "Point", "coordinates": [121.54253, 25.104]}, "properties": {"id": 921, "type": "fixed_speed", "city": "臺北市", "district": "士林區", "address": "仰德大道2段29巷", "direction": "往下山", "speed_limit": 40}}, {"type": "Feature", "geometry": {"type": "Point", "coordinates": [121.546036, 25.10817]}, "properties": {"id": 922, "type": "fixed_speed", "city": "臺北市", "district": "士林區", "address": "仰德大道2段115巷口", "direction": "往下山", "speed_limit": 40}}, {"type": "Feature", "geometry": {"type": "Point", "coordinates": [121.54652, 25.132162]}, "properties": {"id": 923, "type": "fixed_speed", "city": "臺北市", "district": "士林區", "address": "仰德大道四段75號格致國中前", "direction": "往下山", "speed_limit": 40}}, {"type": "Feature", "geometry": {"type": "Point", "coordinates": [121.55297, 25.119883]}, "properties": {"id": 924, "type": "fixed_speed", "city": "臺北市", "district": "士林區", "address": "仰德大道3段陽明山國小前", "direction": "北向南", "speed_limit": 40}}, {"type": "Feature", "geometry": {"type": "Point", "coordinates": [121.46587, 25.130178]}, "properties": {"id": 925, "type": "fixed_speed", "city": "臺北市", "district": "北投區", "address": "學園路臺北藝術大學門口", "direction": "往下山", "speed_limit": 40}}, {"type": "Feature", "geometry": {"type": "Point", "coordinates": [121.47776, 25.122429]}, "properties": {"id": 926, "type": "fixed_speed", "city": "臺北市", "district": "北投區", "address": "大度路往臺北方向", "direction": "北向南", "speed_limit": 60}}, {"type": "Feature", "geometry": {"type": "Point", "coordinates": [121.480316, 25.122408]}, "properties": {"id": 927, "type": "fixed_speed", "city": "臺北市", "district": "北投區", "address": "大度路往淡水方向", "direction": "南向北", "speed_limit": 60}}, {"type": "Feature", "geometry": {"type": "Point", "coordinates": [121.49684, 25.13034]}, "properties": {"id": 928, "type": "fixed_speed", "city": "臺北市", "district": "北投區", "address": "大業路412號前", "direction": "南向北", "speed_limit": 60}}, {"type": "Feature", "geometry": {"type": "Point", "coordinates": [121.49871, 25.107931]}, "properties": {"id": 929, "type": "fixed_speed", "city": "臺北市", "district": "北投區", "address": "洲美快速道路(南向避車彎處)", "direction": "北向南", "speed_limit": 80}}, {"type": "Feature", "geometry": {"type": "Point", "coordinates": [121.49899, 25.106007]}, "properties": {"id": 930, "type": "fixed_speed", "city": "臺北市", "district": "北投區", "address": "洲美快速道路(北向避車彎處)", "direction": "南向北", "speed_limit": 80}}, {"type": "Feature", "geometry": {"type": "Point", "coordinates": [121.50257, 25.114443]}, "properties": {"id": 931, "type": "fixed_speed", "city": "臺北市", "district": "北投區", "address": "立賢路101號前", "direction": "南向北", "speed_limit": 50}}, {"type": "Feature", "geometry": {"type": "Point", "coordinates": [121.51186, 25.104881]}, "properties": {"id": 932, "type": "fixed_speed", "city": "臺北市", "district": "北投區", "address": "承德路6段", "direction": "北向南", "speed_limit": 60}}, {"type": "Feature", "geometry": {"type": "Point", "coordinates": [121.51211, 25.103973]}, "properties": {"id": 933, "type": "fixed_speed", "city": "臺北市", "district": "北投區", "address": "承德路6段", "direction": "南向北", "speed_limit": 60}}, {"type": "Feature", "geometry": {"type": "Point", "coordinates": [121.52868, 25.134834]}, "properties": {"id": 934, "type": "fixed_speed", "city": "臺北市", "district": "北投區", "address": "行義路241號前", "direction": "北向南", "speed_limit": 40}}, {"type": "Feature", "geometry": {"type": "Point", "coordinates": [121.543755, 25.164951]}, "properties": {"id": 935, "type": "fixed_speed", "city": "臺北市", "district": "北投區", "address": "竹子湖路2-2號對面陽金公路53號燈桿後方", "direction": "往市區", "speed_limit": 40}}, {"type": "Feature", "geometry": {"type": "Point", "coordinates": [120.27578, 22.659279]}, "properties": {"id": 936, "type": "fixed_speed", "city": "高雄市", "district": "鼓山區", "address": "鼓山三路、青峰街", "direction": "北向南", "speed_limit": 50}}, {"type": "Feature", "geometry": {"type": "Point", "coordinates": [120.28233, 22.667778]}, "properties": {"id": 937, "type": "fixed_speed", "city": "高雄市", "district": "鼓山區", "address": "鼓山區鼓山三路與九如四路1991巷口", "direction": "南向北", "speed_limit": 50}}, {"type": "Feature", "geometry": {"type": "Point", "coordinates": [120.28902, 22.667456]}, "properties": {"id": 938, "type": "fixed_speed", "city": "高雄市", "district": "鼓山區", "address": "左營高架橋(中華陸橋)往南下橋處", "direction": "北向南", "speed_limit": 40}}, {"type": "Feature", "geometry": {"type": "Point", "coordinates": [120.29224, 22.65287]}, "properties": {"id": 939, "type": "fixed_speed", "city": "高雄市", "district": "鼓山區", "address": "中華一路與大順一路口", "direction": "南向北", "speed_limit": 60}}, {"type": "Feature", "geometry": {"type": "Point", "coordinates": [120.28276, 22.678333]}, "properties": {"id": 940, "type": "fixed_speed", "city": "高雄市", "district": "左營區", "address": "左營區先鋒路293號對面", "direction": "南向北", "speed_limit": 40}}, {"type": "Feature", "geometry": {"type": "Point", "coordinates": [120.28896, 22.669052]}, "properties": {"id": 941, "type": "fixed_speed", "city": "高雄市", "district": "左營區", "address": "左營高架橋(中華陸橋)往北下橋處", "direction": "南向北", "speed_limit": 40}}, {"type": "Feature", "geometry": {"type": "Point", "coordinates": [120.29237, 22.702114]}, "properties": {"id": 942, "type": "fixed_speed", "city": "高雄市", "district": "左營區", "address": "左營區軍校路國軍高雄總醫院左營分院前", "direction": "北向南", "speed_limit": 50}}, {"type": "Feature", "geometry": {"type": "Point", "coordinates": [120.30621, 22.684856]}, "properties": {"id": 943, "type": "fixed_speed", "city": "高雄市", "district": "左營區", "address": "大中高架道路華夏匝道口", "direction": "西向東", "speed_limit": 60}}, {"type": "Feature", "geometry": {"type": "Point", "coordinates": [120.30761, 22.68351]}, "properties": {"id": 944, "type": "fixed_speed", "city": "高雄市", "district": "左營區", "address": "大中高架道路文川匝道口", "direction": "東向西", "speed_limit": 60}}, {"type": "Feature", "geometry": {"type": "Point", "coordinates": [120.31906, 22.679394]}, "properties": {"id": 945, "type": "fixed_speed", "city": "高雄市", "district": "左營區", "address": "左營區民族一路/大中一路口", "direction": "北向南", "speed_limit": 60}}, {"type": "Feature", "geometry": {"type": "Point", "coordinates": [120.27692, 22.723606]}, "properties": {"id": 946, "type": "fixed_speed", "city": "高雄市", "district": "楠梓區", "address": "德中路與大學二十九路口(向南)", "direction": "北向南", "speed_limit": 60}}, {"type": "Feature", "geometry": {"type": "Point", "coordinates": [120.31293, 22.721043]}, "properties": {"id": 947, "type": "fixed_speed", "city": "高雄市", "district": "楠梓區", "address": "楠梓區加昌路/瑞屏路", "direction": "東向西", "speed_limit": 50}}, {"type": "Feature", "geometry": {"type": "Point", "coordinates": [120.320145, 22.732939]}, "properties": {"id": 948, "type": "fixed_speed", "city": "高雄市", "district": "楠梓區", "address": "高楠公路與德民路口", "direction": "南向北", "speed_limit": 60}}, {"type": "Feature", "geometry": {"type": "Point", "coordinates": [120.325356, 22.717821]}, "properties": {"id": 949, "type": "fixed_speed", "city": "高雄市", "district": "楠梓區", "address": "高楠公路1015-6號前", "direction": "南向北", "speed_limit": 60}}, {"type": "Feature", "geometry": {"type": "Point", "coordinates": [120.28429, 22.647367]}, "properties": {"id": 950, "type": "fixed_speed", "city": "高雄市", "district": "三民區", "address": "同盟三路與十全三路口往西220公尺處", "direction": "東西向", "speed_limit": 50}}, {"type": "Feature", "geometry": {"type": "Point", "coordinates": [120.28611, 22.643929]}, "properties": {"id": 951, "type": "fixed_speed", "city": "高雄市", "district": "三民區", "address": "九如三路(中都街與九如大橋中段)", "direction": "東向西", "speed_limit": 50}}, {"type": "Feature", "geometry": {"type": "Point", "coordinates": [120.31487, 22.64735]}, "properties": {"id": 952, "type": "fixed_speed", "city": "高雄市", "district": "三民區", "address": "三民區民族一路與建工路口", "direction": "南向北", "speed_limit": 40}}, {"type": "Feature", "geometry": {"type": "Point", "coordinates": [120.320015, 22.65996]}, "properties": {"id": 953, "type": "fixed_speed", "city": "高雄市", "district": "三民區", "address": "明誠一路 528 號對面", "direction": "西向東", "speed_limit": 50}}, {"type": "Feature", "geometry": {"type": "Point", "coordinates": [120.32359, 22.676704]}, "properties": {"id": 954, "type": "fixed_speed", "city": "高雄市", "district": "三民區", "address": "大中一路/鼎中路口", "direction": "東向西", "speed_limit": 50}}, {"type": "Feature", "geometry": {"type": "Point", "coordinates": [120.32598, 22.6596]}, "properties": {"id": 955, "type": "fixed_speed", "city": "高雄市", "district": "三民區", "address": "明誠一路280號", "direction": "東向西", "speed_limit": 50}}, {"type": "Feature", "geometry": {"type": "Point", "coordinates": [120.33226, 22.641333]}, "properties": {"id": 956, "type": "fixed_speed", "city": "高雄市", "district": "三民區", "address": "大昌二路28號", "direction": "南向北", "speed_limit": 50}}, {"type": "Feature", "geometry": {"type": "Point", "coordinates": [120.30265, 22.619112]}, "properties": {"id": 957, "type": "fixed_speed", "city": "高雄市", "district": "苓雅區", "address": "中山二路432號前", "direction": "南向北", "speed_limit": 50}}, {"type": "Feature", "geometry": {"type": "Point", "coordinates": [120.303604, 22.616146]}, "properties": {"id": 958, "type": "fixed_speed", "city": "高雄市", "district": "苓雅區", "address": "中山二路361號前", "direction": "北向南", "speed_limit": 50}}, {"type": "Feature", "geometry": {"type": "Point", "coordinates": [120.32004, 22.630129]}, "properties": {"id": 959, "type": "fixed_speed", "city": "高雄市", "district": "苓雅區", "address": "中正地下道(東向西出口)", "direction": "東向西", "speed_limit": 50}}, {"type": "Feature", "geometry": {"type": "Point", "coordinates": [120.32502, 22.629728]}, "properties": {"id": 960, "type": "fixed_speed", "city": "高雄市", "district": "苓雅區", "address": "中正地下道(西向東出口)", "direction": "西向東", "speed_limit": 50}}, {"type": "Feature", "geometry": {"type": "Point", "coordinates": [120.33946, 22.625673]}, "properties": {"id": 961, "type": "fixed_speed", "city": "高雄市", "district": "苓雅區", "address": "中正一路國軍高雄總醫院旁", "direction": "西向東", "speed_limit": 50}}, {"type": "Feature", "geometry": {"type": "Point", "coordinates": [120.30965, 22.583641]}, "properties": {"id": 962, "type": "fixed_speed", "city": "高雄市", "district": "前鎮區", "address": "新生高架道路0.82K", "direction": "南向北", "speed_limit": 60}}, {"type": "Feature", "geometry": {"type": "Point", "coordinates": [120.31369, 22.56297]}, "properties": {"id": 963, "type": "fixed_speed", "city": "高雄市", "district": "前鎮區", "address": "過港隧道北孔〈前鎮往旗津方向〉機車道1100M處", "direction": "南向北", "speed_limit": 50}}, {"type": "Feature", "geometry": {"type": "Point", "coordinates": [120.31559, 22.56438]}, "properties": {"id": 964, "type": "fixed_speed", "city": "高雄市", "district": "前鎮區", "address": "過港隧道北孔（前鎮往旗津方向）汽車道850M處", "direction": "南向北", "speed_limit": 60}}, {"type": "Feature", "geometry": {"type": "Point", "coordinates": [120.316284, 22.595959]}, "properties": {"id": 965, "type": "fixed_speed", "city": "高雄市", "district": "前鎮區", "address": "中山三路與凱旋四路口", "direction": "南向北", "speed_limit": 60}}, {"type": "Feature", "geometry": {"type": "Point", "coordinates": [120.32586, 22.575134]}, "properties": {"id": 966, "type": "fixed_speed", "city": "高雄市", "district": "前鎮區", "address": "高速公路接金福路之高架聯絡道北上（離金福路出口500公尺處)", "direction": "南向北", "speed_limit": 40}}, {"type": "Feature", "geometry": {"type": "Point", "coordinates": [120.326035, 22.578098]}, "properties": {"id": 967, "type": "fixed_speed", "city": "高雄市", "district": "前鎮區", "address": "高速公路接金福路之高架聯絡道南下（離金福路出口900公尺處)", "direction": "北向南", "speed_limit": 40}}, {"type": "Feature", "geometry": {"type": "Point", "coordinates": [120.30972, 22.56024]}, "properties": {"id": 968, "type": "fixed_speed", "city": "高雄市", "district": "旗津區", "address": "過港隧道南孔〈旗津往前鎮方向〉汽車道1361M處", "direction": "北向南", "speed_limit": 60}}, {"type": "Feature", "geometry": {"type": "Point", "coordinates": [120.31384, 22.56284]}, "properties": {"id": 969, "type": "fixed_speed", "city": "高雄市", "district": "旗津區", "address": "過港隧道南孔〈旗津往前鎮方向〉機車道1110M處", "direction": "北向南", "speed_limit": 50}}, {"type": "Feature", "geometry": {"type": "Point", "coordinates": [120.33221, 22.561941]}, "properties": {"id": 970, "type": "fixed_speed", "city": "高雄市", "district": "小港區", "address": "東亞南路、平和7路路口", "direction": "南向北", "speed_limit": 60}}, {"type": "Feature", "geometry": {"type": "Point", "coordinates": [120.33443, 22.55905]}, "properties": {"id": 971, "type": "fixed_speed", "city": "高雄市", "district": "小港區", "address": "東亞南路、平和2路路口", "direction": "北向南", "speed_limit": 60}}, {"type": "Feature", "geometry": {"type": "Point", "coordinates": [120.33743, 22.570253]}, "properties": {"id": 972, "type": "fixed_speed", "city": "高雄市", "district": "小港區", "address": "中山四路/平和東路", "direction": "北向南", "speed_limit": 40}}, {"type": "Feature", "geometry": {"type": "Point", "coordinates": [120.34073, 22.58326]}, "properties": {"id": 973, "type": "fixed_speed", "city": "高雄市", "district": "小港區", "address": "中安路223號前", "direction": "東向西", "speed_limit": 50}}, {"type": "Feature", "geometry": {"type": "Point", "coordinates": [120.34452, 22.569653]}, "properties": {"id": 974, "type": "fixed_speed", "city": "高雄市", "district": "小港區", "address": "中山四路/大業北路以南60公尺處（高雄公園前））", "direction": "東向西", "speed_limit": 60}}, {"type": "Feature", "geometry": {"type": "Point", "coordinates": [120.35012, 22.568972]}, "properties": {"id": 975, "type": "fixed_speed", "city": "高雄市", "district": "小港區", "address": "沿海一路與宏平路", "direction": "南向北", "speed_limit": 50}}, {"type": "Feature", "geometry": {"type": "Point", "coordinates": [120.35464, 22.513891]}, "properties": {"id": 976, "type": "fixed_speed", "city": "高雄市", "district": "小港區", "address": "南星路段(沿海路以北700公尺處)", "direction": "北向南", "speed_limit": 40}}, {"type": "Feature", "geometry": {"type": "Point", "coordinates": [120.35929, 22.573195]}, "properties": {"id": 977, "type": "fixed_speed", "city": "高雄市", "district": "小港區", "address": "小港區飛機路153號濟南里活動中心旁", "direction": "西向東", "speed_limit": 40}}, {"type": "Feature", "geometry": {"type": "Point", "coordinates": [120.362404, 22.51092]}, "properties": {"id": 978, "type": "fixed_speed", "city": "高雄市", "district": "小港區", "address": "沿海三路與鳳鳴路", "direction": "北向南", "speed_limit": 50}}, {"type": "Feature", "geometry": {"type": "Point", "coordinates": [120.376785, 22.57036]}, "properties": {"id": 979, "type": "fixed_speed", "city": "高雄市", "district": "小港區", "address": "高松、松正路口", "direction": "東向西", "speed_limit": 50}}, {"type": "Feature", "geometry": {"type": "Point", "coordinates": [120.381226, 22.556417]}, "properties": {"id": 980, "type": "fixed_speed", "city": "高雄市", "district": "小港區", "address": "小港區高坪二十二路近高坪七路口", "direction": "東向西", "speed_limit": 50}}, {"type": "Feature", "geometry": {"type": "Point", "coordinates": [120.39456, 22.554989]}, "properties": {"id": 981, "type": "fixed_speed", "city": "高雄市", "district": "小港區", "address": "高坪18路與高坪15路", "direction": "西向東", "speed_limit": 50}}, {"type": "Feature", "geometry": {"type": "Point", "coordinates": [120.33633, 22.59266]}, "properties": {"id": 982, "type": "fixed_speed", "city": "高雄市", "district": "鳳山區", "address": "三商街高速公路口機慢車專用道往南415公尺處", "direction": "北向南", "speed_limit": 40}}, {"type": "Feature", "geometry": {"type": "Point", "coordinates": [120.34401, 22.595001]}, "properties": {"id": 983, "type": "fixed_speed", "city": "高雄市", "district": "鳳山區", "address": "鳳山區南華一路與鳳甲路口", "direction": "東向西", "speed_limit": 50}}, {"type": "Feature", "geometry": {"type": "Point", "coordinates": [120.346664, 22.620205]}, "properties": {"id": 984, "type": "fixed_speed", "city": "高雄市", "district": "鳳山區", "address": "國泰路二段與南京路口", "direction": "北向南", "speed_limit": 60}}, {"type": "Feature", "geometry": {"type": "Point", "coordinates": [120.35902, 22.593834]}, "properties": {"id": 985, "type": "fixed_speed", "city": "高雄市", "district": "鳳山區", "address": "鳳頂路與過埤路口", "direction": "北向南", "speed_limit": 60}}, {"type": "Feature", "geometry": {"type": "Point", "coordinates": [120.360016, 22.598097]}, "properties": {"id": 986, "type": "fixed_speed", "city": "高雄市", "district": "鳳山區", "address": "鳳頂路(台糖加油站對面)", "direction": "北向南", "speed_limit": 60}}, {"type": "Feature", "geometry": {"type": "Point", "coordinates": [120.3628, 22.510351]}, "properties": {"id": 987, "type": "fixed_speed", "city": "高雄市", "district": "林園區", "address": "中門路與南星路口(快車道)", "direction": "南向北", "speed_limit": 50}}, {"type": "Feature", "geometry": {"type": "Point", "coordinates": [120.36288, 22.510414]}, "properties": {"id": 988, "type": "fixed_speed", "city": "高雄市", "district": "林園區", "address": "中門路與南星路口(慢車道)", "direction": "南向北", "speed_limit": 40}}, {"type": "Feature", "geometry": {"type": "Point", "coordinates": [120.40353, 22.531473]}, "properties": {"id": 989, "type": "fixed_speed", "city": "高雄市", "district": "林園區", "address": "台25線14.5公里處", "direction": "北向南", "speed_limit": 60}}, {"type": "Feature", "geometry": {"type": "Point", "coordinates": [120.41476, 22.532354]}, "properties": {"id": 990, "type": "fixed_speed", "city": "高雄市", "district": "林園區", "address": "台29線108.4公里處", "direction": "北向南", "speed_limit": 60}}, {"type": "Feature", "geometry": {"type": "Point", "coordinates": [120.38432, 22.589376]}, "properties": {"id": 991, "type": "fixed_speed", "city": "高雄市", "district": "大寮區", "address": "市道188 號(內坑路)與高72線路口", "direction": "東向西", "speed_limit": 60}}, {"type": "Feature", "geometry": {"type": "Point", "coordinates": [120.40384, 22.561409]}, "properties": {"id": 992, "type": "fixed_speed", "city": "高雄市", "district": "大寮區", "address": "大寮區新厝路296-1號前", "direction": "東西向", "speed_limit": 50}}, {"type": "Feature", "geometry": {"type": "Point", "coordinates": [120.409294, 22.58654]}, "properties": {"id": 993, "type": "fixed_speed", "city": "高雄市", "district": "大寮區", "address": "台88線快速道路西向東7.4公里處", "direction": "西向東", "speed_limit": 90}}, {"type": "Feature", "geometry": {"type": "Point", "coordinates": [120.411224, 22.625937]}, "properties": {"id": 994, "type": "fixed_speed", "city": "高雄市", "district": "大寮區", "address": "光明路三段與翁園路口", "direction": "北向南", "speed_limit": 60}}, {"type": "Feature", "geometry": {"type": "Point", "coordinates": [120.41329, 22.641577]}, "properties": {"id": 995, "type": "fixed_speed", "city": "高雄市", "district": "大寮區", "address": "鳳屏二路/鳳屏二路180巷口(高屏大橋下橋處)", "direction": "東西向", "speed_limit": 70}}, {"type": "Feature", "geometry": {"type": "Point", "coordinates": [120.42427, 22.625746]}, "properties": {"id": 996, "type": "fixed_speed", "city": "高雄市", "district": "大寮區", "address": "台29線96.5公里處", "direction": "南向北", "speed_limit": 50}}, {"type": "Feature", "geometry": {"type": "Point", "coordinates": [120.42732, 22.558868]}, "properties": {"id": 997, "type": "fixed_speed", "city": "高雄市", "district": "大寮區", "address": "華中南路373號前", "direction": "南向北", "speed_limit": 50}}, {"type": "Feature", "geometry": {"type": "Point", "coordinates": [120.43338, 22.592665]}, "properties": {"id": 998, "type": "fixed_speed", "city": "高雄市", "district": "大寮區", "address": "台88線快速道路東向西10公里處大發交流道前", "direction": "東向西", "speed_limit": 90}}, {"type": "Feature", "geometry": {"type": "Point", "coordinates": [120.433495, 22.569546]}, "properties": {"id": 999, "type": "fixed_speed", "city": "高雄市", "district": "大寮區", "address": "河堤路三段與公園街", "direction": "北向南", "speed_limit": 50}}, {"type": "Feature", "geometry": {"type": "Point", "coordinates": [120.434944, 22.58241]}, "properties": {"id": 1000, "type": "fixed_speed", "city": "高雄市", "district": "大寮區", "address": "大寮區河堤路三段/光華路口", "direction": "南向北", "speed_limit": 50}}, {"type": "Feature", "geometry": {"type": "Point", "coordinates": [120.422745, 22.727495]}, "properties": {"id": 1001, "type": "fixed_speed", "city": "高雄市", "district": "大樹區", "address": "大樹區高186甲線(三和路)仙峰宮前", "direction": "西向東", "speed_limit": 40}}, {"type": "Feature", "geometry": {"type": "Point", "coordinates": [120.42602, 22.672127]}, "properties": {"id": 1002, "type": "fixed_speed", "city": "高雄市", "district": "大樹區", "address": "大樹區竹寮路60-1號前(台29線91.1K)", "direction": "南北雙向", "speed_limit": 70}}, {"type": "Feature", "geometry": {"type": "Point", "coordinates": [120.43045, 22.775007]}, "properties": {"id": 1003, "type": "fixed_speed", "city": "高雄市", "district": "大樹區", "address": "大樹區台22線14K處", "direction": "東西向", "speed_limit": 50}}, {"type": "Feature", "geometry": {"type": "Point", "coordinates": [120.439255, 22.70776]}, "properties": {"id": 1004, "type": "fixed_speed", "city": "高雄市", "district": "大樹區", "address": "大坑路台29線86.5K處", "direction": "南北向", "speed_limit": 70}}, {"type": "Feature", "geometry": {"type": "Point", "coordinates": [120.44719, 22.742186]}, "properties": {"id": 1005, "type": "fixed_speed", "city": "高雄市", "district": "大樹區", "address": "大樹區(台29線)興田路82-2號前路口", "direction": "南北雙向", "speed_limit": 70}}, {"type": "Feature", "geometry": {"type": "Point", "coordinates": [120.360504, 22.732006]}, "properties": {"id": 1006, "type": "fixed_speed", "city": "高雄市", "district": "大社區", "address": "和平路一段710-1號前", "direction": "東向西", "speed_limit": 60}}, {"type": "Feature", "geometry": {"type": "Point", "coordinates": [120.37311, 22.730991]}, "properties": {"id": 1007, "type": "fixed_speed", "city": "高雄市", "district": "大社區", "address": "大社區翠屏路112巷1-11號旁", "direction": "西向東", "speed_limit": 40}}, {"type": "Feature", "geometry": {"type": "Point", "coordinates": [120.38296, 22.743828]}, "properties": {"id": 1008, "type": "fixed_speed", "city": "高雄市", "district": "大社區", "address": "大社區嘉保路與大社路口", "direction": "南向北", "speed_limit": 50}}, {"type": "Feature", "geometry": {"type": "Point", "coordinates": [120.38318, 22.73897]}, "properties": {"id": 1009, "type": "fixed_speed", "city": "高雄市", "district": "大社區", "address": "大社區學府路202號對面(往大社市區)", "direction": "東向西", "speed_limit": 40}}, {"type": "Feature", "geometry": {"type": "Point", "coordinates": [120.33939, 22.710386]}, "properties": {"id": 1010, "type": "fixed_speed", "city": "高雄市", "district": "仁武區", "address": "鳳仁路183線2.45公里中央分隔島", "direction": "北向南", "speed_limit": 60}}, {"type": "Feature", "geometry": {"type": "Point", "coordinates": [120.345924, 22.67725]}, "properties": {"id": 1011, "type": "fixed_speed", "city": "高雄市", "district": "仁武區", "address": "仁雄路與澄仁路口", "direction": "西向東", "speed_limit": 50}}, {"type": "Feature", "geometry": {"type": "Point", "coordinates": [120.35793, 22.694105]}, "properties": {"id": 1012, "type": "fixed_speed", "city": "高雄市", "district": "仁武區", "address": "澄觀路1段(新庄路以西150公尺處)", "direction": "北向南", "speed_limit": 60}}, {"type": "Feature", "geometry": {"type": "Point", "coordinates": [120.359085, 22.675001]}, "properties": {"id": 1013, "type": "fixed_speed", "city": "高雄市", "district": "仁武區", "address": "鳳仁路5-13號前", "direction": "南北向", "speed_limit": 60}}, {"type": "Feature", "geometry": {"type": "Point", "coordinates": [120.36052, 22.703672]}, "properties": {"id": 1014, "type": "fixed_speed", "city": "高雄市", "district": "仁武區", "address": "水管路與澄觀路口", "direction": "東向西", "speed_limit": 60}}, {"type": "Feature", "geometry": {"type": "Point", "coordinates": [120.39001, 22.715528]}, "properties": {"id": 1015, "type": "fixed_speed", "city": "高雄市", "district": "仁武區", "address": "義大二路與公館1巷3號前", "direction": "北向南", "speed_limit": 60}}, {"type": "Feature", "geometry": {"type": "Point", "coordinates": [120.34302, 22.669724]}, "properties": {"id": 1016, "type": "fixed_speed", "city": "高雄市", "district": "鳥松區", "address": "松藝路段", "direction": "南北雙向(區間測速)", "speed_limit": 50}}, {"type": "Feature", "geometry": {"type": "Point", "coordinates": [120.35681, 22.654182]}, "properties": {"id": 1017, "type": "fixed_speed", "city": "高雄市", "district": "鳥松區", "address": "鳥松區大埤路32號自來水廠前", "direction": "南北雙向", "speed_limit": 50}}, {"type": "Feature", "geometry": {"type": "Point", "coordinates": [120.357925, 22.661678]}, "properties": {"id": 1018, "type": "fixed_speed", "city": "高雄市", "district": "鳥松區", "address": "鳥松區環湖路近文前路口", "direction": "南向北", "speed_limit": 50}}, {"type": "Feature", "geometry": {"type": "Point", "coordinates": [120.36719, 22.659475]}, "properties": {"id": 1019, "type": "fixed_speed", "city": "高雄市", "district": "鳥松區", "address": "神農路54-6號前", "direction": "東西向", "speed_limit": 60}}, {"type": "Feature", "geometry": {"type": "Point", "coordinates": [120.2685, 22.77218]}, "properties": {"id": 1020, "type": "fixed_speed", "city": "高雄市", "district": "岡山區", "address": "岡山區石潭路89號前", "direction": "南向北", "speed_limit": 50}}, {"type": "Feature", "geometry": {"type": "Point", "coordinates": [120.29023, 22.78207]}, "properties": {"id": 1021, "type": "fixed_speed", "city": "高雄市", "district": "岡山區", "address": "國軒路/鵬程東二路口", "direction": "西向東", "speed_limit": 50}}, {"type": "Feature", "geometry": {"type": "Point", "coordinates": [120.30407, 22.807652]}, "properties": {"id": 1022, "type": "fixed_speed", "city": "高雄市", "district": "岡山區", "address": "岡山區嘉新東路與新庄路口", "direction": "東向西", "speed_limit": 50}}, {"type": "Feature", "geometry": {"type": "Point", "coordinates": [120.30418, 22.785051]}, "properties": {"id": 1023, "type": "fixed_speed", "city": "高雄市", "district": "岡山區", "address": "介壽東路與和平路口", "direction": "東向西", "speed_limit": 60}}, {"type": "Feature", "geometry": {"type": "Point", "coordinates": [120.312096, 22.797258]}, "properties": {"id": 1024, "type": "fixed_speed", "city": "高雄市", "district": "岡山區", "address": "岡山區聖森路與聖森路160巷口", "direction": "北向南", "speed_limit": 50}}, {"type": "Feature", "geometry": {"type": "Point", "coordinates": [120.315475, 22.832905]}, "properties": {"id": 1025, "type": "fixed_speed", "city": "高雄市", "district": "岡山區", "address": "嘉峰路高鐵橋下", "direction": "北向南", "speed_limit": 50}}, {"type": "Feature", "geometry": {"type": "Point", "coordinates": [120.3271, 22.812801]}, "properties": {"id": 1026, "type": "fixed_speed", "city": "高雄市", "district": "岡山區", "address": "岡山區大莊路60巷90號對面", "direction": "北向南", "speed_limit": 50}}, {"type": "Feature", "geometry": {"type": "Point", "coordinates": [120.301926, 22.757471]}, "properties": {"id": 1027, "type": "fixed_speed", "city": "高雄市", "district": "橋頭區", "address": "白樹路175號對面", "direction": "西向東", "speed_limit": 40}}, {"type": "Feature", "geometry": {"type": "Point", "coordinates": [120.3169, 22.743444]}, "properties": {"id": 1028, "type": "fixed_speed", "city": "高雄市", "district": "橋頭區", "address": "橋頭區成功南路與經武路口", "direction": "北向南", "speed_limit": 60}}, {"type": "Feature", "geometry": {"type": "Point", "coordinates": [120.35628, 22.755226]}, "properties": {"id": 1029, "type": "fixed_speed", "city": "高雄市", "district": "燕巢區", "address": "旗楠路段〈鳳旗路44號之10旁〉", "direction": "東向西", "speed_limit": 50}}, {"type": "Feature", "geometry": {"type": "Point", "coordinates": [120.36395, 22.758595]}, "properties": {"id": 1030, "type": "fixed_speed", "city": "高雄市", "district": "燕巢區", "address": "鳳澄路7之32號前", "direction": "北向南", "speed_limit": 60}}, {"type": "Feature", "geometry": {"type": "Point", "coordinates": [120.3888, 22.772102]}, "properties": {"id": 1031, "type": "fixed_speed", "city": "高雄市", "district": "燕巢區", "address": "燕巢區深興路130號前", "direction": "西向東", "speed_limit": 50}}, {"type": "Feature", "geometry": {"type": "Point", "coordinates": [120.39946, 22.77223]}, "properties": {"id": 1032, "type": "fixed_speed", "city": "高雄市", "district": "燕巢區", "address": "燕巢區深中路（台22線）國立高雄科學大學燕巢校區前", "direction": "西向東", "speed_limit": 50}}, {"type": "Feature", "geometry": {"type": "Point", "coordinates": [120.40055, 22.89416]}, "properties": {"id": 1033, "type": "fixed_speed", "city": "高雄市", "district": "田寮區", "address": "古亭路(台28線)18號以東67.5公尺處(往阿蓮方向)", "direction": "東向西", "speed_limit": 50}}, {"type": "Feature", "geometry": {"type": "Point", "coordinates": [120.42328, 22.887613]}, "properties": {"id": 1034, "type": "fixed_speed", "city": "高雄市", "district": "田寮區", "address": "鹿埔路19號前", "direction": "西向東", "speed_limit": 50}}, {"type": "Feature", "geometry": {"type": "Point", "coordinates": [120.32285, 22.84498]}, "properties": {"id": 1035, "type": "fixed_speed", "city": "高雄市", "district": "阿蓮區", "address": "復安路與玉庫路口(台19甲線往阿蓮市區)", "direction": "南向北", "speed_limit": 50}}, {"type": "Feature", "geometry": {"type": "Point", "coordinates": [120.26041, 22.880974]}, "properties": {"id": 1036, "type": "fixed_speed", "city": "高雄市", "district": "路竹區", "address": "路竹區環球路與樹人醫事學校前路口", "direction": "西向東", "speed_limit": 50}}, {"type": "Feature", "geometry": {"type": "Point", "coordinates": [120.26319, 22.829601]}, "properties": {"id": 1037, "type": "fixed_speed", "city": "高雄市", "district": "路竹區", "address": "南科高雄園區中山高聯絡道往西進園區方向(0.25K)", "direction": "西向", "speed_limit": 50}}, {"type": "Feature", "geometry": {"type": "Point", "coordinates": [120.27446, 22.847017]}, "properties": {"id": 1038, "type": "fixed_speed", "city": "高雄市", "district": "路竹區", "address": "路竹區復興路327巷口", "direction": "南向北", "speed_limit": 50}}, {"type": "Feature", "geometry": {"type": "Point", "coordinates": [120.28646, 22.831896]}, "properties": {"id": 1039, "type": "fixed_speed", "city": "高雄市", "district": "路竹區", "address": "復興路與復興路1133巷口", "direction": "南向北", "speed_limit": 50}}, {"type": "Feature", "geometry": {"type": "Point", "coordinates": [120.22501, 22.876429]}, "properties": {"id": 1040, "type": "fixed_speed", "city": "高雄市", "district": "湖內區", "address": "和平路與東方路口", "direction": "南向北", "speed_limit": 60}}, {"type": "Feature", "geometry": {"type": "Point", "coordinates": [120.200676, 22.882696]}, "properties": {"id": 1041, "type": "fixed_speed", "city": "高雄市", "district": "茄萣區", "address": "茄萣區正順北路近正順東路口", "direction": "西向東", "speed_limit": 40}}, {"type": "Feature", "geometry": {"type": "Point", "coordinates": [120.24047, 22.818577]}, "properties": {"id": 1042, "type": "fixed_speed", "city": "高雄市", "district": "永安區", "address": "台17線(保安路)201.2K處", "direction": "南北向", "speed_limit": 60}}, {"type": "Feature", "geometry": {"type": "Point", "coordinates": [120.252304, 22.779778]}, "properties": {"id": 1043, "type": "fixed_speed", "city": "高雄市", "district": "彌陀區", "address": "彌陀區中正東路91號前", "direction": "北向南", "speed_limit": 70}}, {"type": "Feature", "geometry": {"type": "Point", "coordinates": [120.460945, 22.805735]}, "properties": {"id": 1044, "type": "fixed_speed", "city": "高雄市", "district": "旗山區", "address": "台29線(旗南三路)75.3K處", "direction": "南北向", "speed_limit": 70}}, {"type": "Feature", "geometry": {"type": "Point", "coordinates": [120.462395, 22.836103]}, "properties": {"id": 1045, "type": "fixed_speed", "city": "高雄市", "district": "旗山區", "address": "旗山區旗南三路8號以北50公尺處", "direction": "北向南", "speed_limit": 50}}, {"type": "Feature", "geometry": {"type": "Point", "coordinates": [120.4732, 22.883623]}, "properties": {"id": 1046, "type": "fixed_speed", "city": "高雄市", "district": "旗山區", "address": "台28線29.2公里處", "direction": "西向東", "speed_limit": 50}}, {"type": "Feature", "geometry": {"type": "Point", "coordinates": [120.483376, 22.892141]}, "properties": {"id": 1047, "type": "fixed_speed", "city": "高雄市", "district": "旗山區", "address": "旗山區中華路與延平一路口", "direction": "北向南", "speed_limit": 50}}, {"type": "Feature", "geometry": {"type": "Point", "coordinates": [120.4934, 22.91339]}, "properties": {"id": 1048, "type": "fixed_speed", "city": "高雄市", "district": "旗山區", "address": "旗甲路一段(圓潭橋前）", "direction": "北向南", "speed_limit": 60}}, {"type": "Feature", "geometry": {"type": "Point", "coordinates": [120.50472, 22.845268]}, "properties": {"id": 1049, "type": "fixed_speed", "city": "高雄市", "district": "旗山區", "address": "旗山區台3線(旗屏二路)與高92線口", "direction": "南北雙向", "speed_limit": 70}}, {"type": "Feature", "geometry": {"type": "Point", "coordinates": [120.50848, 22.943382]}, "properties": {"id": 1050, "type": "fixed_speed", "city": "高雄市", "district": "旗山區", "address": "旗山區台29線(旗甲路三段)58K+274", "direction": "南向北", "speed_limit": 60}}, {"type": "Feature", "geometry": {"type": "Point", "coordinates": [120.53655, 22.912996]}, "properties": {"id": 1051, "type": "fixed_speed", "city": "高雄市", "district": "美濃區", "address": "美興街232號前(月光山隧道)", "direction": "南向北", "speed_limit": 50}}, {"type": "Feature", "geometry": {"type": "Point", "coordinates": [120.5492, 22.870377]}, "properties": {"id": 1052, "type": "fixed_speed", "city": "高雄市", "district": "美濃區", "address": "復興街一段480號前", "direction": "北向南", "speed_limit": 50}}, {"type": "Feature", "geometry": {"type": "Point", "coordinates": [120.549644, 22.88204]}, "properties": {"id": 1053, "type": "fixed_speed", "city": "高雄市", "district": "美濃區", "address": "美濃區台28線(中興路一段)37K+412", "direction": "東向西", "speed_limit": 50}}, {"type": "Feature", "geometry": {"type": "Point", "coordinates": [120.57057, 22.878002]}, "properties": {"id": 1054, "type": "fixed_speed", "city": "高雄市", "district": "美濃區", "address": "中華路(台28線)與獅山街口", "direction": "東向西", "speed_limit": 60}}, {"type": "Feature", "geometry": {"type": "Point", "coordinates": [120.616135, 22.881773]}, "properties": {"id": 1055, "type": "fixed_speed", "city": "高雄市", "district": "六龜區", "address": "三民路37號前(台28線45.7K)", "direction": "東向西", "speed_limit": 50}}, {"type": "Feature", "geometry": {"type": "Point", "coordinates": [120.62428, 22.88964]}, "properties": {"id": 1056, "type": "fixed_speed", "city": "高雄市", "district": "六龜區", "address": "台28線茂林國家風景區管理處前路口", "direction": "北向南", "speed_limit": 50}}, {"type": "Feature", "geometry": {"type": "Point", "coordinates": [120.62668, 22.897558]}, "properties": {"id": 1057, "type": "fixed_speed", "city": "高雄市", "district": "六龜區", "address": "旗六公路新威國小前", "direction": "西向東", "speed_limit": 60}}, {"type": "Feature", "geometry": {"type": "Point", "coordinates": [120.52882, 22.93752]}, "properties": {"id": 1058, "type": "fixed_speed", "city": "高雄市", "district": "杉林區", "address": "杉林區市道181線(杉美路1段)2K+675", "direction": "北向南", "speed_limit": 50}}, {"type": "Feature", "geometry": {"type": "Point", "coordinates": [120.54155, 22.96999]}, "properties": {"id": 1059, "type": "fixed_speed", "city": "高雄市", "district": "杉林區", "address": "杉林區台29線53K+207", "direction": "南向北", "speed_limit": 60}}, {"type": "Feature", "geometry": {"type": "Point", "coordinates": [120.421616, 22.924803]}, "properties": {"id": 1060, "type": "fixed_speed", "city": "高雄市", "district": "內門區", "address": "內門區市道182號28.9K至31.8K", "direction": "東西雙向(區間測速)", "speed_limit": 50}}, {"type": "Feature", "geometry": {"type": "Point", "coordinates": [120.46642, 22.9106]}, "properties": {"id": 1061, "type": "fixed_speed", "city": "高雄市", "district": "內門區", "address": "旗文路(台三線401.88K)", "direction": "北向南", "speed_limit": 60}}, {"type": "Feature", "geometry": {"type": "Point", "coordinates": [120.46869, 22.975607]}, "properties": {"id": 1062, "type": "fixed_speed", "city": "高雄市", "district": "內門區", "address": "內門區台3線389.5K至392.5K", "direction": "南北雙向(區間測速)", "speed_limit": 60}}, {"type": "Feature", "geometry": {"type": "Point", "coordinates": [121.428314, 24.981302]}, "properties": {"id": 1063, "type": "fixed_speed", "city": "新北市", "district": "板橋區", "address": "溪城路與金門街369巷口（往樹林）", "direction": "東南向西北", "speed_limit": 50}}, {"type": "Feature", "geometry": {"type": "Point", "coordinates": [121.42892, 24.979713]}, "properties": {"id": 1064, "type": "fixed_speed", "city": "新北市", "district": "板橋區", "address": "環漢路沙崙抽水站前（往新莊）", "direction": "西南向東北", "speed_limit": 50}}, {"type": "Feature", "geometry": {"type": "Point", "coordinates": [121.440865, 24.997871]}, "properties": {"id": 1065, "type": "fixed_speed", "city": "新北市", "district": "板橋區", "address": "堤外便道1K+900（往板橋）", "direction": "南向北", "speed_limit": 40}}, {"type": "Feature", "geometry": {"type": "Point", "coordinates": [121.44137, 25.005367]}, "properties": {"id": 1066, "type": "fixed_speed", "city": "新北市", "district": "板橋區", "address": "環河西路5段「歡仔園防汛陸橋」前（往土城）", "direction": "北向南", "speed_limit": 50}}, {"type": "Feature", "geometry": {"type": "Point", "coordinates": [121.446014, 25.020021]}, "properties": {"id": 1067, "type": "fixed_speed", "city": "新北市", "district": "板橋區", "address": "台65線快速公路5.4公里（往土城）", "direction": "西北向東南", "speed_limit": 80}}, {"type": "Feature", "geometry": {"type": "Point", "coordinates": [121.4514, 25.025661]}, "properties": {"id": 1068, "type": "fixed_speed", "city": "新北市", "district": "板橋區", "address": "環河西路5段00640燈桿（往板橋或土城）", "direction": "東北向西南", "speed_limit": 50}}, {"type": "Feature", "geometry": {"type": "Point", "coordinates": [121.451836, 25.00651]}, "properties": {"id": 1069, "type": "fixed_speed", "city": "新北市", "district": "板橋區", "address": "新北環河快速道路7公里處（往三重）", "direction": "南向北", "speed_limit": 70}}, {"type": "Feature", "geometry": {"type": "Point", "coordinates": [121.46512, 25.02822]}, "properties": {"id": 1070, "type": "fixed_speed", "city": "新北市", "district": "板橋區", "address": "台64線快速公路20.24公里（往東）", "direction": "北向南", "speed_limit": 60}}, {"type": "Feature", "geometry": {"type": "Point", "coordinates": [121.47103, 25.036417]}, "properties": {"id": 1071, "type": "fixed_speed", "city": "新北市", "district": "板橋區", "address": "環河西路4段與華江六路口（往土城或三重）", "direction": "西向東", "speed_limit": 50}}, {"type": "Feature", "geometry": {"type": "Point", "coordinates": [121.478935, 25.035913]}, "properties": {"id": 1072, "type": "fixed_speed", "city": "新北市", "district": "板橋區", "address": "華江橋下坡處（往板橋）", "direction": "東向西", "speed_limit": 50}}, {"type": "Feature", "geometry": {"type": "Point", "coordinates": [121.48293, 25.0294]}, "properties": {"id": 1073, "type": "fixed_speed", "city": "新北市", "district": "板橋區", "address": "環河西路4段002597號燈桿旁（往三重）", "direction": "南向北", "speed_limit": 50}}, {"type": "Feature", "geometry": {"type": "Point", "coordinates": [121.48416, 25.025955]}, "properties": {"id": 1074, "type": "fixed_speed", "city": "新北市", "district": "板橋區", "address": "台65線快速公路7公里（往新莊）", "direction": "南向北", "speed_limit": 80}}, {"type": "Feature", "geometry": {"type": "Point", "coordinates": [121.46705, 25.040998]}, "properties": {"id": 1075, "type": "fixed_speed", "city": "新北市", "district": "三重區", "address": "重新堤外道8.9公里處（往新莊）", "direction": "東北向西南", "speed_limit": 50}}, {"type": "Feature", "geometry": {"type": "Point", "coordinates": [121.48048, 25.059704]}, "properties": {"id": 1076, "type": "fixed_speed", "city": "新北市", "district": "三重區", "address": "水漾路1段300號前（雙向）", "direction": "西北向東南", "speed_limit": 50}}, {"type": "Feature", "geometry": {"type": "Point", "coordinates": [121.48569, 25.047054]}, "properties": {"id": 1077, "type": "fixed_speed", "city": "新北市", "district": "三重區", "address": "新北環河快速道路新北大橋旁（往中和）", "direction": "東向西", "speed_limit": 70}}, {"type": "Feature", "geometry": {"type": "Point", "coordinates": [121.48877, 25.059223]}, "properties": {"id": 1078, "type": "fixed_speed", "city": "新北市", "district": "三重區", "address": "中山高架橋上（往新莊）", "direction": "東南向西北", "speed_limit": 50}}, {"type": "Feature", "geometry": {"type": "Point", "coordinates": [121.48974, 25.058706]}, "properties": {"id": 1079, "type": "fixed_speed", "city": "新北市", "district": "三重區", "address": "重新路3段157號前（雙向）", "direction": "東北向西南", "speed_limit": 50}}, {"type": "Feature", "geometry": {"type": "Point", "coordinates": [121.49154, 25.05026]}, "properties": {"id": 1080, "type": "fixed_speed", "city": "新北市", "district": "三重區", "address": "新北環河快速道路3.2公里處（往中和）", "direction": "東北向西南", "speed_limit": 70}}, {"type": "Feature", "geometry": {"type": "Point", "coordinates": [121.494255, 25.088356]}, "properties": {"id": 1081, "type": "fixed_speed", "city": "新北市", "district": "三重區", "address": "環河北路3段166號前（往三重或蘆洲）", "direction": "東南向西北", "speed_limit": 50}}, {"type": "Feature", "geometry": {"type": "Point", "coordinates": [121.49733, 25.085075]}, "properties": {"id": 1082, "type": "fixed_speed", "city": "新北市", "district": "三重區", "address": "環河北路3段重陽橋下（往三重）", "direction": "西北向東南", "speed_limit": 50}}, {"type": "Feature", "geometry": {"type": "Point", "coordinates": [121.499084, 25.082373]}, "properties": {"id": 1083, "type": "fixed_speed", "city": "新北市", "district": "三重區", "address": "環河北路2段304號（往蘆洲）", "direction": "東南向西北", "speed_limit": 50}}, {"type": "Feature", "geometry": {"type": "Point", "coordinates": [121.499146, 25.056368]}, "properties": {"id": 1084, "type": "fixed_speed", "city": "新北市", "district": "三重區", "address": "環河南路與正義南路口（北向）", "direction": "西南向東北", "speed_limit": 50}}, {"type": "Feature", "geometry": {"type": "Point", "coordinates": [121.49928, 25.056679]}, "properties": {"id": 1085, "type": "fixed_speed", "city": "新北市", "district": "三重區", "address": "環河南路與正義南路口（南向）", "direction": "東北向西南", "speed_limit": 50}}, {"type": "Feature", "geometry": {"type": "Point", "coordinates": [121.50368, 25.06275]}, "properties": {"id": 1086, "type": "fixed_speed", "city": "新北市", "district": "三重區", "address": "環河南路17號前（雙向）", "direction": "北向南", "speed_limit": 50}}, {"type": "Feature", "geometry": {"type": "Point", "coordinates": [121.47077, 25.018978]}, "properties": {"id": 1087, "type": "fixed_speed", "city": "新北市", "district": "中和區", "address": "台64線快速公路東向21.4K主線至23.2K", "direction": "東向(區間測速)", "speed_limit": 70}}, {"type": "Feature", "geometry": {"type": "Point", "coordinates": [121.48016, 25.010178]}, "properties": {"id": 1088, "type": "fixed_speed", "city": "新北市", "district": "中和區", "address": "中正路1203號前（往中山路方向）", "direction": "西北向東南", "speed_limit": 50}}, {"type": "Feature", "geometry": {"type": "Point", "coordinates": [121.48208, 25.009008]}, "properties": {"id": 1089, "type": "fixed_speed", "city": "新北市", "district": "中和區", "address": "台64線快速公路23公里（往西）", "direction": "東南向西北", "speed_limit": 70}}, {"type": "Feature", "geometry": {"type": "Point", "coordinates": [121.48889, 25.011087]}, "properties": {"id": 1090, "type": "fixed_speed", "city": "新北市", "district": "中和區", "address": "環河西路3段091161號燈桿旁（雙向）", "direction": "西北向東南", "speed_limit": 50}}, {"type": "Feature", "geometry": {"type": "Point", "coordinates": [121.49126, 24.994034]}, "properties": {"id": 1091, "type": "fixed_speed", "city": "新北市", "district": "中和區", "address": "台64線快速公路25.2k至28.2k（雙向）", "direction": "東西雙向(區間測速)", "speed_limit": 70}}, {"type": "Feature", "geometry": {"type": "Point", "coordinates": [121.50474, 25.013285]}, "properties": {"id": 1092, "type": "fixed_speed", "city": "新北市", "district": "永和區", "address": "新北環河高架保生路匝道處（往中和）", "direction": "東北向西南", "speed_limit": 50}}, {"type": "Feature", "geometry": {"type": "Point", "coordinates": [121.52218, 25.013403]}, "properties": {"id": 1093, "type": "fixed_speed", "city": "新北市", "district": "永和區", "address": "環河東路2段10號（往中和或永和方向）", "direction": "西北向東南", "speed_limit": 50}}, {"type": "Feature", "geometry": {"type": "Point", "coordinates": [121.39826, 25.043957]}, "properties": {"id": 1094, "type": "fixed_speed", "city": "新北市", "district": "新莊區", "address": "新莊區壽山路（北118線0K至1.2K）（往新莊方向）", "direction": "東向(區間測速)", "speed_limit": 40}}, {"type": "Feature", "geometry": {"type": "Point", "coordinates": [121.41754, 25.025896]}, "properties": {"id": 1095, "type": "fixed_speed", "city": "新北市", "district": "新莊區", "address": "中正路879號（雙向）", "direction": "南向北", "speed_limit": 50}}, {"type": "Feature", "geometry": {"type": "Point", "coordinates": [121.42217, 25.02877]}, "properties": {"id": 1096, "type": "fixed_speed", "city": "新北市", "district": "新莊區", "address": "中正路757號前（往臺北或往桃園）", "direction": "西向東", "speed_limit": 50}}, {"type": "Feature", "geometry": {"type": "Point", "coordinates": [121.44222, 25.050745]}, "properties": {"id": 1097, "type": "fixed_speed", "city": "新北市", "district": "新莊區", "address": "台65線快速公路1.8公里（往板橋）", "direction": "南向北", "speed_limit": 80}}, {"type": "Feature", "geometry": {"type": "Point", "coordinates": [121.44227, 25.043478]}, "properties": {"id": 1098, "type": "fixed_speed", "city": "新北市", "district": "新莊區", "address": "中環路2段台65線高架下（新泰路401巷29號對面）", "direction": "南向北", "speed_limit": 50}}, {"type": "Feature", "geometry": {"type": "Point", "coordinates": [121.44234, 25.050781]}, "properties": {"id": 1099, "type": "fixed_speed", "city": "新北市", "district": "新莊區", "address": "台65線快速公路1.8公里（往五股）", "direction": "北向南", "speed_limit": 80}}, {"type": "Feature", "geometry": {"type": "Point", "coordinates": [121.442406, 25.051252]}, "properties": {"id": 1100, "type": "fixed_speed", "city": "新北市", "district": "新莊區", "address": "中環路3段台65線下橋墩（往中原路）", "direction": "南向北", "speed_limit": 50}}, {"type": "Feature", "geometry": {"type": "Point", "coordinates": [121.451256, 24.999134]}, "properties": {"id": 1101, "type": "fixed_speed", "city": "新北市", "district": "新莊區", "address": "台65線快速公路北向7.9K主線至4.5K", "direction": "北向(區間測速)", "speed_limit": 80}}, {"type": "Feature", "geometry": {"type": "Point", "coordinates": [121.45999, 25.042727]}, "properties": {"id": 1102, "type": "fixed_speed", "city": "新北市", "district": "新莊區", "address": "思源路與長青街口（往五股）", "direction": "南向北", "speed_limit": 50}}, {"type": "Feature", "geometry": {"type": "Point", "coordinates": [121.46002, 25.05175]}, "properties": {"id": 1103, "type": "fixed_speed", "city": "新北市", "district": "新莊區", "address": "思源路370巷口（往五股）", "direction": "南向北", "speed_limit": 40}}, {"type": "Feature", "geometry": {"type": "Point", "coordinates": [121.4609, 25.03921]}, "properties": {"id": 1104, "type": "fixed_speed", "city": "新北市", "district": "新莊區", "address": "中正路與思源路口（往桃園）", "direction": "東北向西南", "speed_limit": 50}}, {"type": "Feature", "geometry": {"type": "Point", "coordinates": [121.46555, 25.040173]}, "properties": {"id": 1105, "type": "fixed_speed", "city": "新北市", "district": "新莊區", "address": "重新堤外道9.06公里處（往三重）", "direction": "西南向東北", "speed_limit": 50}}, {"type": "Feature", "geometry": {"type": "Point", "coordinates": [121.52311, 24.98002]}, "properties": {"id": 1106, "type": "fixed_speed", "city": "新北市", "district": "新店區", "address": "溪園路375號前（往環河路或中安大橋方向）", "direction": "南向北", "speed_limit": 60}}, {"type": "Feature", "geometry": {"type": "Point", "coordinates": [121.525024, 24.975636]}, "properties": {"id": 1107, "type": "fixed_speed", "city": "新北市", "district": "新店區", "address": "環河路168號前（往臺北或新店方向）", "direction": "西北向東南", "speed_limit": 60}}, {"type": "Feature", "geometry": {"type": "Point", "coordinates": [121.52794, 24.978975]}, "properties": {"id": 1108, "type": "fixed_speed", "city": "新北市", "district": "新店區", "address": "央北二路與啓文路口（往中央路）", "direction": "西北向東南", "speed_limit": 50}}, {"type": "Feature", "geometry": {"type": "Point", "coordinates": [121.529236, 24.97182]}, "properties": {"id": 1109, "type": "fixed_speed", "city": "新北市", "district": "新店區", "address": "環河路（中央路至白馬寺，雙向）", "direction": "東西雙向(區間測速)", "speed_limit": 60}}, {"type": "Feature", "geometry": {"type": "Point", "coordinates": [121.53945, 24.95511]}, "properties": {"id": 1110, "type": "fixed_speed", "city": "新北市", "district": "新店區", "address": "北宜路1段105巷口（往新店）", "direction": "東南向西北", "speed_limit": 50}}, {"type": "Feature", "geometry": {"type": "Point", "coordinates": [121.54082, 24.984812]}, "properties": {"id": 1111, "type": "fixed_speed", "city": "新北市", "district": "新店區", "address": "北新路3段與順安街口（往新店）", "direction": "北向南", "speed_limit": 50}}, {"type": "Feature", "geometry": {"type": "Point", "coordinates": [121.544846, 24.95302]}, "properties": {"id": 1112, "type": "fixed_speed", "city": "新北市", "district": "新店區", "address": "北宜路1段246號前（往坪林）", "direction": "西向東", "speed_limit": 50}}, {"type": "Feature", "geometry": {"type": "Point", "coordinates": [121.546074, 24.948414]}, "properties": {"id": 1113, "type": "fixed_speed", "city": "新北市", "district": "新店區", "address": "新烏路1段60號旁（往烏來）", "direction": "北向南", "speed_limit": 40}}, {"type": "Feature", "geometry": {"type": "Point", "coordinates": [121.54622, 24.96975]}, "properties": {"id": 1114, "type": "fixed_speed", "city": "新北市", "district": "新店區", "address": "中興路2段39號前（往碧潭或景美）", "direction": "東北向西南", "speed_limit": 50}}, {"type": "Feature", "geometry": {"type": "Point", "coordinates": [121.54944, 24.922884]}, "properties": {"id": 1115, "type": "fixed_speed", "city": "新北市", "district": "新店區", "address": "台9甲線新烏路2段與屈尺路（往烏來）", "direction": "北向南", "speed_limit": 50}}, {"type": "Feature", "geometry": {"type": "Point", "coordinates": [121.55331, 24.953354]}, "properties": {"id": 1116, "type": "fixed_speed", "city": "新北市", "district": "新店區", "address": "北宜路2段82巷口（往坪林）", "direction": "西向東", "speed_limit": 50}}, {"type": "Feature", "geometry": {"type": "Point", "coordinates": [121.56291, 24.953762]}, "properties": {"id": 1117, "type": "fixed_speed", "city": "新北市", "district": "新店區", "address": "北宜路2段348號對面（往新店）", "direction": "東向西", "speed_limit": 50}}, {"type": "Feature", "geometry": {"type": "Point", "coordinates": [121.38427, 24.967121]}, "properties": {"id": 1118, "type": "fixed_speed", "city": "新北市", "district": "樹林區", "address": "中山路高架橋頭（往樹林）", "direction": "西南向東北", "speed_limit": 50}}, {"type": "Feature", "geometry": {"type": "Point", "coordinates": [121.39196, 24.968607]}, "properties": {"id": 1119, "type": "fixed_speed", "city": "新北市", "district": "樹林區", "address": "八德街與堤外道路（往鶯歌方向）", "direction": "東向西", "speed_limit": 50}}, {"type": "Feature", "geometry": {"type": "Point", "coordinates": [121.39537, 25.014334]}, "properties": {"id": 1120, "type": "fixed_speed", "city": "新北市", "district": "樹林區", "address": "三興路61號前（往樹林）", "direction": "西南向東北", "speed_limit": 50}}, {"type": "Feature", "geometry": {"type": "Point", "coordinates": [121.40463, 24.97773]}, "properties": {"id": 1121, "type": "fixed_speed", "city": "新北市", "district": "樹林區", "address": "中山路2段187號（雙向）", "direction": "西南向東北", "speed_limit": 50}}, {"type": "Feature", "geometry": {"type": "Point", "coordinates": [121.408424, 24.969753]}, "properties": {"id": 1122, "type": "fixed_speed", "city": "新北市", "district": "樹林區", "address": "八德街336號（往板橋）", "direction": "西向東", "speed_limit": 50}}, {"type": "Feature", "geometry": {"type": "Point", "coordinates": [121.4128, 24.984459]}, "properties": {"id": 1123, "type": "fixed_speed", "city": "新北市", "district": "樹林區", "address": "大安路537巷口（往新莊）", "direction": "西南向東北", "speed_limit": 50}}, {"type": "Feature", "geometry": {"type": "Point", "coordinates": [121.41917, 24.97285]}, "properties": {"id": 1124, "type": "fixed_speed", "city": "新北市", "district": "樹林區", "address": "環漢路5段與東豐街口（往板橋）", "direction": "西南向東北", "speed_limit": 50}}, {"type": "Feature", "geometry": {"type": "Point", "coordinates": [121.426765, 24.999968]}, "properties": {"id": 1125, "type": "fixed_speed", "city": "新北市", "district": "樹林區", "address": "樹林陸橋樹林端（板橋往樹林方向）", "direction": "東南向西北", "speed_limit": 40}}, {"type": "Feature", "geometry": {"type": "Point", "coordinates": [121.33557, 24.939499]}, "properties": {"id": 1126, "type": "fixed_speed", "city": "新北市", "district": "鶯歌區", "address": "中正三路193巷口（往大溪）", "direction": "東北向西南", "speed_limit": 40}}, {"type": "Feature", "geometry": {"type": "Point", "coordinates": [121.33779, 24.929586]}, "properties": {"id": 1127, "type": "fixed_speed", "city": "新北市", "district": "鶯歌區", "address": "環河路205389號燈桿旁（雙向）", "direction": "西向東", "speed_limit": 40}}, {"type": "Feature", "geometry": {"type": "Point", "coordinates": [121.33839, 24.963926]}, "properties": {"id": 1128, "type": "fixed_speed", "city": "新北市", "district": "鶯歌區", "address": "西湖街191號前（往樹林）", "direction": "北向南", "speed_limit": 50}}, {"type": "Feature", "geometry": {"type": "Point", "coordinates": [121.34403, 24.949121]}, "properties": {"id": 1129, "type": "fixed_speed", "city": "新北市", "district": "鶯歌區", "address": "中正二路204463號燈桿旁（往鶯歌）", "direction": "西南向東北", "speed_limit": 50}}, {"type": "Feature", "geometry": {"type": "Point", "coordinates": [121.34703, 24.95701]}, "properties": {"id": 1130, "type": "fixed_speed", "city": "新北市", "district": "鶯歌區", "address": "中山路196號（雙向）", "direction": "東向西", "speed_limit": 50}}, {"type": "Feature", "geometry": {"type": "Point", "coordinates": [121.36128, 24.95702]}, "properties": {"id": 1131, "type": "fixed_speed", "city": "新北市", "district": "鶯歌區", "address": "中正一路426號前（往樹林）", "direction": "西向東", "speed_limit": 50}}, {"type": "Feature", "geometry": {"type": "Point", "coordinates": [121.37136, 24.958023]}, "properties": {"id": 1132, "type": "fixed_speed", "city": "新北市", "district": "鶯歌區", "address": "館前路2.4公里（往樹林方向）", "direction": "西南向東北", "speed_limit": 50}}, {"type": "Feature", "geometry": {"type": "Point", "coordinates": [121.3376, 24.897879]}, "properties": {"id": 1133, "type": "fixed_speed", "city": "新北市", "district": "三峽區", "address": "中正路3段262號前（雙向）", "direction": "東北向西南", "speed_limit": 50}}, {"type": "Feature", "geometry": {"type": "Point", "coordinates": [121.36074, 24.860182]}, "properties": {"id": 1134, "type": "fixed_speed", "city": "新北市", "district": "三峽區", "address": "大埔路台7乙線7.37公里處（往桃園）", "direction": "東北向西南", "speed_limit": 40}}, {"type": "Feature", "geometry": {"type": "Point", "coordinates": [121.365906, 24.912418]}, "properties": {"id": 1135, "type": "fixed_speed", "city": "新北市", "district": "三峽區", "address": "中正路2段264號前（往大溪）", "direction": "北向南", "speed_limit": 50}}, {"type": "Feature", "geometry": {"type": "Point", "coordinates": [121.3694, 24.920135]}, "properties": {"id": 1136, "type": "fixed_speed", "city": "新北市", "district": "三峽區", "address": "中正路1段524號旁（往大溪）", "direction": "東向西", "speed_limit": 50}}, {"type": "Feature", "geometry": {"type": "Point", "coordinates": [121.37138, 24.895567]}, "properties": {"id": 1137, "type": "fixed_speed", "city": "新北市", "district": "三峽區", "address": "大埔路台7乙線1.97公里處（往三峽）", "direction": "東南向西北", "speed_limit": 40}}, {"type": "Feature", "geometry": {"type": "Point", "coordinates": [121.37187, 24.92668]}, "properties": {"id": 1138, "type": "fixed_speed", "city": "新北市", "district": "三峽區", "address": "中正路1段與大同路口（往復興路）", "direction": "南向北", "speed_limit": 50}}, {"type": "Feature", "geometry": {"type": "Point", "coordinates": [121.373344, 24.90294]}, "properties": {"id": 1139, "type": "fixed_speed", "city": "新北市", "district": "三峽區", "address": "添福路107之15號旁（往插角）", "direction": "西北向東南", "speed_limit": 40}}, {"type": "Feature", "geometry": {"type": "Point", "coordinates": [121.375145, 24.87059]}, "properties": {"id": 1140, "type": "fixed_speed", "city": "新北市", "district": "三峽區", "address": "台7乙線5.3公里（往桃園）", "direction": "東北向西南", "speed_limit": 40}}, {"type": "Feature", "geometry": {"type": "Point", "coordinates": [121.37518, 24.870596]}, "properties": {"id": 1141, "type": "fixed_speed", "city": "新北市", "district": "三峽區", "address": "台7乙線5.3K至8.1K（雙向）", "direction": "南北雙向(區間測速)", "speed_limit": 40}}, {"type": "Feature", "geometry": {"type": "Point", "coordinates": [121.37678, 24.948078]}, "properties": {"id": 1142, "type": "fixed_speed", "city": "新北市", "district": "三峽區", "address": "大義路與學林路口（雙向）", "direction": "南向北", "speed_limit": 50}}, {"type": "Feature", "geometry": {"type": "Point", "coordinates": [121.40115, 24.943188]}, "properties": {"id": 1143, "type": "fixed_speed", "city": "新北市", "district": "三峽區", "address": "介壽路3段148號前（往土城）", "direction": "西南向東北", "speed_limit": 50}}, {"type": "Feature", "geometry": {"type": "Point", "coordinates": [121.407265, 24.932316]}, "properties": {"id": 1144, "type": "fixed_speed", "city": "新北市", "district": "三峽區", "address": "溪東路（市道110號30K+500M往三峽）", "direction": "東南向西北", "speed_limit": 30}}, {"type": "Feature", "geometry": {"type": "Point", "coordinates": [121.45453, 24.932032]}, "properties": {"id": 1145, "type": "fixed_speed", "city": "新北市", "district": "三峽區", "address": "安坑路40號前（往三峽）", "direction": "東北向西南", "speed_limit": 40}}, {"type": "Feature", "geometry": {"type": "Point", "coordinates": [121.43577, 25.173384]}, "properties": {"id": 1146, "type": "fixed_speed", "city": "新北市", "district": "淡水區", "address": "文化路與中正路口（往漁人碼頭）", "direction": "東向西", "speed_limit": 50}}, {"type": "Feature", "geometry": {"type": "Point", "coordinates": [121.44629, 25.193409]}, "properties": {"id": 1147, "type": "fixed_speed", "city": "新北市", "district": "淡水區", "address": "台2線8.1公里與埤島里（往臺北）", "direction": "北向南", "speed_limit": 70}}, {"type": "Feature", "geometry": {"type": "Point", "coordinates": [121.44678, 25.192116]}, "properties": {"id": 1148, "type": "fixed_speed", "city": "新北市", "district": "淡水區", "address": "台2線8公里與新市二路4段（往三芝）", "direction": "南向北", "speed_limit": 70}}, {"type": "Feature", "geometry": {"type": "Point", "coordinates": [121.45079, 25.182007]}, "properties": {"id": 1149, "type": "fixed_speed", "city": "新北市", "district": "淡水區", "address": "淡金路2段125號（往淡水）", "direction": "西北向東南", "speed_limit": 60}}, {"type": "Feature", "geometry": {"type": "Point", "coordinates": [121.4519, 25.224241]}, "properties": {"id": 1150, "type": "fixed_speed", "city": "新北市", "district": "淡水區", "address": "台2線與正德國中賢孝校區前（往臺北）", "direction": "北向南", "speed_limit": 50}}, {"type": "Feature", "geometry": {"type": "Point", "coordinates": [121.459366, 25.154762]}, "properties": {"id": 1151, "type": "fixed_speed", "city": "新北市", "district": "淡水區", "address": "台2線與紅樹林捷運站前（往臺北）", "direction": "北向南", "speed_limit": 50}}, {"type": "Feature", "geometry": {"type": "Point", "coordinates": [121.45938, 25.153019]}, "properties": {"id": 1152, "type": "fixed_speed", "city": "新北市", "district": "淡水區", "address": "中正東路與八勢路口（往淡水）", "direction": "南向北", "speed_limit": 50}}, {"type": "Feature", "geometry": {"type": "Point", "coordinates": [121.65141, 25.061493]}, "properties": {"id": 1153, "type": "fixed_speed", "city": "新北市", "district": "汐止區", "address": "台5線14.4公里處（往基隆）", "direction": "西向東", "speed_limit": 50}}, {"type": "Feature", "geometry": {"type": "Point", "coordinates": [121.6646, 25.066809]}, "properties": {"id": 1154, "type": "fixed_speed", "city": "新北市", "district": "汐止區", "address": "台5線15.86公里處（往汐止）", "direction": "東向西", "speed_limit": 50}}, {"type": "Feature", "geometry": {"type": "Point", "coordinates": [121.67544, 25.065905]}, "properties": {"id": 1155, "type": "fixed_speed", "city": "新北市", "district": "汐止區", "address": "新台五路與茄苳路口（往汐止方向）", "direction": "東北向西南", "speed_limit": 50}}, {"type": "Feature", "geometry": {"type": "Point", "coordinates": [121.68131, 25.068539]}, "properties": {"id": 1156, "type": "fixed_speed", "city": "新北市", "district": "汐止區", "address": "台5線17.68公里處（往基隆或汐止）", "direction": "西向東", "speed_limit": 50}}, {"type": "Feature", "geometry": {"type": "Point", "coordinates": [121.77507, 25.10357]}, "properties": {"id": 1157, "type": "fixed_speed", "city": "新北市", "district": "瑞芳區", "address": "楓仔瀨路瑞楓陸橋前台2丁線5.95k（往基隆方向）", "direction": "南向北", "speed_limit": 50}}, {"type": "Feature", "geometry": {"type": "Point", "coordinates": [121.77535, 25.115046]}, "properties": {"id": 1158, "type": "fixed_speed", "city": "新北市", "district": "瑞芳區", "address": "台62甲線5公里處（往四腳亭方向）", "direction": "北向南", "speed_limit": 60}}, {"type": "Feature", "geometry": {"type": "Point", "coordinates": [121.7971, 25.11254]}, "properties": {"id": 1159, "type": "fixed_speed", "city": "新北市", "district": "瑞芳區", "address": "台62線下明燈路3段匝道（往瑞芳方向）", "direction": "西向東", "speed_limit": 40}}, {"type": "Feature", "geometry": {"type": "Point", "coordinates": [121.80307, 25.117172]}, "properties": {"id": 1160, "type": "fixed_speed", "city": "新北市", "district": "瑞芳區", "address": "台62線快速公路16.83公里處（往基隆方向）", "direction": "東北向西南", "speed_limit": 80}}, {"type": "Feature", "geometry": {"type": "Point", "coordinates": [121.804016, 25.117487]}, "properties": {"id": 1161, "type": "fixed_speed", "city": "新北市", "district": "瑞芳區", "address": "台62線快速公路16.95公里處（往瑞芳方向）", "direction": "西南向東北", "speed_limit": 80}}, {"type": "Feature", "geometry": {"type": "Point", "coordinates": [121.82302, 25.120869]}, "properties": {"id": 1162, "type": "fixed_speed", "city": "新北市", "district": "瑞芳區", "address": "省道台2線73.7K至79.6K（雙向）", "direction": "東西雙向(區間測速)", "speed_limit": 60}}, {"type": "Feature", "geometry": {"type": "Point", "coordinates": [121.86355, 25.122597]}, "properties": {"id": 1163, "type": "fixed_speed", "city": "新北市", "district": "瑞芳區", "address": "台2線78.4公里處與北34路口（往貢寮方向）", "direction": "西北向東南", "speed_limit": 60}}, {"type": "Feature", "geometry": {"type": "Point", "coordinates": [121.8755, 25.123339]}, "properties": {"id": 1164, "type": "fixed_speed", "city": "新北市", "district": "瑞芳區", "address": "省道台2線79.7K至84K（雙向）", "direction": "東西雙向(區間測速)", "speed_limit": 60}}, {"type": "Feature", "geometry": {"type": "Point", "coordinates": [121.88659, 25.121658]}, "properties": {"id": 1165, "type": "fixed_speed", "city": "新北市", "district": "瑞芳區", "address": "台2線81公里欽賢國中旁（往宜蘭）", "direction": "西北向東南", "speed_limit": 50}}, {"type": "Feature", "geometry": {"type": "Point", "coordinates": [121.41541, 24.96446]}, "properties": {"id": 1166, "type": "fixed_speed", "city": "新北市", "district": "土城區", "address": "擺接堡路與民權街（往板橋）", "direction": "西南向東北", "speed_limit": 50}}, {"type": "Feature", "geometry": {"type": "Point", "coordinates": [121.41625, 24.964876]}, "properties": {"id": 1167, "type": "fixed_speed", "city": "新北市", "district": "土城區", "address": "擺接堡路與民權街口（往三峽）", "direction": "東北向西南", "speed_limit": 50}}, {"type": "Feature", "geometry": {"type": "Point", "coordinates": [121.42565, 24.962936]}, "properties": {"id": 1168, "type": "fixed_speed", "city": "新北市", "district": "土城區", "address": "中央路3段與中興路口（往三峽）", "direction": "東北向西南", "speed_limit": 50}}, {"type": "Feature", "geometry": {"type": "Point", "coordinates": [121.43178, 24.972385]}, "properties": {"id": 1169, "type": "fixed_speed", "city": "新北市", "district": "土城區", "address": "擺接堡路2.5公里處與自強街口（往板橋）", "direction": "西南向東北", "speed_limit": 50}}, {"type": "Feature", "geometry": {"type": "Point", "coordinates": [121.43192, 24.965427]}, "properties": {"id": 1170, "type": "fixed_speed", "city": "新北市", "district": "土城區", "address": "中央路3段與大安路（往土城交流道）", "direction": "西向東", "speed_limit": 50}}, {"type": "Feature", "geometry": {"type": "Point", "coordinates": [121.438095, 24.980164]}, "properties": {"id": 1171, "type": "fixed_speed", "city": "新北市", "district": "土城區", "address": "台65線快速公路10.4公里（往土城）", "direction": "北向南", "speed_limit": 60}}, {"type": "Feature", "geometry": {"type": "Point", "coordinates": [121.438286, 24.980099]}, "properties": {"id": 1172, "type": "fixed_speed", "city": "新北市", "district": "土城區", "address": "台65線快速公路10.4公里（往板橋）", "direction": "南向北", "speed_limit": 60}}, {"type": "Feature", "geometry": {"type": "Point", "coordinates": [121.43936, 24.983473]}, "properties": {"id": 1173, "type": "fixed_speed", "city": "新北市", "district": "土城區", "address": "擺接堡路1號裕德國小前（往土城或板橋）", "direction": "北向南", "speed_limit": 50}}, {"type": "Feature", "geometry": {"type": "Point", "coordinates": [121.44263, 24.971012]}, "properties": {"id": 1174, "type": "fixed_speed", "city": "新北市", "district": "土城區", "address": "金城路1段62號（雙向）", "direction": "東北向西南", "speed_limit": 50}}, {"type": "Feature", "geometry": {"type": "Point", "coordinates": [121.45585, 25.089067]}, "properties": {"id": 1175, "type": "fixed_speed", "city": "新北市", "district": "蘆洲區", "address": "環堤大道與永樂街口（雙向）", "direction": "南向北", "speed_limit": 50}}, {"type": "Feature", "geometry": {"type": "Point", "coordinates": [121.44304, 25.085932]}, "properties": {"id": 1176, "type": "fixed_speed", "city": "新北市", "district": "五股區", "address": "新五路2段572號（往成泰路）", "direction": "西南向東北", "speed_limit": 50}}, {"type": "Feature", "geometry": {"type": "Point", "coordinates": [121.44341, 25.086546]}, "properties": {"id": 1177, "type": "fixed_speed", "city": "新北市", "district": "五股區", "address": "新五路2段347號前（往新莊或往五股）", "direction": "東北向西南", "speed_limit": 50}}, {"type": "Feature", "geometry": {"type": "Point", "coordinates": [121.446495, 25.090464]}, "properties": {"id": 1178, "type": "fixed_speed", "city": "新北市", "district": "五股區", "address": "新五路3段210號（往疏洪北路或新城八路）", "direction": "西南向東北", "speed_limit": 50}}, {"type": "Feature", "geometry": {"type": "Point", "coordinates": [121.44844, 25.092154]}, "properties": {"id": 1179, "type": "fixed_speed", "city": "新北市", "district": "五股區", "address": "台64線快速公路10.4公里（往東）", "direction": "北向南", "speed_limit": 80}}, {"type": "Feature", "geometry": {"type": "Point", "coordinates": [121.45219, 25.099508]}, "properties": {"id": 1180, "type": "fixed_speed", "city": "新北市", "district": "五股區", "address": "台64線快速公路9.5公里（往西）", "direction": "西南向東北", "speed_limit": 80}}, {"type": "Feature", "geometry": {"type": "Point", "coordinates": [121.4526, 25.08391]}, "properties": {"id": 1181, "type": "fixed_speed", "city": "新北市", "district": "五股區", "address": "疏洪一路1K+535（雙向）", "direction": "北向南", "speed_limit": 50}}, {"type": "Feature", "geometry": {"type": "Point", "coordinates": [121.45561, 25.109812]}, "properties": {"id": 1182, "type": "fixed_speed", "city": "新北市", "district": "五股區", "address": "成泰路4段43號前（雙向）", "direction": "北向南", "speed_limit": 50}}, {"type": "Feature", "geometry": {"type": "Point", "coordinates": [121.38972, 25.065548]}, "properties": {"id": 1183, "type": "fixed_speed", "city": "新北市", "district": "泰山區", "address": "大科路686號前（往泰山方向）", "direction": "西向東", "speed_limit": 40}}, {"type": "Feature", "geometry": {"type": "Point", "coordinates": [121.40175, 25.056648]}, "properties": {"id": 1184, "type": "fixed_speed", "city": "新北市", "district": "泰山區", "address": "大科路331之6號旁（往新莊）", "direction": "西向東", "speed_limit": 50}}, {"type": "Feature", "geometry": {"type": "Point", "coordinates": [121.42733, 25.055]}, "properties": {"id": 1185, "type": "fixed_speed", "city": "新北市", "district": "泰山區", "address": "公園路同榮國民小學附幼側門（往明志路）", "direction": "西向東", "speed_limit": 40}}, {"type": "Feature", "geometry": {"type": "Point", "coordinates": [121.42746, 25.037588]}, "properties": {"id": 1186, "type": "fixed_speed", "city": "新北市", "district": "泰山區", "address": "新北大道6段85號（往台麗街）", "direction": "東北向西南", "speed_limit": 60}}, {"type": "Feature", "geometry": {"type": "Point", "coordinates": [121.3567, 25.132078]}, "properties": {"id": 1187, "type": "fixed_speed", "city": "新北市", "district": "林口區", "address": "台61線8.95公里處（往林口）", "direction": "東北向西南", "speed_limit": 80}}, {"type": "Feature", "geometry": {"type": "Point", "coordinates": [121.35855, 25.07137]}, "properties": {"id": 1188, "type": "fixed_speed", "city": "新北市", "district": "林口區", "address": "文化北路1段261號前（往忠孝路）", "direction": "西南向東北", "speed_limit": 50}}, {"type": "Feature", "geometry": {"type": "Point", "coordinates": [121.35972, 25.13318]}, "properties": {"id": 1189, "type": "fixed_speed", "city": "新北市", "district": "林口區", "address": "台61線快速公路8.6公里處（往八里）", "direction": "西南向東北", "speed_limit": 80}}, {"type": "Feature", "geometry": {"type": "Point", "coordinates": [121.363235, 25.075266]}, "properties": {"id": 1190, "type": "fixed_speed", "city": "新北市", "district": "林口區", "address": "文化北路1段390號（雙向）", "direction": "西南向東北", "speed_limit": 50}}, {"type": "Feature", "geometry": {"type": "Point", "coordinates": [121.3634, 25.07129]}, "properties": {"id": 1191, "type": "fixed_speed", "city": "新北市", "district": "林口區", "address": "文化三路1段249巷旁（往林口）", "direction": "西南向東北", "speed_limit": 50}}, {"type": "Feature", "geometry": {"type": "Point", "coordinates": [121.36495, 25.135008]}, "properties": {"id": 1192, "type": "fixed_speed", "city": "新北市", "district": "林口區", "address": "台15線汕頭32號前（往北）", "direction": "西向東", "speed_limit": 50}}, {"type": "Feature", "geometry": {"type": "Point", "coordinates": [121.37033, 25.07316]}, "properties": {"id": 1193, "type": "fixed_speed", "city": "新北市", "district": "林口區", "address": "文化二路與仁愛二路口（往八里）", "direction": "西南向東北", "speed_limit": 50}}, {"type": "Feature", "geometry": {"type": "Point", "coordinates": [121.37527, 25.072582]}, "properties": {"id": 1194, "type": "fixed_speed", "city": "新北市", "district": "林口區", "address": "文化一路1段與麗園一街口（往林口）", "direction": "西南向東北", "speed_limit": 60}}, {"type": "Feature", "geometry": {"type": "Point", "coordinates": [121.37548, 25.07782]}, "properties": {"id": 1195, "type": "fixed_speed", "city": "新北市", "district": "林口區", "address": "文化二路1段571號（雙向）", "direction": "東北向西南", "speed_limit": 50}}, {"type": "Feature", "geometry": {"type": "Point", "coordinates": [121.375786, 25.073011]}, "properties": {"id": 1196, "type": "fixed_speed", "city": "新北市", "district": "林口區", "address": "文化一路1段與麗園一街口（往龜山）", "direction": "東北向西南", "speed_limit": 60}}, {"type": "Feature", "geometry": {"type": "Point", "coordinates": [121.37815, 25.083605]}, "properties": {"id": 1197, "type": "fixed_speed", "city": "新北市", "district": "林口區", "address": "中山路562號（往文化三路2段方向）", "direction": "東南向西北", "speed_limit": 50}}, {"type": "Feature", "geometry": {"type": "Point", "coordinates": [121.38603, 25.076376]}, "properties": {"id": 1198, "type": "fixed_speed", "city": "新北市", "district": "林口區", "address": "仁愛路1段691號前與竹林路口（往林口）", "direction": "西南向東北", "speed_limit": 50}}, {"type": "Feature", "geometry": {"type": "Point", "coordinates": [121.60344, 24.999569]}, "properties": {"id": 1199, "type": "fixed_speed", "city": "新北市", "district": "深坑區", "address": "106乙線0.5公里（往深坑）", "direction": "西北向東南", "speed_limit": 60}}, {"type": "Feature", "geometry": {"type": "Point", "coordinates": [121.61671, 24.99896]}, "properties": {"id": 1200, "type": "fixed_speed", "city": "新北市", "district": "深坑區", "address": "文山路2段30巷口（往臺北）", "direction": "東向西", "speed_limit": 60}}, {"type": "Feature", "geometry": {"type": "Point", "coordinates": [121.621445, 25.00007]}, "properties": {"id": 1201, "type": "fixed_speed", "city": "新北市", "district": "深坑區", "address": "106乙線文山路2段喜樂橋頭（往石碇方向）", "direction": "西向東", "speed_limit": 60}}, {"type": "Feature", "geometry": {"type": "Point", "coordinates": [121.62563, 25.016525]}, "properties": {"id": 1202, "type": "fixed_speed", "city": "新北市", "district": "深坑區", "address": "深南路與風格街口（往南港或深坑方向）", "direction": "西北向東南", "speed_limit": 40}}, {"type": "Feature", "geometry": {"type": "Point", "coordinates": [121.62762, 25.002403]}, "properties": {"id": 1203, "type": "fixed_speed", "city": "新北市", "district": "深坑區", "address": "文山路1段與旺躭路45巷口（往石碇方向）", "direction": "西南向東北", "speed_limit": 60}}, {"type": "Feature", "geometry": {"type": "Point", "coordinates": [121.63132, 25.006111]}, "properties": {"id": 1204, "type": "fixed_speed", "city": "新北市", "district": "深坑區", "address": "文山路1段與北深路1段229巷口（往臺北方向）", "direction": "北向南", "speed_limit": 60}}, {"type": "Feature", "geometry": {"type": "Point", "coordinates": [121.61378, 24.960901]}, "properties": {"id": 1205, "type": "fixed_speed", "city": "新北市", "district": "石碇區", "address": "北宜路4段6號（21.3公里）往坪林方向", "direction": "西南向東北", "speed_limit": 40}}, {"type": "Feature", "geometry": {"type": "Point", "coordinates": [121.623634, 24.95693]}, "properties": {"id": 1206, "type": "fixed_speed", "city": "新北市", "district": "石碇區", "address": "台9線19K至23.1K（雙向）", "direction": "東西雙向(區間測速)", "speed_limit": 40}}, {"type": "Feature", "geometry": {"type": "Point", "coordinates": [121.63839, 24.953558]}, "properties": {"id": 1207, "type": "fixed_speed", "city": "新北市", "district": "石碇區", "address": "北宜路5段67號前（往新店）", "direction": "東南向西北", "speed_limit": 40}}, {"type": "Feature", "geometry": {"type": "Point", "coordinates": [121.64774, 24.950348]}, "properties": {"id": 1208, "type": "fixed_speed", "city": "新北市", "district": "石碇區", "address": "台9線26.2公里（往坪林或新店）", "direction": "西北向東南", "speed_limit": 40}}, {"type": "Feature", "geometry": {"type": "Point", "coordinates": [121.67277, 25.008032]}, "properties": {"id": 1209, "type": "fixed_speed", "city": "新北市", "district": "石碇區", "address": "106線靜安路1段236號前（往平溪）", "direction": "南向北", "speed_limit": 40}}, {"type": "Feature", "geometry": {"type": "Point", "coordinates": [121.68707, 24.971546]}, "properties": {"id": 1210, "type": "fixed_speed", "city": "新北市", "district": "石碇區", "address": "106乙線碇坪路2段與華梵路口（往石碇）", "direction": "南向北", "speed_limit": 40}}, {"type": "Feature", "geometry": {"type": "Point", "coordinates": [121.68765, 25.009697]}, "properties": {"id": 1211, "type": "fixed_speed", "city": "新北市", "district": "石碇區", "address": "106線靜安路1段282號（往平溪）", "direction": "北向南", "speed_limit": 40}}, {"type": "Feature", "geometry": {"type": "Point", "coordinates": [121.698616, 25.01726]}, "properties": {"id": 1212, "type": "fixed_speed", "city": "新北市", "district": "石碇區", "address": "106線靜安路1段356號前（往深坑或平溪）", "direction": "北向南", "speed_limit": 40}}, {"type": "Feature", "geometry": {"type": "Point", "coordinates": [121.6709, 24.943071]}, "properties": {"id": 1213, "type": "fixed_speed", "city": "新北市", "district": "坪林區", "address": "台9線26.2K至32.2K（雙向）", "direction": "東西雙向(區間測速)", "speed_limit": 40}}, {"type": "Feature", "geometry": {"type": "Point", "coordinates": [121.70352, 24.936045]}, "properties": {"id": 1214, "type": "fixed_speed", "city": "新北市", "district": "坪林區", "address": "台9線33.3K至37.2K（雙向）", "direction": "東西雙向(區間測速)", "speed_limit": 40}}, {"type": "Feature", "geometry": {"type": "Point", "coordinates": [121.70447, 24.935577]}, "properties": {"id": 1215, "type": "fixed_speed", "city": "新北市", "district": "坪林區", "address": "台9線37.4公里（往宜蘭）", "direction": "西北向東南", "speed_limit": 40}}, {"type": "Feature", "geometry": {"type": "Point", "coordinates": [121.70954, 24.932625]}, "properties": {"id": 1216, "type": "fixed_speed", "city": "新北市", "district": "坪林區", "address": "台9線38.4公里（往坪林）", "direction": "東北向西南", "speed_limit": 40}}, {"type": "Feature", "geometry": {"type": "Point", "coordinates": [121.716805, 24.910906]}, "properties": {"id": 1217, "type": "fixed_speed", "city": "新北市", "district": "坪林區", "address": "台9線42.2公里（往宜蘭或坪林）", "direction": "西向東", "speed_limit": 40}}, {"type": "Feature", "geometry": {"type": "Point", "coordinates": [121.51969, 25.282158]}, "properties": {"id": 1218, "type": "fixed_speed", "city": "新北市", "district": "石門區", "address": "台2線風管所前（往石門）", "direction": "西南向東北", "speed_limit": 60}}, {"type": "Feature", "geometry": {"type": "Point", "coordinates": [121.56098, 25.290787]}, "properties": {"id": 1219, "type": "fixed_speed", "city": "新北市", "district": "石門區", "address": "台2線27.5公里（石門加油站前）往金山方向", "direction": "西向東", "speed_limit": 50}}, {"type": "Feature", "geometry": {"type": "Point", "coordinates": [121.38151, 25.14027]}, "properties": {"id": 1220, "type": "fixed_speed", "city": "新北市", "district": "八里區", "address": "中山路3段與下罟子漁港路口（往八里）", "direction": "西南向東北", "speed_limit": 50}}, {"type": "Feature", "geometry": {"type": "Point", "coordinates": [121.39088, 25.12536]}, "properties": {"id": 1221, "type": "fixed_speed", "city": "新北市", "district": "八里區", "address": "中華路3段236號長坑國小前（往八里）", "direction": "南向北", "speed_limit": 40}}, {"type": "Feature", "geometry": {"type": "Point", "coordinates": [121.40706, 25.15087]}, "properties": {"id": 1222, "type": "fixed_speed", "city": "新北市", "district": "八里區", "address": "中華路2段165巷（往龍米路3段）", "direction": "西南向東北", "speed_limit": 50}}, {"type": "Feature", "geometry": {"type": "Point", "coordinates": [121.422195, 25.111614]}, "properties": {"id": 1223, "type": "fixed_speed", "city": "新北市", "district": "八里區", "address": "省道台64線西向1.6K至5.4K", "direction": "西向(區間測速)", "speed_limit": 80}}, {"type": "Feature", "geometry": {"type": "Point", "coordinates": [121.42318, 25.15862]}, "properties": {"id": 1224, "type": "fixed_speed", "city": "新北市", "district": "八里區", "address": "中華路1段與中山路口（往臺北）", "direction": "西南向東北", "speed_limit": 50}}, {"type": "Feature", "geometry": {"type": "Point", "coordinates": [121.42531, 25.15932]}, "properties": {"id": 1225, "type": "fixed_speed", "city": "新北市", "district": "八里區", "address": "龍米路3段48-51號（往中山路）", "direction": "東向西", "speed_limit": 50}}, {"type": "Feature", "geometry": {"type": "Point", "coordinates": [121.43468, 25.158133]}, "properties": {"id": 1226, "type": "fixed_speed", "city": "新北市", "district": "八里區", "address": "龍米路2段與渡船頭街口（往中山路）", "direction": "東向西", "speed_limit": 50}}, {"type": "Feature", "geometry": {"type": "Point", "coordinates": [121.44082, 25.15291]}, "properties": {"id": 1227, "type": "fixed_speed", "city": "新北市", "district": "八里區", "address": "龍米路2段153之3號前（往八里）", "direction": "東南向西北", "speed_limit": 50}}, {"type": "Feature", "geometry": {"type": "Point", "coordinates": [121.44565, 25.14733]}, "properties": {"id": 1228, "type": "fixed_speed", "city": "新北市", "district": "八里區", "address": "龍米路2段米倉國小前（雙向）", "direction": "東南向西北", "speed_limit": 50}}, {"type": "Feature", "geometry": {"type": "Point", "coordinates": [121.45148, 25.13215]}, "properties": {"id": 1229, "type": "fixed_speed", "city": "新北市", "district": "八里區", "address": "龍米路1段與龍形三街口（往臺北）", "direction": "北向南", "speed_limit": 50}}, {"type": "Feature", "geometry": {"type": "Point", "coordinates": [121.77506, 25.050632]}, "properties": {"id": 1230, "type": "fixed_speed", "city": "新北市", "district": "平溪區", "address": "台2丙線8.1公里處（往基隆）", "direction": "東南向西北", "speed_limit": 50}}, {"type": "Feature", "geometry": {"type": "Point", "coordinates": [121.77511, 25.050533]}, "properties": {"id": 1231, "type": "fixed_speed", "city": "新北市", "district": "平溪區", "address": "台2丙線8.2公里處（往平溪）", "direction": "西北向東南", "speed_limit": 50}}, {"type": "Feature", "geometry": {"type": "Point", "coordinates": [121.78804, 25.02179]}, "properties": {"id": 1232, "type": "fixed_speed", "city": "新北市", "district": "雙溪區", "address": "台2丙線12.1公里（平雙隧道內避車彎）", "direction": "東南向西北", "speed_limit": 50}}, {"type": "Feature", "geometry": {"type": "Point", "coordinates": [121.79365, 25.019226]}, "properties": {"id": 1233, "type": "fixed_speed", "city": "新北市", "district": "雙溪區", "address": "台2丙線12.7公里（往雙溪）", "direction": "西北向東南", "speed_limit": 50}}, {"type": "Feature", "geometry": {"type": "Point", "coordinates": [121.81242, 25.021004]}, "properties": {"id": 1234, "type": "fixed_speed", "city": "新北市", "district": "雙溪區", "address": "台2丙線14.95公里與雙柑公路口（往貢寮）", "direction": "西向東", "speed_limit": 60}}, {"type": "Feature", "geometry": {"type": "Point", "coordinates": [121.83002, 25.028564]}, "properties": {"id": 1235, "type": "fixed_speed", "city": "新北市", "district": "雙溪區", "address": "台2丙線17公里（往雙溪）", "direction": "西南向東北", "speed_limit": 60}}, {"type": "Feature", "geometry": {"type": "Point", "coordinates": [121.90794, 25.017378]}, "properties": {"id": 1236, "type": "fixed_speed", "city": "新北市", "district": "貢寮區", "address": "台2丙線25.95公里（泮宮路45號）", "direction": "北向南", "speed_limit": 50}}, {"type": "Feature", "geometry": {"type": "Point", "coordinates": [121.912, 25.112902]}, "properties": {"id": 1237, "type": "fixed_speed", "city": "新北市", "district": "貢寮區", "address": "省道台2線85.8K至87.5K（雙向）", "direction": "東西雙向(區間測速)", "speed_limit": 50}}, {"type": "Feature", "geometry": {"type": "Point", "coordinates": [121.91447, 25.07958]}, "properties": {"id": 1238, "type": "fixed_speed", "city": "新北市", "district": "貢寮區", "address": "台2線91公里（往宜蘭或瑞芳）", "direction": "北向南", "speed_limit": 60}}, {"type": "Feature", "geometry": {"type": "Point", "coordinates": [121.9267, 25.039959]}, "properties": {"id": 1239, "type": "fixed_speed", "city": "新北市", "district": "貢寮區", "address": "台2線96.55公里處（往宜蘭或基隆）", "direction": "南向北", "speed_limit": 60}}, {"type": "Feature", "geometry": {"type": "Point", "coordinates": [121.9491, 25.017994]}, "properties": {"id": 1240, "type": "fixed_speed", "city": "新北市", "district": "貢寮區", "address": "東興街42號前（往瑞芳）", "direction": "東向西", "speed_limit": 50}}, {"type": "Feature", "geometry": {"type": "Point", "coordinates": [121.980156, 25.0229]}, "properties": {"id": 1241, "type": "fixed_speed", "city": "新北市", "district": "貢寮區", "address": "台2線104.6公里處（往宜蘭或瑞芳）", "direction": "西北向東南", "speed_limit": 50}}, {"type": "Feature", "geometry": {"type": "Point", "coordinates": [121.98824, 25.0158]}, "properties": {"id": 1242, "type": "fixed_speed", "city": "新北市", "district": "貢寮區", "address": "省道台2線105.8K至113.2K（雙向）", "direction": "東西雙向(區間測速)", "speed_limit": 60}}, {"type": "Feature", "geometry": {"type": "Point", "coordinates": [121.62361, 25.219725]}, "properties": {"id": 1243, "type": "fixed_speed", "city": "新北市", "district": "金山區", "address": "台2甲線0.9公里處（往金山或往臺北）", "direction": "西向東", "speed_limit": 50}}, {"type": "Feature", "geometry": {"type": "Point", "coordinates": [121.63341, 25.241701]}, "properties": {"id": 1244, "type": "fixed_speed", "city": "新北市", "district": "金山區", "address": "台2線38.9公里處（海興路93號旁）往金山方向", "direction": "北向南", "speed_limit": 60}}, {"type": "Feature", "geometry": {"type": "Point", "coordinates": [121.646545, 25.21232]}, "properties": {"id": 1245, "type": "fixed_speed", "city": "新北市", "district": "萬里區", "address": "台2線43.5公里大鵬派出所前（往基隆）", "direction": "西北向東南", "speed_limit": 50}}, {"type": "Feature", "geometry": {"type": "Point", "coordinates": [121.65279, 25.208885]}, "properties": {"id": 1246, "type": "fixed_speed", "city": "新北市", "district": "萬里區", "address": "台2線大鵬國小對面（往金山）", "direction": "東向西", "speed_limit": 50}}, {"type": "Feature", "geometry": {"type": "Point", "coordinates": [121.68396, 25.191902]}, "properties": {"id": 1247, "type": "fixed_speed", "city": "新北市", "district": "萬里區", "address": "台2線48.3公里萬里隧道出口處（往基隆）", "direction": "東北向西南", "speed_limit": 50}}, {"type": "Feature", "geometry": {"type": "Point", "coordinates": [121.687614, 25.183182]}, "properties": {"id": 1248, "type": "fixed_speed", "city": "新北市", "district": "萬里區", "address": "瑪鋉路340號前（台2線49.537K往基隆或金山）", "direction": "西北向東南", "speed_limit": 60}}, {"type": "Feature", "geometry": {"type": "Point", "coordinates": [120.68389, 24.14563]}, "properties": {"id": 1249, "type": "fixed_speed", "city": "臺中市", "district": "中區", "address": "中區三民路與公園路口", "direction": "北往南", "speed_limit": 50}}, {"type": "Feature", "geometry": {"type": "Point", "coordinates": [120.69571, 24.134548]}, "properties": {"id": 1250, "type": "fixed_speed", "city": "臺中市", "district": "東區", "address": "東區建成路521號前", "direction": "雙向", "speed_limit": 50}}, {"type": "Feature", "geometry": {"type": "Point", "coordinates": [120.69949, 24.149633]}, "properties": {"id": 1251, "type": "fixed_speed", "city": "臺中市", "district": "東區", "address": "東區旱溪西路二段17巷口", "direction": "南向北", "speed_limit": 50}}, {"type": "Feature", "geometry": {"type": "Point", "coordinates": [120.69985, 24.137129]}, "properties": {"id": 1252, "type": "fixed_speed", "city": "臺中市", "district": "東區", "address": "東區旱溪西路一段300號前(成功國小往南)", "direction": "北往南", "speed_limit": 50}}, {"type": "Feature", "geometry": {"type": "Point", "coordinates": [120.70103, 24.144615]}, "properties": {"id": 1253, "type": "fixed_speed", "city": "臺中市", "district": "東區", "address": "東區旱溪東路一段與十甲路口", "direction": "北往南", "speed_limit": 50}}, {"type": "Feature", "geometry": {"type": "Point", "coordinates": [120.712036, 24.14412]}, "properties": {"id": 1254, "type": "fixed_speed", "city": "臺中市", "district": "東區", "address": "東區環中東路四段近東義街口", "direction": "南往北", "speed_limit": 50}}, {"type": "Feature", "geometry": {"type": "Point", "coordinates": [120.6484, 24.111053]}, "properties": {"id": 1255, "type": "fixed_speed", "city": "臺中市", "district": "南區", "address": "南區復興路一段129號前", "direction": "東向西", "speed_limit": 60}}, {"type": "Feature", "geometry": {"type": "Point", "coordinates": [120.660736, 24.110003]}, "properties": {"id": 1256, "type": "fixed_speed", "city": "臺中市", "district": "南區", "address": "南區文心南路930號前", "direction": "北向南", "speed_limit": 60}}, {"type": "Feature", "geometry": {"type": "Point", "coordinates": [120.66175, 24.11858]}, "properties": {"id": 1257, "type": "fixed_speed", "city": "臺中市", "district": "南區", "address": "南區五權南路與忠明南路口", "direction": "南往北", "speed_limit": 50}}, {"type": "Feature", "geometry": {"type": "Point", "coordinates": [120.66404, 24.12225]}, "properties": {"id": 1258, "type": "fixed_speed", "city": "臺中市", "district": "南區", "address": "南區南平路97號前", "direction": "東西雙向", "speed_limit": 50}}, {"type": "Feature", "geometry": {"type": "Point", "coordinates": [120.68229, 24.119066]}, "properties": {"id": 1259, "type": "fixed_speed", "city": "臺中市", "district": "南區", "address": "南區忠明南路1265號前", "direction": "東西雙向", "speed_limit": 50}}, {"type": "Feature", "geometry": {"type": "Point", "coordinates": [120.65723, 24.14296]}, "properties": {"id": 1260, "type": "fixed_speed", "city": "臺中市", "district": "西區", "address": "西區五權西一街與五權西路一段", "direction": "西往東", "speed_limit": 50}}, {"type": "Feature", "geometry": {"type": "Point", "coordinates": [120.657326, 24.13757]}, "properties": {"id": 1261, "type": "fixed_speed", "city": "臺中市", "district": "西區", "address": "西區忠明南路與忠明南路326巷口", "direction": "雙向", "speed_limit": 50}}, {"type": "Feature", "geometry": {"type": "Point", "coordinates": [120.65735, 24.142597]}, "properties": {"id": 1262, "type": "fixed_speed", "city": "臺中市", "district": "西區", "address": "西區福人街與忠明南路", "direction": "南往北", "speed_limit": 50}}, {"type": "Feature", "geometry": {"type": "Point", "coordinates": [120.66449, 24.128283]}, "properties": {"id": 1263, "type": "fixed_speed", "city": "臺中市", "district": "西區", "address": "西區建國北路二段101號前", "direction": "東西雙向", "speed_limit": 50}}, {"type": "Feature", "geometry": {"type": "Point", "coordinates": [120.67267, 24.131802]}, "properties": {"id": 1264, "type": "fixed_speed", "city": "臺中市", "district": "西區", "address": "西區建國北路與公舘路", "direction": "北南雙向", "speed_limit": 50}}, {"type": "Feature", "geometry": {"type": "Point", "coordinates": [120.66273, 24.15549]}, "properties": {"id": 1265, "type": "fixed_speed", "city": "臺中市", "district": "北區", "address": "北區忠明路與西屯路一段路口", "direction": "東往西", "speed_limit": 50}}, {"type": "Feature", "geometry": {"type": "Point", "coordinates": [120.673485, 24.16649]}, "properties": {"id": 1266, "type": "fixed_speed", "city": "臺中市", "district": "北區", "address": "北區中清路一段447號前與漢口路3、4段", "direction": "南往北", "speed_limit": 50}}, {"type": "Feature", "geometry": {"type": "Point", "coordinates": [120.68831, 24.16392]}, "properties": {"id": 1267, "type": "fixed_speed", "city": "臺中市", "district": "北區", "address": "北區崇德路一段與進化北路口", "direction": "北往南", "speed_limit": 50}}, {"type": "Feature", "geometry": {"type": "Point", "coordinates": [120.69441, 24.156155]}, "properties": {"id": 1268, "type": "fixed_speed", "city": "臺中市", "district": "北區", "address": "北區進化路與興進路口", "direction": "北往南", "speed_limit": 50}}, {"type": "Feature", "geometry": {"type": "Point", "coordinates": [120.69855, 24.152458]}, "properties": {"id": 1269, "type": "fixed_speed", "city": "臺中市", "district": "北區", "address": "北區東光路270號前", "direction": "北向南", "speed_limit": 50}}, {"type": "Feature", "geometry": {"type": "Point", "coordinates": [120.70083, 24.17162]}, "properties": {"id": 1270, "type": "fixed_speed", "city": "臺中市", "district": "北區", "address": "北屯區太原路三段與旱溪東路二段", "direction": "東往西", "speed_limit": 60}}, {"type": "Feature", "geometry": {"type": "Point", "coordinates": [120.59475, 24.196201]}, "properties": {"id": 1271, "type": "fixed_speed", "city": "臺中市", "district": "西屯區", "address": "西屯區都會園路(往西屯路距都會公園1.35公里)", "direction": "北向南", "speed_limit": 50}}, {"type": "Feature", "geometry": {"type": "Point", "coordinates": [120.5978, 24.1819]}, "properties": {"id": 1272, "type": "fixed_speed", "city": "臺中市", "district": "西屯區", "address": "西屯區臺灣大道四段2088號前(往市區)", "direction": "西向東", "speed_limit": 50}}, {"type": "Feature", "geometry": {"type": "Point", "coordinates": [120.60272, 24.182938]}, "properties": {"id": 1273, "type": "fixed_speed", "city": "臺中市", "district": "西屯區", "address": "西屯區臺灣大道四段近東大路一段(側門慢車道)", "direction": "西向東", "speed_limit": 40}}, {"type": "Feature", "geometry": {"type": "Point", "coordinates": [120.60414, 24.18653]}, "properties": {"id": 1274, "type": "fixed_speed", "city": "臺中市", "district": "西屯區", "address": "西屯區東大路一段450號前往西屯路三段方向", "direction": "南向北", "speed_limit": 50}}, {"type": "Feature", "geometry": {"type": "Point", "coordinates": [120.60799, 24.203812]}, "properties": {"id": 1275, "type": "fixed_speed", "city": "臺中市", "district": "西屯區", "address": "臺中市西屯區科園路(29號旁)", "direction": "雙向", "speed_limit": 50}}, {"type": "Feature", "geometry": {"type": "Point", "coordinates": [120.61027, 24.170338]}, "properties": {"id": 1276, "type": "fixed_speed", "city": "臺中市", "district": "西屯區", "address": "工業區一路100對面", "direction": "西往東", "speed_limit": 40}}, {"type": "Feature", "geometry": {"type": "Point", "coordinates": [120.61086, 24.203625]}, "properties": {"id": 1277, "type": "fixed_speed", "city": "臺中市", "district": "西屯區", "address": "臺中市西屯區東大路一段與科園路口(快車道)", "direction": "南往北", "speed_limit": 60}}, {"type": "Feature", "geometry": {"type": "Point", "coordinates": [120.61238, 24.209778]}, "properties": {"id": 1278, "type": "fixed_speed", "city": "臺中市", "district": "西屯區", "address": "臺中市西屯區東大路一段與中科路口", "direction": "南往北", "speed_limit": 60}}, {"type": "Feature", "geometry": {"type": "Point", "coordinates": [120.6128, 24.1901]}, "properties": {"id": 1279, "type": "fixed_speed", "city": "臺中市", "district": "西屯區", "address": "西屯區西屯路三段261號前", "direction": "西向東", "speed_limit": 50}}, {"type": "Feature", "geometry": {"type": "Point", "coordinates": [120.61284, 24.186693]}, "properties": {"id": 1280, "type": "fixed_speed", "city": "臺中市", "district": "西屯區", "address": "西屯區福科路617號前往福林路方向中央分隔島", "direction": "西向東", "speed_limit": 50}}, {"type": "Feature", "geometry": {"type": "Point", "coordinates": [120.61391, 24.18044]}, "properties": {"id": 1281, "type": "fixed_speed", "city": "臺中市", "district": "西屯區", "address": "西屯區西屯路三段與遠東街口", "direction": "西往東", "speed_limit": 50}}, {"type": "Feature", "geometry": {"type": "Point", "coordinates": [120.618515, 24.165049]}, "properties": {"id": 1282, "type": "fixed_speed", "city": "臺中市", "district": "西屯區", "address": "安和路41之8號", "direction": "北往南", "speed_limit": 50}}, {"type": "Feature", "geometry": {"type": "Point", "coordinates": [120.62116, 24.171976]}, "properties": {"id": 1283, "type": "fixed_speed", "city": "臺中市", "district": "西屯區", "address": "西屯區安和路99-38號前", "direction": "南向北", "speed_limit": 50}}, {"type": "Feature", "geometry": {"type": "Point", "coordinates": [120.62186, 24.207615]}, "properties": {"id": 1284, "type": "fixed_speed", "city": "臺中市", "district": "西屯區", "address": "臺中市西屯區中科路段近科雅東路口(快車道)", "direction": "雙向", "speed_limit": 60}}, {"type": "Feature", "geometry": {"type": "Point", "coordinates": [120.622116, 24.20721]}, "properties": {"id": 1285, "type": "fixed_speed", "city": "臺中市", "district": "西屯區", "address": "臺中市西屯區中科路段近科雅東路口(慢車道外側)", "direction": "西往東", "speed_limit": 60}}, {"type": "Feature", "geometry": {"type": "Point", "coordinates": [120.63082, 24.167393]}, "properties": {"id": 1286, "type": "fixed_speed", "city": "臺中市", "district": "西屯區", "address": "西屯區環中路三段龍洋巷50-15號前", "direction": "南向北", "speed_limit": 60}}, {"type": "Feature", "geometry": {"type": "Point", "coordinates": [120.6324, 24.17032]}, "properties": {"id": 1287, "type": "fixed_speed", "city": "臺中市", "district": "西屯區", "address": "朝馬路與環中路口", "direction": "西往東", "speed_limit": 50}}, {"type": "Feature", "geometry": {"type": "Point", "coordinates": [120.63997, 24.158367]}, "properties": {"id": 1288, "type": "fixed_speed", "city": "臺中市", "district": "西屯區", "address": "西屯區市政路123號前", "direction": "西向東", "speed_limit": 60}}, {"type": "Feature", "geometry": {"type": "Point", "coordinates": [120.64267, 24.19317]}, "properties": {"id": 1289, "type": "fixed_speed", "city": "臺中市", "district": "西屯區", "address": "西屯區環中路二段766號", "direction": "南向北", "speed_limit": 60}}, {"type": "Feature", "geometry": {"type": "Point", "coordinates": [120.64392, 24.191656]}, "properties": {"id": 1290, "type": "fixed_speed", "city": "臺中市", "district": "西屯區", "address": "西屯區黎明路三段與僑大五路口", "direction": "東向西", "speed_limit": 50}}, {"type": "Feature", "geometry": {"type": "Point", "coordinates": [120.644775, 24.194983]}, "properties": {"id": 1291, "type": "fixed_speed", "city": "臺中市", "district": "西屯區", "address": "西屯區中彰快速道路12.7K(往烏日方向)", "direction": "東向西", "speed_limit": 80}}, {"type": "Feature", "geometry": {"type": "Point", "coordinates": [120.650085, 24.197182]}, "properties": {"id": 1292, "type": "fixed_speed", "city": "臺中市", "district": "西屯區", "address": "西屯區中彰快速道路13.3K(往中清路方向)", "direction": "西向東", "speed_limit": 80}}, {"type": "Feature", "geometry": {"type": "Point", "coordinates": [120.587234, 24.16113]}, "properties": {"id": 1293, "type": "fixed_speed", "city": "臺中市", "district": "南屯區", "address": "向上路五段往龍井方向(距五權西路1.2K處)", "direction": "東往西", "speed_limit": 60}}, {"type": "Feature", "geometry": {"type": "Point", "coordinates": [120.60441, 24.151878]}, "properties": {"id": 1294, "type": "fixed_speed", "city": "臺中市", "district": "南屯區", "address": "南屯區向上路五段(西向東、向市區距離精科路360公尺)", "direction": "西向東", "speed_limit": 60}}, {"type": "Feature", "geometry": {"type": "Point", "coordinates": [120.60922, 24.138643]}, "properties": {"id": 1295, "type": "fixed_speed", "city": "臺中市", "district": "南屯區", "address": "南屯區永春南路148號前", "direction": "西向東", "speed_limit": 50}}, {"type": "Feature", "geometry": {"type": "Point", "coordinates": [120.611015, 24.154503]}, "properties": {"id": 1296, "type": "fixed_speed", "city": "臺中市", "district": "南屯區", "address": "南屯區五權西路三段225-7號前", "direction": "東西雙向", "speed_limit": 50}}, {"type": "Feature", "geometry": {"type": "Point", "coordinates": [120.619804, 24.129442]}, "properties": {"id": 1297, "type": "fixed_speed", "city": "臺中市", "district": "南屯區", "address": "南屯區中彰快速道路4.8K", "direction": "南北雙向", "speed_limit": 80}}, {"type": "Feature", "geometry": {"type": "Point", "coordinates": [120.62328, 24.147081]}, "properties": {"id": 1298, "type": "fixed_speed", "city": "臺中市", "district": "南屯區", "address": "南屯區環中路四段56-8號", "direction": "南北雙向", "speed_limit": 60}}, {"type": "Feature", "geometry": {"type": "Point", "coordinates": [120.62725, 24.145042]}, "properties": {"id": 1299, "type": "fixed_speed", "city": "臺中市", "district": "南屯區", "address": "南屯區向上路三段418號前", "direction": "西向東", "speed_limit": 50}}, {"type": "Feature", "geometry": {"type": "Point", "coordinates": [120.628395, 24.140207]}, "properties": {"id": 1300, "type": "fixed_speed", "city": "臺中市", "district": "南屯區", "address": "南屯區永春東路與益豐路口", "direction": "東往西", "speed_limit": 50}}, {"type": "Feature", "geometry": {"type": "Point", "coordinates": [120.62967, 24.12745]}, "properties": {"id": 1301, "type": "fixed_speed", "city": "臺中市", "district": "南屯區", "address": "南屯區環中路四段643號前", "direction": "北向南", "speed_limit": 60}}, {"type": "Feature", "geometry": {"type": "Point", "coordinates": [120.630356, 24.146921]}, "properties": {"id": 1302, "type": "fixed_speed", "city": "臺中市", "district": "南屯區", "address": "南屯區五權西路二段1001號前", "direction": "東西雙向", "speed_limit": 50}}, {"type": "Feature", "geometry": {"type": "Point", "coordinates": [120.630974, 24.138615]}, "properties": {"id": 1303, "type": "fixed_speed", "city": "臺中市", "district": "南屯區", "address": "南屯區永春東路1392號對面", "direction": "西向東", "speed_limit": 50}}, {"type": "Feature", "geometry": {"type": "Point", "coordinates": [120.63971, 24.14771]}, "properties": {"id": 1304, "type": "fixed_speed", "city": "臺中市", "district": "南屯區", "address": "南屯區惠中路三段與向上路二段路口", "direction": "北往南", "speed_limit": 50}}, {"type": "Feature", "geometry": {"type": "Point", "coordinates": [120.64006, 24.13952]}, "properties": {"id": 1305, "type": "fixed_speed", "city": "臺中市", "district": "南屯區", "address": "南屯區五權西路二段與向上路三段路口", "direction": "東往西", "speed_limit": 50}}, {"type": "Feature", "geometry": {"type": "Point", "coordinates": [120.64623, 24.126032]}, "properties": {"id": 1306, "type": "fixed_speed", "city": "臺中市", "district": "南屯區", "address": "文心南路近三民西路", "direction": "北往南", "speed_limit": 50}}, {"type": "Feature", "geometry": {"type": "Point", "coordinates": [120.64734, 24.140085]}, "properties": {"id": 1307, "type": "fixed_speed", "city": "臺中市", "district": "南屯區", "address": "南屯區五權西路二段與文心路口", "direction": "東往西", "speed_limit": 50}}, {"type": "Feature", "geometry": {"type": "Point", "coordinates": [120.674286, 24.181917]}, "properties": {"id": 1308, "type": "fixed_speed", "city": "臺中市", "district": "北屯區", "address": "北屯區四平路仁愛公園旁", "direction": "西向東", "speed_limit": 50}}, {"type": "Feature", "geometry": {"type": "Point", "coordinates": [120.68622, 24.183264]}, "properties": {"id": 1309, "type": "fixed_speed", "city": "臺中市", "district": "北屯區", "address": "北屯區崇德路與崇德八路口", "direction": "南往北", "speed_limit": 50}}, {"type": "Feature", "geometry": {"type": "Point", "coordinates": [120.6867, 24.203175]}, "properties": {"id": 1310, "type": "fixed_speed", "city": "臺中市", "district": "北屯區", "address": "北屯區崇德路三段938號前", "direction": "南北雙向", "speed_limit": 60}}, {"type": "Feature", "geometry": {"type": "Point", "coordinates": [120.68926, 24.171839]}, "properties": {"id": 1311, "type": "fixed_speed", "city": "臺中市", "district": "北屯區", "address": "文心路四段715號前", "direction": "東往西", "speed_limit": 50}}, {"type": "Feature", "geometry": {"type": "Point", "coordinates": [120.71065, 24.176659]}, "properties": {"id": 1312, "type": "fixed_speed", "city": "臺中市", "district": "北屯區", "address": "北屯區旱溪東路三段51號前", "direction": "北向南", "speed_limit": 50}}, {"type": "Feature", "geometry": {"type": "Point", "coordinates": [120.71781, 24.163551]}, "properties": {"id": 1313, "type": "fixed_speed", "city": "臺中市", "district": "北屯區", "address": "北屯區太原路三段1027-1號前", "direction": "西向東", "speed_limit": 60}}, {"type": "Feature", "geometry": {"type": "Point", "coordinates": [120.71834, 24.188057]}, "properties": {"id": 1314, "type": "fixed_speed", "city": "臺中市", "district": "北屯區", "address": "北屯區軍功路二段571號前", "direction": "北向南", "speed_limit": 50}}, {"type": "Feature", "geometry": {"type": "Point", "coordinates": [120.72484, 24.180975]}, "properties": {"id": 1315, "type": "fixed_speed", "city": "臺中市", "district": "北屯區", "address": "北屯區松竹路一段360號前(往環中東路一段方向)", "direction": "東向西", "speed_limit": 50}}, {"type": "Feature", "geometry": {"type": "Point", "coordinates": [120.725, 24.161688]}, "properties": {"id": 1316, "type": "fixed_speed", "city": "臺中市", "district": "北屯區", "address": "北屯區太原路三段1225號(新平基督長老教會前)", "direction": "西向東", "speed_limit": 60}}, {"type": "Feature", "geometry": {"type": "Point", "coordinates": [120.73345, 24.167746]}, "properties": {"id": 1317, "type": "fixed_speed", "city": "臺中市", "district": "北屯區", "address": "北屯區廍子路456號前", "direction": "南向北", "speed_limit": 50}}, {"type": "Feature", "geometry": {"type": "Point", "coordinates": [120.73518, 24.176296]}, "properties": {"id": 1318, "type": "fixed_speed", "city": "臺中市", "district": "北屯區", "address": "北屯區祥順路二段398號前", "direction": "北向南", "speed_limit": 50}}, {"type": "Feature", "geometry": {"type": "Point", "coordinates": [120.73828, 24.176615]}, "properties": {"id": 1319, "type": "fixed_speed", "city": "臺中市", "district": "北屯區", "address": "北屯區廍子路與廍子路700巷口", "direction": "東向西", "speed_limit": 50}}, {"type": "Feature", "geometry": {"type": "Point", "coordinates": [120.74759, 24.196503]}, "properties": {"id": 1320, "type": "fixed_speed", "city": "臺中市", "district": "北屯區", "address": "東山路二段100巷(大坑國小往新社)", "direction": "西往東", "speed_limit": 50}}, {"type": "Feature", "geometry": {"type": "Point", "coordinates": [120.748215, 24.197582]}, "properties": {"id": 1321, "type": "fixed_speed", "city": "臺中市", "district": "北屯區", "address": "北屯區北屯路與松竹路口(往市區方向)", "direction": "北往南", "speed_limit": 60}}, {"type": "Feature", "geometry": {"type": "Point", "coordinates": [120.76548, 24.198912]}, "properties": {"id": 1322, "type": "fixed_speed", "city": "臺中市", "district": "北屯區", "address": "北屯區東山路二段151-3號前", "direction": "東向西", "speed_limit": 50}}, {"type": "Feature", "geometry": {"type": "Point", "coordinates": [120.70353, 24.238495]}, "properties": {"id": 1323, "type": "fixed_speed", "city": "臺中市", "district": "豐原區", "address": "豐原大道與西勢路口", "direction": "西往東", "speed_limit": 50}}, {"type": "Feature", "geometry": {"type": "Point", "coordinates": [120.706635, 24.24755]}, "properties": {"id": 1324, "type": "fixed_speed", "city": "臺中市", "district": "豐原區", "address": "豐原區豐原大道八段(愛心紀念公園前)", "direction": "南北雙向", "speed_limit": 60}}, {"type": "Feature", "geometry": {"type": "Point", "coordinates": [120.71054, 24.237238]}, "properties": {"id": 1325, "type": "fixed_speed", "city": "臺中市", "district": "豐原區", "address": "中山路與豐原大道", "direction": "北往南", "speed_limit": 60}}, {"type": "Feature", "geometry": {"type": "Point", "coordinates": [120.71295, 24.277452]}, "properties": {"id": 1326, "type": "fixed_speed", "city": "臺中市", "district": "豐原區", "address": "豐原區國豐路一段501號", "direction": "西向東", "speed_limit": 50}}, {"type": "Feature", "geometry": {"type": "Point", "coordinates": [120.72201, 24.275217]}, "properties": {"id": 1327, "type": "fixed_speed", "city": "臺中市", "district": "豐原區", "address": "三豐路二段510號前", "direction": "南往北", "speed_limit": 50}}, {"type": "Feature", "geometry": {"type": "Point", "coordinates": [120.72477, 24.25743]}, "properties": {"id": 1328, "type": "fixed_speed", "city": "臺中市", "district": "豐原區", "address": "豐原區圓環北路一段與豐洲路口", "direction": "東往西", "speed_limit": 50}}, {"type": "Feature", "geometry": {"type": "Point", "coordinates": [120.72574, 24.264332]}, "properties": {"id": 1329, "type": "fixed_speed", "city": "臺中市", "district": "豐原區", "address": "豐原區豐原大道六段516號前", "direction": "東向西", "speed_limit": 60}}, {"type": "Feature", "geometry": {"type": "Point", "coordinates": [120.73099, 24.245043]}, "properties": {"id": 1330, "type": "fixed_speed", "city": "臺中市", "district": "豐原區", "address": "豐原大道四段51號", "direction": "南往北", "speed_limit": 60}}, {"type": "Feature", "geometry": {"type": "Point", "coordinates": [120.7364, 24.24755]}, "properties": {"id": 1331, "type": "fixed_speed", "city": "臺中市", "district": "豐原區", "address": "豐原區豐原大道四段近379號前", "direction": "東向西", "speed_limit": 60}}, {"type": "Feature", "geometry": {"type": "Point", "coordinates": [120.74963, 24.268444]}, "properties": {"id": 1332, "type": "fixed_speed", "city": "臺中市", "district": "豐原區", "address": "豐勢路與國豐路口", "direction": "北往南", "speed_limit": 50}}, {"type": "Feature", "geometry": {"type": "Point", "coordinates": [120.79997, 24.291922]}, "properties": {"id": 1333, "type": "fixed_speed", "city": "臺中市", "district": "東勢區", "address": "東勢區東蘭路(台3線152.3K)", "direction": "北向南", "speed_limit": 60}}, {"type": "Feature", "geometry": {"type": "Point", "coordinates": [120.83205, 24.246574]}, "properties": {"id": 1334, "type": "fixed_speed", "city": "臺中市", "district": "東勢區", "address": "東關路七段與豐勢路", "direction": "西往東", "speed_limit": 60}}, {"type": "Feature", "geometry": {"type": "Point", "coordinates": [120.83718, 24.222034]}, "properties": {"id": 1335, "type": "fixed_speed", "city": "臺中市", "district": "東勢區", "address": "東勢區東關路六段近262巷", "direction": "東向西", "speed_limit": 60}}, {"type": "Feature", "geometry": {"type": "Point", "coordinates": [120.608826, 24.32607]}, "properties": {"id": 1336, "type": "fixed_speed", "city": "臺中市", "district": "大甲區", "address": "大甲區中山路一段近東安路處", "direction": "南向北", "speed_limit": 70}}, {"type": "Feature", "geometry": {"type": "Point", "coordinates": [120.64162, 24.365833]}, "properties": {"id": 1337, "type": "fixed_speed", "city": "臺中市", "district": "大甲區", "address": "大安溪橋南端橋墩南下車道(經國路東西七路口)", "direction": "北往南", "speed_limit": 70}}, {"type": "Feature", "geometry": {"type": "Point", "coordinates": [120.52289, 24.21861]}, "properties": {"id": 1338, "type": "fixed_speed", "city": "臺中市", "district": "清水區", "address": "台61線快速道路157.8K至151.6K(南向北)/148.1K至156.4K(北向南)", "direction": "南北雙向(區間測速)", "speed_limit": 90}}, {"type": "Feature", "geometry": {"type": "Point", "coordinates": [120.52357, 24.30896]}, "properties": {"id": 1339, "type": "fixed_speed", "city": "臺中市", "district": "清水區", "address": "清水區臨港路5段與北堤路與漁港路口", "direction": "南往北", "speed_limit": 70}}, {"type": "Feature", "geometry": {"type": "Point", "coordinates": [120.54493, 24.301151]}, "properties": {"id": 1340, "type": "fixed_speed", "city": "臺中市", "district": "清水區", "address": "環港北路190燈桿(高美濕地景觀橋旁)", "direction": "南向北", "speed_limit": 50}}, {"type": "Feature", "geometry": {"type": "Point", "coordinates": [120.55248, 24.294132]}, "properties": {"id": 1341, "type": "fixed_speed", "city": "臺中市", "district": "清水區", "address": "清水區臨港路與港埠路口", "direction": "西往東", "speed_limit": 70}}, {"type": "Feature", "geometry": {"type": "Point", "coordinates": [120.56591, 24.320395]}, "properties": {"id": 1342, "type": "fixed_speed", "city": "臺中市", "district": "清水區", "address": "港埠路三段與中社路口(港埠路上、P171)", "direction": "北向南", "speed_limit": 60}}, {"type": "Feature", "geometry": {"type": "Point", "coordinates": [120.58682, 24.303308]}, "properties": {"id": 1343, "type": "fixed_speed", "city": "臺中市", "district": "清水區", "address": "清水區臨港路七段(台17線近1K處)", "direction": "東向西", "speed_limit": 70}}, {"type": "Feature", "geometry": {"type": "Point", "coordinates": [120.58764, 24.291664]}, "properties": {"id": 1344, "type": "fixed_speed", "city": "臺中市", "district": "清水區", "address": "清水區中山路553號前", "direction": "北向南", "speed_limit": 70}}, {"type": "Feature", "geometry": {"type": "Point", "coordinates": [120.559746, 24.210121]}, "properties": {"id": 1345, "type": "fixed_speed", "city": "臺中市", "district": "沙鹿區", "address": "沙鹿區向上路七段近321號", "direction": "東向西", "speed_limit": 60}}, {"type": "Feature", "geometry": {"type": "Point", "coordinates": [120.56641, 24.23361]}, "properties": {"id": 1346, "type": "fixed_speed", "city": "臺中市", "district": "沙鹿區", "address": "沙鹿區臺灣大道七段與英才路口", "direction": "北往南", "speed_limit": 60}}, {"type": "Feature", "geometry": {"type": "Point", "coordinates": [120.57241, 24.232698]}, "properties": {"id": 1347, "type": "fixed_speed", "city": "臺中市", "district": "沙鹿區", "address": "沙鹿區臺灣大道七段466號前", "direction": "東向西", "speed_limit": 60}}, {"type": "Feature", "geometry": {"type": "Point", "coordinates": [120.57488, 24.253681]}, "properties": {"id": 1348, "type": "fixed_speed", "city": "臺中市", "district": "沙鹿區", "address": "沙鹿區中清路七段(台10線5.5K)", "direction": "西向東", "speed_limit": 60}}, {"type": "Feature", "geometry": {"type": "Point", "coordinates": [120.58471, 24.25025]}, "properties": {"id": 1349, "type": "fixed_speed", "city": "臺中市", "district": "沙鹿區", "address": "沙鹿區中清路七段(台10線6.7K)", "direction": "東向西", "speed_limit": 60}}, {"type": "Feature", "geometry": {"type": "Point", "coordinates": [120.60923, 24.24623]}, "properties": {"id": 1350, "type": "fixed_speed", "city": "臺中市", "district": "沙鹿區", "address": "沙鹿區中清路六段(台10線9.2K)", "direction": "東向西", "speed_limit": 70}}, {"type": "Feature", "geometry": {"type": "Point", "coordinates": [120.61459, 24.240393]}, "properties": {"id": 1351, "type": "fixed_speed", "city": "臺中市", "district": "沙鹿區", "address": "東大路二段1507號", "direction": "北往南", "speed_limit": 50}}, {"type": "Feature", "geometry": {"type": "Point", "coordinates": [120.619026, 24.242786]}, "properties": {"id": 1352, "type": "fixed_speed", "city": "臺中市", "district": "沙鹿區", "address": "中清路五段435巷口", "direction": "東往西", "speed_limit": 70}}, {"type": "Feature", "geometry": {"type": "Point", "coordinates": [120.422226, 24.250887]}, "properties": {"id": 1353, "type": "fixed_speed", "city": "臺中市", "district": "梧棲區", "address": "臺灣大道八段與港埠路口", "direction": "南往北", "speed_limit": 60}}, {"type": "Feature", "geometry": {"type": "Point", "coordinates": [120.52082, 24.252245]}, "properties": {"id": 1354, "type": "fixed_speed", "city": "臺中市", "district": "梧棲區", "address": "中二路3k+587處(建新物流專區旁)", "direction": "南向北", "speed_limit": 60}}, {"type": "Feature", "geometry": {"type": "Point", "coordinates": [120.52259, 24.255108]}, "properties": {"id": 1355, "type": "fixed_speed", "city": "臺中市", "district": "梧棲區", "address": "中二路與臺灣大道10段路口", "direction": "東向西", "speed_limit": 50}}, {"type": "Feature", "geometry": {"type": "Point", "coordinates": [120.52318, 24.257414]}, "properties": {"id": 1356, "type": "fixed_speed", "city": "臺中市", "district": "梧棲區", "address": "中二路與中橫一路路口", "direction": "北向南", "speed_limit": 60}}, {"type": "Feature", "geometry": {"type": "Point", "coordinates": [120.544044, 24.224024]}, "properties": {"id": 1357, "type": "fixed_speed", "city": "臺中市", "district": "梧棲區", "address": "中華路一段202號前(台1線170K)", "direction": "北往南", "speed_limit": 70}}, {"type": "Feature", "geometry": {"type": "Point", "coordinates": [120.548325, 24.236662]}, "properties": {"id": 1358, "type": "fixed_speed", "city": "臺中市", "district": "梧棲區", "address": "梧棲區中華路一段(台1線168.5K)", "direction": "北向南", "speed_limit": 70}}, {"type": "Feature", "geometry": {"type": "Point", "coordinates": [120.710976, 24.319153]}, "properties": {"id": 1359, "type": "fixed_speed", "city": "臺中市", "district": "后里區", "address": "后科路三段與二圳路口(G6281BA14燈桿)", "direction": "西往東", "speed_limit": 60}}, {"type": "Feature", "geometry": {"type": "Point", "coordinates": [120.721985, 24.32162]}, "properties": {"id": 1360, "type": "fixed_speed", "city": "臺中市", "district": "后里區", "address": "后科路三段2號(后里園區汙水處理廠)", "direction": "雙向", "speed_limit": 50}}, {"type": "Feature", "geometry": {"type": "Point", "coordinates": [120.723434, 24.29135]}, "properties": {"id": 1361, "type": "fixed_speed", "city": "臺中市", "district": "后里區", "address": "后里區三豐路三段與枋寮路口", "direction": "北向南", "speed_limit": 60}}, {"type": "Feature", "geometry": {"type": "Point", "coordinates": [120.7308, 24.33512]}, "properties": {"id": 1362, "type": "fixed_speed", "city": "臺中市", "district": "后里區", "address": "后里區三豐路五段(中社花市前)", "direction": "北向南", "speed_limit": 60}}, {"type": "Feature", "geometry": {"type": "Point", "coordinates": [120.7323, 24.3199]}, "properties": {"id": 1363, "type": "fixed_speed", "city": "臺中市", "district": "后里區", "address": "后科路二段(盟力公司)", "direction": "雙向", "speed_limit": 50}}, {"type": "Feature", "geometry": {"type": "Point", "coordinates": [120.7324, 24.2915]}, "properties": {"id": 1364, "type": "fixed_speed", "city": "臺中市", "district": "后里區", "address": "臺中市后里區后科路一段(友達公司3號保全崗旁)", "direction": "雙向", "speed_limit": 50}}, {"type": "Feature", "geometry": {"type": "Point", "coordinates": [120.675, 24.240812]}, "properties": {"id": 1365, "type": "fixed_speed", "city": "臺中市", "district": "神岡區", "address": "神岡區民生路122號前(台10線17.4K)", "direction": "東西雙向", "speed_limit": 60}}, {"type": "Feature", "geometry": {"type": "Point", "coordinates": [120.69065, 24.22982]}, "properties": {"id": 1366, "type": "fixed_speed", "city": "臺中市", "district": "神岡區", "address": "神岡區崇德路3之1號前", "direction": "南北雙向", "speed_limit": 60}}, {"type": "Feature", "geometry": {"type": "Point", "coordinates": [120.70297, 24.198017]}, "properties": {"id": 1367, "type": "fixed_speed", "city": "臺中市", "district": "潭子區", "address": "潭子區中山路一段261號前", "direction": "北向南", "speed_limit": 60}}, {"type": "Feature", "geometry": {"type": "Point", "coordinates": [120.70975, 24.20075]}, "properties": {"id": 1368, "type": "fixed_speed", "city": "臺中市", "district": "潭子區", "address": "潭子區中彰快速道路19.4K(往烏日方向)", "direction": "東向西", "speed_limit": 80}}, {"type": "Feature", "geometry": {"type": "Point", "coordinates": [120.70982, 24.200447]}, "properties": {"id": 1369, "type": "fixed_speed", "city": "臺中市", "district": "潭子區", "address": "潭子區中彰快速道路19.4K(往太平方向)", "direction": "西向東", "speed_limit": 80}}, {"type": "Feature", "geometry": {"type": "Point", "coordinates": [120.72174, 24.209267]}, "properties": {"id": 1370, "type": "fixed_speed", "city": "臺中市", "district": "潭子區", "address": "潭子區豐興路二段(中89線4.2K)", "direction": "北向南", "speed_limit": 50}}, {"type": "Feature", "geometry": {"type": "Point", "coordinates": [120.72229, 24.210611]}, "properties": {"id": 1371, "type": "fixed_speed", "city": "臺中市", "district": "潭子區", "address": "潭子區豐興路二段(中89線3.96K北上)", "direction": "南向北", "speed_limit": 50}}, {"type": "Feature", "geometry": {"type": "Point", "coordinates": [120.615295, 24.220121]}, "properties": {"id": 1372, "type": "fixed_speed", "city": "臺中市", "district": "大雅區", "address": "大雅區東大路二段與月祥路口", "direction": "北往南", "speed_limit": 50}}, {"type": "Feature", "geometry": {"type": "Point", "coordinates": [120.621956, 24.218575]}, "properties": {"id": 1373, "type": "fixed_speed", "city": "臺中市", "district": "大雅區", "address": "臺中市大雅區科雅西路段(橋椿公司旁)", "direction": "南往北", "speed_limit": 60}}, {"type": "Feature", "geometry": {"type": "Point", "coordinates": [120.623314, 24.216934]}, "properties": {"id": 1374, "type": "fixed_speed", "city": "臺中市", "district": "大雅區", "address": "臺中市大雅區科雅路段(和大公司旁)", "direction": "南往北", "speed_limit": 60}}, {"type": "Feature", "geometry": {"type": "Point", "coordinates": [120.63207, 24.205421]}, "properties": {"id": 1375, "type": "fixed_speed", "city": "臺中市", "district": "大雅區", "address": "大雅區中科路1088號前往永和路方向快慢分隔島", "direction": "東向西", "speed_limit": 60}}, {"type": "Feature", "geometry": {"type": "Point", "coordinates": [120.63916, 24.232218]}, "properties": {"id": 1376, "type": "fixed_speed", "city": "臺中市", "district": "大雅區", "address": "中清路四段397號前", "direction": "北往南", "speed_limit": 70}}, {"type": "Feature", "geometry": {"type": "Point", "coordinates": [120.64325, 24.22963]}, "properties": {"id": 1377, "type": "fixed_speed", "city": "臺中市", "district": "大雅區", "address": "大雅區科雅路與平和路口", "direction": "南往北", "speed_limit": 50}}, {"type": "Feature", "geometry": {"type": "Point", "coordinates": [120.65354, 24.221212]}, "properties": {"id": 1378, "type": "fixed_speed", "city": "臺中市", "district": "大雅區", "address": "大雅區雅環路一段與雅潭路四段路口", "direction": "北往南", "speed_limit": 50}}, {"type": "Feature", "geometry": {"type": "Point", "coordinates": [120.66809, 24.23644]}, "properties": {"id": 1379, "type": "fixed_speed", "city": "臺中市", "district": "大雅區", "address": "民生路四段55號", "direction": "北往南", "speed_limit": 60}}, {"type": "Feature", "geometry": {"type": "Point", "coordinates": [120.67085, 24.215734]}, "properties": {"id": 1380, "type": "fixed_speed", "city": "臺中市", "district": "大雅區", "address": "大雅區雅潭路三段與雅潭路三段400巷口(橋上)", "direction": "東向西", "speed_limit": 50}}, {"type": "Feature", "geometry": {"type": "Point", "coordinates": [120.77903, 24.27415]}, "properties": {"id": 1381, "type": "fixed_speed", "city": "臺中市", "district": "石岡區", "address": "石岡區明德路68之2號前", "direction": "北向南", "speed_limit": 70}}, {"type": "Feature", "geometry": {"type": "Point", "coordinates": [120.78272, 24.275433]}, "properties": {"id": 1382, "type": "fixed_speed", "city": "臺中市", "district": "石岡區", "address": "石岡區豐勢路與廣華街口", "direction": "北向南", "speed_limit": 70}}, {"type": "Feature", "geometry": {"type": "Point", "coordinates": [120.65483, 24.33259]}, "properties": {"id": 1383, "type": "fixed_speed", "city": "臺中市", "district": "外埔區", "address": "外埔區甲后路三段與水頭一路口", "direction": "東往西", "speed_limit": 60}}, {"type": "Feature", "geometry": {"type": "Point", "coordinates": [120.571175, 24.339993]}, "properties": {"id": 1384, "type": "fixed_speed", "city": "臺中市", "district": "大安區", "address": "西濱公路(台61線)143.5K(近南埔路)", "direction": "北往南", "speed_limit": 40}}, {"type": "Feature", "geometry": {"type": "Point", "coordinates": [120.38841, 24.0466]}, "properties": {"id": 1385, "type": "fixed_speed", "city": "臺中市", "district": "烏日區", "address": "烏日區環中路八段599號前", "direction": "南北雙向", "speed_limit": 60}}, {"type": "Feature", "geometry": {"type": "Point", "coordinates": [120.587204, 24.11332]}, "properties": {"id": 1386, "type": "fixed_speed", "city": "臺中市", "district": "烏日區", "address": "烏日區沙田路一段與振興街口", "direction": "東往西", "speed_limit": 40}}, {"type": "Feature", "geometry": {"type": "Point", "coordinates": [120.59575, 24.11225]}, "properties": {"id": 1387, "type": "fixed_speed", "city": "臺中市", "district": "烏日區", "address": "烏日區中山路三段917號前", "direction": "西向東", "speed_limit": 70}}, {"type": "Feature", "geometry": {"type": "Point", "coordinates": [120.637, 24.09453]}, "properties": {"id": 1388, "type": "fixed_speed", "city": "臺中市", "district": "烏日區", "address": "烏日區環河路二段(近春源鋼鐵公司)", "direction": "東西雙向", "speed_limit": 60}}, {"type": "Feature", "geometry": {"type": "Point", "coordinates": [120.64157, 24.095722]}, "properties": {"id": 1389, "type": "fixed_speed", "city": "臺中市", "district": "烏日區", "address": "烏日區溪南路一段與復光二巷口", "direction": "東往西", "speed_limit": 50}}, {"type": "Feature", "geometry": {"type": "Point", "coordinates": [120.47343, 24.222109]}, "properties": {"id": 1390, "type": "fixed_speed", "city": "臺中市", "district": "龍井區", "address": "環港南路009至010燈桿間(西門子公司北側)", "direction": "北向南", "speed_limit": 50}}, {"type": "Feature", "geometry": {"type": "Point", "coordinates": [120.48009, 24.208727]}, "properties": {"id": 1391, "type": "fixed_speed", "city": "臺中市", "district": "龍井區", "address": "環港南路81至82號燈桿間", "direction": "東西雙向", "speed_limit": 50}}, {"type": "Feature", "geometry": {"type": "Point", "coordinates": [120.497734, 24.220963]}, "properties": {"id": 1392, "type": "fixed_speed", "city": "臺中市", "district": "龍井區", "address": "中南一路6K+222公尺處(中龍鋼鐵旁)", "direction": "南向北", "speed_limit": 50}}, {"type": "Feature", "geometry": {"type": "Point", "coordinates": [120.51382, 24.198784]}, "properties": {"id": 1393, "type": "fixed_speed", "city": "臺中市", "district": "龍井區", "address": "龍井區西濱路二段與臨港東路二段路口", "direction": "北往南", "speed_limit": 60}}, {"type": "Feature", "geometry": {"type": "Point", "coordinates": [120.53984, 24.208696]}, "properties": {"id": 1394, "type": "fixed_speed", "city": "臺中市", "district": "龍井區", "address": "龍井區中華路二段480號前", "direction": "南向北", "speed_limit": 70}}, {"type": "Feature", "geometry": {"type": "Point", "coordinates": [120.54362, 24.178783]}, "properties": {"id": 1395, "type": "fixed_speed", "city": "臺中市", "district": "龍井區", "address": "龍井區中華路一段(台1線175.5k)", "direction": "南向北", "speed_limit": 70}}, {"type": "Feature", "geometry": {"type": "Point", "coordinates": [120.57346, 24.18763]}, "properties": {"id": 1396, "type": "fixed_speed", "city": "臺中市", "district": "龍井區", "address": "龍井區向上路6段與中興路口至沙鹿區向上路6段與自立路口", "direction": "東往西(區間測速)", "speed_limit": 50}}, {"type": "Feature", "geometry": {"type": "Point", "coordinates": [120.57916, 24.176645]}, "properties": {"id": 1397, "type": "fixed_speed", "city": "臺中市", "district": "龍井區", "address": "龍井區向上路六段(中136線10.2K)", "direction": "東向西", "speed_limit": 60}}, {"type": "Feature", "geometry": {"type": "Point", "coordinates": [120.57993, 24.192793]}, "properties": {"id": 1398, "type": "fixed_speed", "city": "臺中市", "district": "龍井區", "address": "龍井區臺灣大道六段與水裡社路口處(台12線10.1K)", "direction": "東向西", "speed_limit": 70}}, {"type": "Feature", "geometry": {"type": "Point", "coordinates": [120.586006, 24.186035]}, "properties": {"id": 1399, "type": "fixed_speed", "city": "臺中市", "district": "龍井區", "address": "臺灣大道五段與遊園南路口", "direction": "西往東", "speed_limit": 60}}, {"type": "Feature", "geometry": {"type": "Point", "coordinates": [120.41613, 24.02899]}, "properties": {"id": 1400, "type": "fixed_speed", "city": "臺中市", "district": "霧峰區", "address": "霧峰區中正路569-9號前", "direction": "南向北", "speed_limit": 70}}, {"type": "Feature", "geometry": {"type": "Point", "coordinates": [120.65812, 24.087242]}, "properties": {"id": 1401, "type": "fixed_speed", "city": "臺中市", "district": "霧峰區", "address": "霧峰區環河路一段702號", "direction": "東向西", "speed_limit": 60}}, {"type": "Feature", "geometry": {"type": "Point", "coordinates": [120.65899, 24.085323]}, "properties": {"id": 1402, "type": "fixed_speed", "city": "臺中市", "district": "霧峰區", "address": "環河路一段638號", "direction": "東往西", "speed_limit": 60}}, {"type": "Feature", "geometry": {"type": "Point", "coordinates": [120.68192, 24.037436]}, "properties": {"id": 1403, "type": "fixed_speed", "city": "臺中市", "district": "霧峰區", "address": "霧峰區中投公路11.4K(南下)", "direction": "北向南", "speed_limit": 70}}, {"type": "Feature", "geometry": {"type": "Point", "coordinates": [120.68279, 24.036856]}, "properties": {"id": 1404, "type": "fixed_speed", "city": "臺中市", "district": "霧峰區", "address": "霧峰區中投公路11.5K(北上)", "direction": "南向北", "speed_limit": 70}}, {"type": "Feature", "geometry": {"type": "Point", "coordinates": [120.69852, 24.05517]}, "properties": {"id": 1405, "type": "fixed_speed", "city": "臺中市", "district": "霧峰區", "address": "霧峰區林森路與草湖路口", "direction": "北往南", "speed_limit": 60}}, {"type": "Feature", "geometry": {"type": "Point", "coordinates": [120.69999, 24.075089]}, "properties": {"id": 1406, "type": "fixed_speed", "city": "臺中市", "district": "霧峰區", "address": "中正路1236號", "direction": "南往北", "speed_limit": 50}}, {"type": "Feature", "geometry": {"type": "Point", "coordinates": [120.70988, 24.136902]}, "properties": {"id": 1407, "type": "fixed_speed", "city": "臺中市", "district": "太平區", "address": "太平區中彰快速道路27.5K(往大里方向)", "direction": "北向南", "speed_limit": 80}}, {"type": "Feature", "geometry": {"type": "Point", "coordinates": [120.71361, 24.1413]}, "properties": {"id": 1408, "type": "fixed_speed", "city": "臺中市", "district": "太平區", "address": "太平區市民大道一段與溪洲西路口", "direction": "南往北", "speed_limit": 50}}, {"type": "Feature", "geometry": {"type": "Point", "coordinates": [120.71485, 24.149885]}, "properties": {"id": 1409, "type": "fixed_speed", "city": "臺中市", "district": "太平區", "address": "太平區中彰快速道路25.9K(往潭子方向)", "direction": "南向北", "speed_limit": 80}}, {"type": "Feature", "geometry": {"type": "Point", "coordinates": [120.71678, 24.154285]}, "properties": {"id": 1410, "type": "fixed_speed", "city": "臺中市", "district": "太平區", "address": "太平區環中東路三段(育才路與樹孝路67巷間)", "direction": "北向南", "speed_limit": 50}}, {"type": "Feature", "geometry": {"type": "Point", "coordinates": [120.72522, 24.15363]}, "properties": {"id": 1411, "type": "fixed_speed", "city": "臺中市", "district": "太平區", "address": "太平區祥順路一段310號前", "direction": "南北雙向", "speed_limit": 50}}, {"type": "Feature", "geometry": {"type": "Point", "coordinates": [120.73434, 24.12292]}, "properties": {"id": 1412, "type": "fixed_speed", "city": "臺中市", "district": "太平區", "address": "太平區太堤東路與光興路1343巷口 （南往北方向）", "direction": "南北雙向", "speed_limit": 40}}, {"type": "Feature", "geometry": {"type": "Point", "coordinates": [120.74129, 24.131016]}, "properties": {"id": 1413, "type": "fixed_speed", "city": "臺中市", "district": "太平區", "address": "長龍路一段139號對面", "direction": "西往東", "speed_limit": 50}}, {"type": "Feature", "geometry": {"type": "Point", "coordinates": [120.78538, 24.107172]}, "properties": {"id": 1414, "type": "fixed_speed", "city": "臺中市", "district": "太平區", "address": "長龍路四段25巷", "direction": "西往東", "speed_limit": 40}}, {"type": "Feature", "geometry": {"type": "Point", "coordinates": [120.80873, 24.09579]}, "properties": {"id": 1415, "type": "fixed_speed", "city": "臺中市", "district": "太平區", "address": "長龍路四段35.5K", "direction": "西往東", "speed_limit": 30}}, {"type": "Feature", "geometry": {"type": "Point", "coordinates": [120.40692, 24.0522]}, "properties": {"id": 1416, "type": "fixed_speed", "city": "臺中市", "district": "大里區", "address": "大里區環河路一段188號(中來水泥廠前)", "direction": "東向西", "speed_limit": 60}}, {"type": "Feature", "geometry": {"type": "Point", "coordinates": [120.40746, 24.0669]}, "properties": {"id": 1417, "type": "fixed_speed", "city": "臺中市", "district": "大里區", "address": "大里區國光路二段505號前", "direction": "北向南", "speed_limit": 50}}, {"type": "Feature", "geometry": {"type": "Point", "coordinates": [120.41064, 24.05835]}, "properties": {"id": 1418, "type": "fixed_speed", "city": "臺中市", "district": "大里區", "address": "大里區國光路一段72號前", "direction": "南向北", "speed_limit": 50}}, {"type": "Feature", "geometry": {"type": "Point", "coordinates": [120.66426, 24.089636]}, "properties": {"id": 1419, "type": "fixed_speed", "city": "臺中市", "district": "大里區", "address": "大里區中投公路4.5K(南下)", "direction": "北向南", "speed_limit": 70}}, {"type": "Feature", "geometry": {"type": "Point", "coordinates": [120.66457, 24.09063]}, "properties": {"id": 1420, "type": "fixed_speed", "city": "臺中市", "district": "大里區", "address": "大里區中投公路4.4K(北上)", "direction": "南向北", "speed_limit": 70}}, {"type": "Feature", "geometry": {"type": "Point", "coordinates": [120.67519, 24.103065]}, "properties": {"id": 1421, "type": "fixed_speed", "city": "臺中市", "district": "大里區", "address": "德芳路與樹王路", "direction": "西往東", "speed_limit": 60}}, {"type": "Feature", "geometry": {"type": "Point", "coordinates": [120.69191, 24.100637]}, "properties": {"id": 1422, "type": "fixed_speed", "city": "臺中市", "district": "大里區", "address": "台74線35K(往太平方向)", "direction": "南往北", "speed_limit": 80}}, {"type": "Feature", "geometry": {"type": "Point", "coordinates": [120.69316, 24.10492]}, "properties": {"id": 1423, "type": "fixed_speed", "city": "臺中市", "district": "大里區", "address": "大里區大峰路與中山路口", "direction": "北往南", "speed_limit": 60}}, {"type": "Feature", "geometry": {"type": "Point", "coordinates": [120.69613, 24.087082]}, "properties": {"id": 1424, "type": "fixed_speed", "city": "臺中市", "district": "大里區", "address": "中興路一段288號(財政部印刷廠後門前往霧峰方向)", "direction": "北往南", "speed_limit": 50}}, {"type": "Feature", "geometry": {"type": "Point", "coordinates": [120.300354, 23.319435]}, "properties": {"id": 1425, "type": "fixed_speed", "city": "臺南市", "district": "新營區", "address": "長榮路與三興街口172線20.05公里", "direction": "東向", "speed_limit": 50}}, {"type": "Feature", "geometry": {"type": "Point", "coordinates": [120.32573, 23.308907]}, "properties": {"id": 1426, "type": "fixed_speed", "city": "臺南市", "district": "新營區", "address": "臺1線290.3公里與東山路口", "direction": "北向", "speed_limit": 50}}, {"type": "Feature", "geometry": {"type": "Point", "coordinates": [120.33309, 23.31758]}, "properties": {"id": 1427, "type": "fixed_speed", "city": "臺南市", "district": "新營區", "address": "長榮路與臺一線路口", "direction": "多向", "speed_limit": 70}}, {"type": "Feature", "geometry": {"type": "Point", "coordinates": [120.3359, 23.309875]}, "properties": {"id": 1428, "type": "fixed_speed", "city": "臺南市", "district": "新營區", "address": "南314線1公里", "direction": "雙向", "speed_limit": 50}}, {"type": "Feature", "geometry": {"type": "Point", "coordinates": [120.20978, 23.263838]}, "properties": {"id": 1429, "type": "fixed_speed", "city": "臺南市", "district": "鹽水區", "address": "飯店里臺19線110.3公里", "direction": "雙向", "speed_limit": 70}}, {"type": "Feature", "geometry": {"type": "Point", "coordinates": [120.22941, 23.276768]}, "properties": {"id": 1430, "type": "fixed_speed", "city": "臺南市", "district": "鹽水區", "address": "三和里田寮往臺19線路口", "direction": "雙向", "speed_limit": 50}}, {"type": "Feature", "geometry": {"type": "Point", "coordinates": [120.241684, 23.29279]}, "properties": {"id": 1431, "type": "fixed_speed", "city": "臺南市", "district": "鹽水區", "address": "歡雅里臺19線105.6公里", "direction": "北向", "speed_limit": 50}}, {"type": "Feature", "geometry": {"type": "Point", "coordinates": [120.452156, 23.350496]}, "properties": {"id": 1432, "type": "fixed_speed", "city": "臺南市", "district": "白河區", "address": "市道172線與木屐寮路口", "direction": "雙向", "speed_limit": 60}}, {"type": "Feature", "geometry": {"type": "Point", "coordinates": [120.2939, 23.282194]}, "properties": {"id": 1433, "type": "fixed_speed", "city": "臺南市", "district": "柳營區", "address": "長榮路四段近2.8公里處", "direction": "雙向", "speed_limit": 60}}, {"type": "Feature", "geometry": {"type": "Point", "coordinates": [120.32532, 23.27626]}, "properties": {"id": 1434, "type": "fixed_speed", "city": "臺南市", "district": "柳營區", "address": "臺1線294.1公里", "direction": "雙向", "speed_limit": 70}}, {"type": "Feature", "geometry": {"type": "Point", "coordinates": [120.35345, 23.33096]}, "properties": {"id": 1435, "type": "fixed_speed", "city": "臺南市", "district": "後壁區", "address": "市道172線與南76線路口", "direction": "雙向", "speed_limit": 50}}, {"type": "Feature", "geometry": {"type": "Point", "coordinates": [120.36489, 23.374134]}, "properties": {"id": 1436, "type": "fixed_speed", "city": "臺南市", "district": "後壁區", "address": "臺1線281.9公里處後壁陸橋北端", "direction": "雙向", "speed_limit": 70}}, {"type": "Feature", "geometry": {"type": "Point", "coordinates": [120.37534, 23.388468]}, "properties": {"id": 1437, "type": "fixed_speed", "city": "臺南市", "district": "後壁區", "address": "臺1線279.9公里與南91線路口", "direction": "北向", "speed_limit": 70}}, {"type": "Feature", "geometry": {"type": "Point", "coordinates": [120.400185, 23.310371]}, "properties": {"id": 1438, "type": "fixed_speed", "city": "臺南市", "district": "東山區", "address": "165線18.82公里", "direction": "雙向", "speed_limit": 50}}, {"type": "Feature", "geometry": {"type": "Point", "coordinates": [120.21999, 23.176996]}, "properties": {"id": 1439, "type": "fixed_speed", "city": "臺南市", "district": "麻豆區", "address": "176線16.9公里麻豆口路口", "direction": "西向", "speed_limit": 60}}, {"type": "Feature", "geometry": {"type": "Point", "coordinates": [120.238106, 23.151213]}, "properties": {"id": 1440, "type": "fixed_speed", "city": "臺南市", "district": "麻豆區", "address": "市道173線紀安國小前", "direction": "雙向", "speed_limit": 50}}, {"type": "Feature", "geometry": {"type": "Point", "coordinates": [120.24107, 23.184969]}, "properties": {"id": 1441, "type": "fixed_speed", "city": "臺南市", "district": "麻豆區", "address": "新生南路與中山路口", "direction": "雙向", "speed_limit": 50}}, {"type": "Feature", "geometry": {"type": "Point", "coordinates": [120.25361, 23.189913]}, "properties": {"id": 1442, "type": "fixed_speed", "city": "臺南市", "district": "麻豆區", "address": "臺19甲線與中正、文昌路口", "direction": "雙向", "speed_limit": 60}}, {"type": "Feature", "geometry": {"type": "Point", "coordinates": [120.25403, 23.176693]}, "properties": {"id": 1443, "type": "fixed_speed", "city": "臺南市", "district": "麻豆區", "address": "臺19甲17.2公里與新生南路路口", "direction": "北向", "speed_limit": 50}}, {"type": "Feature", "geometry": {"type": "Point", "coordinates": [120.251076, 23.211996]}, "properties": {"id": 1444, "type": "fixed_speed", "city": "臺南市", "district": "下營區", "address": "臺84線快速公路16.3公里處", "direction": "雙向", "speed_limit": 100}}, {"type": "Feature", "geometry": {"type": "Point", "coordinates": [120.31245, 23.253683]}, "properties": {"id": 1445, "type": "fixed_speed", "city": "臺南市", "district": "六甲區", "address": "臺1線297.3公里與174線路口", "direction": "南向", "speed_limit": 70}}, {"type": "Feature", "geometry": {"type": "Point", "coordinates": [120.31561, 23.24004]}, "properties": {"id": 1446, "type": "fixed_speed", "city": "臺南市", "district": "六甲區", "address": "臺1線298.8公里與174線路口", "direction": "北向", "speed_limit": 70}}, {"type": "Feature", "geometry": {"type": "Point", "coordinates": [120.30732, 23.214054]}, "properties": {"id": 1447, "type": "fixed_speed", "city": "臺南市", "district": "官田區", "address": "臺1線302公里", "direction": "北向", "speed_limit": 50}}, {"type": "Feature", "geometry": {"type": "Point", "coordinates": [120.42545, 23.142551]}, "properties": {"id": 1448, "type": "fixed_speed", "city": "臺南市", "district": "大內區", "address": "臺84線37.2公里處走馬瀨隧道口", "direction": "雙向", "speed_limit": 90}}, {"type": "Feature", "geometry": {"type": "Point", "coordinates": [120.16259, 23.172243]}, "properties": {"id": 1449, "type": "fixed_speed", "city": "臺南市", "district": "佳里區", "address": "佳青路一段（近北頭洋公車站附近）", "direction": "雙向", "speed_limit": 50}}, {"type": "Feature", "geometry": {"type": "Point", "coordinates": [120.18567, 23.211151]}, "properties": {"id": 1450, "type": "fixed_speed", "city": "臺南市", "district": "學甲區", "address": "臺19線117.5公里大安里大灣路口", "direction": "南向", "speed_limit": 50}}, {"type": "Feature", "geometry": {"type": "Point", "coordinates": [120.21778, 23.231804]}, "properties": {"id": 1451, "type": "fixed_speed", "city": "臺南市", "district": "學甲區", "address": "臺84線快速公路10.2公里處", "direction": "雙向", "speed_limit": 100}}, {"type": "Feature", "geometry": {"type": "Point", "coordinates": [120.19251, 23.142836]}, "properties": {"id": 1452, "type": "fixed_speed", "city": "臺南市", "district": "西港區", "address": "臺19線125.8公里與南45線往後營路口", "direction": "北向", "speed_limit": 70}}, {"type": "Feature", "geometry": {"type": "Point", "coordinates": [120.08741, 23.119587]}, "properties": {"id": 1453, "type": "fixed_speed", "city": "臺南市", "district": "七股區", "address": "臺61線快速公路302.3公里處", "direction": "北向", "speed_limit": 100}}, {"type": "Feature", "geometry": {"type": "Point", "coordinates": [120.124985, 23.189188]}, "properties": {"id": 1454, "type": "fixed_speed", "city": "臺南市", "district": "七股區", "address": "臺17線152.6公里大潭寮路口", "direction": "北向", "speed_limit": 70}}, {"type": "Feature", "geometry": {"type": "Point", "coordinates": [120.131676, 23.104435]}, "properties": {"id": 1455, "type": "fixed_speed", "city": "臺南市", "district": "七股區", "address": "臺17線162.05公里與南38線路口", "direction": "南向", "speed_limit": 70}}, {"type": "Feature", "geometry": {"type": "Point", "coordinates": [120.133705, 23.175344]}, "properties": {"id": 1456, "type": "fixed_speed", "city": "臺南市", "district": "七股區", "address": "臺17線153.95公里處", "direction": "雙向", "speed_limit": 60}}, {"type": "Feature", "geometry": {"type": "Point", "coordinates": [120.13461, 23.159895]}, "properties": {"id": 1457, "type": "fixed_speed", "city": "臺南市", "district": "七股區", "address": "臺17線155.6公里篤加國小前路口", "direction": "南向", "speed_limit": 70}}, {"type": "Feature", "geometry": {"type": "Point", "coordinates": [120.12972, 23.294575]}, "properties": {"id": 1458, "type": "fixed_speed", "city": "臺南市", "district": "北門區", "address": "臺61線281.9公里", "direction": "南向", "speed_limit": 90}}, {"type": "Feature", "geometry": {"type": "Point", "coordinates": [120.29865, 23.055922]}, "properties": {"id": 1459, "type": "fixed_speed", "city": "臺南市", "district": "新化區", "address": "臺19甲線33.5公里", "direction": "雙向", "speed_limit": 70}}, {"type": "Feature", "geometry": {"type": "Point", "coordinates": [120.32138, 23.038275]}, "properties": {"id": 1460, "type": "fixed_speed", "city": "臺南市", "district": "新化區", "address": "臺19甲線與信義路路口", "direction": "雙向", "speed_limit": 50}}, {"type": "Feature", "geometry": {"type": "Point", "coordinates": [120.33201, 23.061539]}, "properties": {"id": 1461, "type": "fixed_speed", "city": "臺南市", "district": "新化區", "address": "臺20線15.9公里國8道路口", "direction": "南向", "speed_limit": 60}}, {"type": "Feature", "geometry": {"type": "Point", "coordinates": [120.272125, 23.121284]}, "properties": {"id": 1462, "type": "fixed_speed", "city": "臺南市", "district": "善化區", "address": "南科北路與環西路二段", "direction": "東西向", "speed_limit": 60}}, {"type": "Feature", "geometry": {"type": "Point", "coordinates": [120.27259, 23.109247]}, "properties": {"id": 1463, "type": "fixed_speed", "city": "臺南市", "district": "善化區", "address": "環西路二段與南科七路口", "direction": "南北向", "speed_limit": 50}}, {"type": "Feature", "geometry": {"type": "Point", "coordinates": [120.273506, 23.117811]}, "properties": {"id": 1464, "type": "fixed_speed", "city": "臺南市", "district": "善化區", "address": "南科北路與南科九路口", "direction": "南北向", "speed_limit": 60}}, {"type": "Feature", "geometry": {"type": "Point", "coordinates": [120.273605, 23.117603]}, "properties": {"id": 1465, "type": "fixed_speed", "city": "臺南市", "district": "善化區", "address": "南科北路與南科九路口", "direction": "東西向", "speed_limit": 60}}, {"type": "Feature", "geometry": {"type": "Point", "coordinates": [120.27492, 23.114704]}, "properties": {"id": 1466, "type": "fixed_speed", "city": "臺南市", "district": "善化區", "address": "南科北路與南科八路口", "direction": "南向", "speed_limit": 60}}, {"type": "Feature", "geometry": {"type": "Point", "coordinates": [120.27672, 23.110853]}, "properties": {"id": 1467, "type": "fixed_speed", "city": "臺南市", "district": "善化區", "address": "南科北路與南科七路口", "direction": "北向南", "speed_limit": 60}}, {"type": "Feature", "geometry": {"type": "Point", "coordinates": [120.27739, 23.119776]}, "properties": {"id": 1468, "type": "fixed_speed", "city": "臺南市", "district": "善化區", "address": "環東路二段與南科九路口", "direction": "西向", "speed_limit": 50}}, {"type": "Feature", "geometry": {"type": "Point", "coordinates": [120.28151, 23.112717]}, "properties": {"id": 1469, "type": "fixed_speed", "city": "臺南市", "district": "善化區", "address": "南科七路與環東路二段路口", "direction": "西向", "speed_limit": 50}}, {"type": "Feature", "geometry": {"type": "Point", "coordinates": [120.282555, 23.090631]}, "properties": {"id": 1470, "type": "fixed_speed", "city": "臺南市", "district": "善化區", "address": "南科七路與三抱竹路口", "direction": "東西向", "speed_limit": 50}}, {"type": "Feature", "geometry": {"type": "Point", "coordinates": [120.285706, 23.154694]}, "properties": {"id": 1471, "type": "fixed_speed", "city": "臺南市", "district": "善化區", "address": "臺19甲線21.3公里處", "direction": "雙向", "speed_limit": 70}}, {"type": "Feature", "geometry": {"type": "Point", "coordinates": [120.28986, 23.104445]}, "properties": {"id": 1472, "type": "fixed_speed", "city": "臺南市", "district": "善化區", "address": "西拉雅大道與大順六路口", "direction": "東向西", "speed_limit": 60}}, {"type": "Feature", "geometry": {"type": "Point", "coordinates": [120.33444, 23.150946]}, "properties": {"id": 1473, "type": "fixed_speed", "city": "臺南市", "district": "善化區", "address": "臺1線310.6公里處", "direction": "雙向", "speed_limit": 70}}, {"type": "Feature", "geometry": {"type": "Point", "coordinates": [120.26776, 23.093756]}, "properties": {"id": 1474, "type": "fixed_speed", "city": "臺南市", "district": "新市區", "address": "南科三路與道爺路口", "direction": "西向", "speed_limit": 50}}, {"type": "Feature", "geometry": {"type": "Point", "coordinates": [120.27488, 23.077768]}, "properties": {"id": 1475, "type": "fixed_speed", "city": "臺南市", "district": "新市區", "address": "社內里大洲五號橋T字路口", "direction": "雙向", "speed_limit": 25}}, {"type": "Feature", "geometry": {"type": "Point", "coordinates": [120.278786, 23.082232]}, "properties": {"id": 1476, "type": "fixed_speed", "city": "臺南市", "district": "新市區", "address": "新港社大道(橋上雙向)", "direction": "雙向", "speed_limit": 60}}, {"type": "Feature", "geometry": {"type": "Point", "coordinates": [120.28029, 23.102247]}, "properties": {"id": 1477, "type": "fixed_speed", "city": "臺南市", "district": "新市區", "address": "西拉雅大道與南科南北路口", "direction": "東西向", "speed_limit": 60}}, {"type": "Feature", "geometry": {"type": "Point", "coordinates": [120.2803, 23.102236]}, "properties": {"id": 1478, "type": "fixed_speed", "city": "臺南市", "district": "新市區", "address": "西拉雅大道與南科南路口", "direction": "東西向", "speed_limit": 60}}, {"type": "Feature", "geometry": {"type": "Point", "coordinates": [120.28104, 23.098495]}, "properties": {"id": 1479, "type": "fixed_speed", "city": "臺南市", "district": "新市區", "address": "南科南路與南科三路", "direction": "東西向", "speed_limit": 60}}, {"type": "Feature", "geometry": {"type": "Point", "coordinates": [120.28252, 23.090643]}, "properties": {"id": 1480, "type": "fixed_speed", "city": "臺南市", "district": "新市區", "address": "南科南路與環西路一段路口", "direction": "北向", "speed_limit": 60}}, {"type": "Feature", "geometry": {"type": "Point", "coordinates": [120.282524, 23.090633]}, "properties": {"id": 1481, "type": "fixed_speed", "city": "臺南市", "district": "新市區", "address": "南科南路與環西路一段路口", "direction": "東西向", "speed_limit": 40}}, {"type": "Feature", "geometry": {"type": "Point", "coordinates": [120.28282, 23.088713]}, "properties": {"id": 1482, "type": "fixed_speed", "city": "臺南市", "district": "新市區", "address": "南科南路與新港社高架橋前", "direction": "北向", "speed_limit": 60}}, {"type": "Feature", "geometry": {"type": "Point", "coordinates": [120.284904, 23.103241]}, "properties": {"id": 1483, "type": "fixed_speed", "city": "臺南市", "district": "新市區", "address": "西拉雅大道與環東路二段路口", "direction": "東西向", "speed_limit": 60}}, {"type": "Feature", "geometry": {"type": "Point", "coordinates": [120.2877, 23.101562]}, "properties": {"id": 1484, "type": "fixed_speed", "city": "臺南市", "district": "新市區", "address": "大順七路與大順二路口", "direction": "南向", "speed_limit": 40}}, {"type": "Feature", "geometry": {"type": "Point", "coordinates": [120.29493, 23.099846]}, "properties": {"id": 1485, "type": "fixed_speed", "city": "臺南市", "district": "新市區", "address": "臺19甲線28公里處", "direction": "雙向", "speed_limit": 70}}, {"type": "Feature", "geometry": {"type": "Point", "coordinates": [120.310776, 23.09386]}, "properties": {"id": 1486, "type": "fixed_speed", "city": "臺南市", "district": "新市區", "address": "臺1線317.7公里", "direction": "雙向", "speed_limit": 70}}, {"type": "Feature", "geometry": {"type": "Point", "coordinates": [120.210495, 23.084492]}, "properties": {"id": 1487, "type": "fixed_speed", "city": "臺南市", "district": "安定區", "address": "臺19線132.7公里中崙段", "direction": "北向", "speed_limit": 50}}, {"type": "Feature", "geometry": {"type": "Point", "coordinates": [120.22924, 23.094667]}, "properties": {"id": 1488, "type": "fixed_speed", "city": "臺南市", "district": "安定區", "address": "178線7.9公里與南134線路口", "direction": "東向", "speed_limit": 50}}, {"type": "Feature", "geometry": {"type": "Point", "coordinates": [120.22951, 23.079973]}, "properties": {"id": 1489, "type": "fixed_speed", "city": "臺南市", "district": "安定區", "address": "嘉榮路512號前", "direction": "雙向", "speed_limit": 50}}, {"type": "Feature", "geometry": {"type": "Point", "coordinates": [120.45011, 23.12476]}, "properties": {"id": 1490, "type": "fixed_speed", "city": "臺南市", "district": "玉井區", "address": "臺84線40.38公里", "direction": "雙向", "speed_limit": 70}}, {"type": "Feature", "geometry": {"type": "Point", "coordinates": [120.45354, 23.122286]}, "properties": {"id": 1491, "type": "fixed_speed", "city": "臺南市", "district": "玉井區", "address": "臺84線40.8公里", "direction": "西向", "speed_limit": 70}}, {"type": "Feature", "geometry": {"type": "Point", "coordinates": [120.48853, 23.155445]}, "properties": {"id": 1492, "type": "fixed_speed", "city": "臺南市", "district": "楠西區", "address": "臺3線369公里", "direction": "北向", "speed_limit": 70}}, {"type": "Feature", "geometry": {"type": "Point", "coordinates": [120.47022, 23.013083]}, "properties": {"id": 1493, "type": "fixed_speed", "city": "臺南市", "district": "南化區", "address": "臺3線388K處", "direction": "雙向", "speed_limit": 60}}, {"type": "Feature", "geometry": {"type": "Point", "coordinates": [120.48517, 23.049162]}, "properties": {"id": 1494, "type": "fixed_speed", "city": "臺南市", "district": "南化區", "address": "臺3線383.5公里", "direction": "雙向", "speed_limit": 60}}, {"type": "Feature", "geometry": {"type": "Point", "coordinates": [120.486984, 23.086584]}, "properties": {"id": 1495, "type": "fixed_speed", "city": "臺南市", "district": "南化區", "address": "臺3線378.4公里", "direction": "雙向", "speed_limit": 60}}, {"type": "Feature", "geometry": {"type": "Point", "coordinates": [120.52433, 23.084084]}, "properties": {"id": 1496, "type": "fixed_speed", "city": "臺南市", "district": "南化區", "address": "玉山里臺20線46.95公里處", "direction": "雙向", "speed_limit": 50}}, {"type": "Feature", "geometry": {"type": "Point", "coordinates": [120.38012, 23.067501]}, "properties": {"id": 1497, "type": "fixed_speed", "city": "臺南市", "district": "左鎮區", "address": "臺20線22.3公里", "direction": "雙向", "speed_limit": 60}}, {"type": "Feature", "geometry": {"type": "Point", "coordinates": [120.42086, 23.050117]}, "properties": {"id": 1498, "type": "fixed_speed", "city": "臺南市", "district": "左鎮區", "address": "臺20乙線0.7公里處(近睦光橋)", "direction": "雙向", "speed_limit": 50}}, {"type": "Feature", "geometry": {"type": "Point", "coordinates": [120.21165, 22.927332]}, "properties": {"id": 1499, "type": "fixed_speed", "city": "臺南市", "district": "仁德區", "address": "快速道路86線西向3.9K處", "direction": "西向", "speed_limit": 90}}, {"type": "Feature", "geometry": {"type": "Point", "coordinates": [120.21669, 22.949238]}, "properties": {"id": 1500, "type": "fixed_speed", "city": "臺南市", "district": "仁德區", "address": "機場路1050號前", "direction": "雙向", "speed_limit": 50}}, {"type": "Feature", "geometry": {"type": "Point", "coordinates": [120.22093, 22.931923]}, "properties": {"id": 1501, "type": "fixed_speed", "city": "臺南市", "district": "仁德區", "address": "臺1線342.7公里臺86線匝道路口", "direction": "南向", "speed_limit": 70}}, {"type": "Feature", "geometry": {"type": "Point", "coordinates": [120.2212, 22.939863]}, "properties": {"id": 1502, "type": "fixed_speed", "city": "臺南市", "district": "仁德區", "address": "二仁路台1線341.85K", "direction": "雙向", "speed_limit": 70}}, {"type": "Feature", "geometry": {"type": "Point", "coordinates": [120.225494, 22.920004]}, "properties": {"id": 1503, "type": "fixed_speed", "city": "臺南市", "district": "仁德區", "address": "臺1線344.15公里與二行一路路口", "direction": "北向", "speed_limit": 50}}, {"type": "Feature", "geometry": {"type": "Point", "coordinates": [120.230774, 22.942245]}, "properties": {"id": 1504, "type": "fixed_speed", "city": "臺南市", "district": "仁德區", "address": "文華路虎山橋下橋處", "direction": "雙向", "speed_limit": 50}}, {"type": "Feature", "geometry": {"type": "Point", "coordinates": [120.24821, 22.972763]}, "properties": {"id": 1505, "type": "fixed_speed", "city": "臺南市", "district": "仁德區", "address": "文德路與中山路口", "direction": "雙向", "speed_limit": 50}}, {"type": "Feature", "geometry": {"type": "Point", "coordinates": [120.27526, 22.94757]}, "properties": {"id": 1506, "type": "fixed_speed", "city": "臺南市", "district": "歸仁區", "address": "臺39線10公里", "direction": "北向", "speed_limit": 70}}, {"type": "Feature", "geometry": {"type": "Point", "coordinates": [120.28728, 23.011648]}, "properties": {"id": 1507, "type": "fixed_speed", "city": "臺南市", "district": "歸仁區", "address": "臺39線2.6公里處", "direction": "南向", "speed_limit": 70}}, {"type": "Feature", "geometry": {"type": "Point", "coordinates": [120.303055, 22.965597]}, "properties": {"id": 1508, "type": "fixed_speed", "city": "臺南市", "district": "歸仁區", "address": "182線12.1公里忠孝南北路口", "direction": "西向", "speed_limit": 50}}, {"type": "Feature", "geometry": {"type": "Point", "coordinates": [120.30967, 22.988716]}, "properties": {"id": 1509, "type": "fixed_speed", "city": "臺南市", "district": "關廟區", "address": "臺19甲線41公里", "direction": "雙向", "speed_limit": 60}}, {"type": "Feature", "geometry": {"type": "Point", "coordinates": [120.31324, 22.97128]}, "properties": {"id": 1510, "type": "fixed_speed", "city": "臺南市", "district": "關廟區", "address": "臺86線17.85公里", "direction": "雙向", "speed_limit": 70}}, {"type": "Feature", "geometry": {"type": "Point", "coordinates": [120.35717, 22.96794]}, "properties": {"id": 1511, "type": "fixed_speed", "city": "臺南市", "district": "龍崎區", "address": "市道182線中正路與南屏路口", "direction": "西向", "speed_limit": 50}}, {"type": "Feature", "geometry": {"type": "Point", "coordinates": [120.38326, 22.950447]}, "properties": {"id": 1512, "type": "fixed_speed", "city": "臺南市", "district": "臺南市龍崎區", "address": "市道182線27.2248公里至28.358公里處(往高雄)；市道182線28.3378公里至27.1907公里處(往關廟)", "direction": "雙向(區間測速)", "speed_limit": 50}}, {"type": "Feature", "geometry": {"type": "Point", "coordinates": [120.42066, 22.929552]}, "properties": {"id": 1513, "type": "fixed_speed", "city": "臺南市", "district": "龍崎區", "address": "182市道28.5公里", "direction": "北向", "speed_limit": 50}}, {"type": "Feature", "geometry": {"type": "Point", "coordinates": [120.42081, 22.932732]}, "properties": {"id": 1514, "type": "fixed_speed", "city": "臺南市", "district": "龍崎區", "address": "市道182線28.23K處", "direction": "雙向", "speed_limit": 50}}, {"type": "Feature", "geometry": {"type": "Point", "coordinates": [120.42198, 22.936176]}, "properties": {"id": 1515, "type": "fixed_speed", "city": "臺南市", "district": "龍崎區", "address": "市道182線27.68K處", "direction": "雙向", "speed_limit": 50}}, {"type": "Feature", "geometry": {"type": "Point", "coordinates": [120.22557, 23.038078]}, "properties": {"id": 1516, "type": "fixed_speed", "city": "臺南市", "district": "永康區", "address": "河堤道路與洲工街175巷口", "direction": "雙向", "speed_limit": 40}}, {"type": "Feature", "geometry": {"type": "Point", "coordinates": [120.23383, 23.008518]}, "properties": {"id": 1517, "type": "fixed_speed", "city": "臺南市", "district": "永康區", "address": "中華路與中華二路口", "direction": "南向", "speed_limit": 50}}, {"type": "Feature", "geometry": {"type": "Point", "coordinates": [120.24956, 22.998642]}, "properties": {"id": 1518, "type": "fixed_speed", "city": "臺南市", "district": "永康區", "address": "復興路與復興路26巷口", "direction": "南向", "speed_limit": 50}}, {"type": "Feature", "geometry": {"type": "Point", "coordinates": [120.25057, 23.015137]}, "properties": {"id": 1519, "type": "fixed_speed", "city": "臺南市", "district": "永康區", "address": "近高速一街二段與永二街245巷26弄路口", "direction": "北向", "speed_limit": 50}}, {"type": "Feature", "geometry": {"type": "Point", "coordinates": [120.26064, 23.027317]}, "properties": {"id": 1520, "type": "fixed_speed", "city": "臺南市", "district": "永康區", "address": "永大路與中山北路路口", "direction": "北向", "speed_limit": 50}}, {"type": "Feature", "geometry": {"type": "Point", "coordinates": [120.212296, 22.980795]}, "properties": {"id": 1521, "type": "fixed_speed", "city": "臺南市", "district": "東區", "address": "林森路-大同路口", "direction": "西向", "speed_limit": 50}}, {"type": "Feature", "geometry": {"type": "Point", "coordinates": [120.21565, 22.973982]}, "properties": {"id": 1522, "type": "fixed_speed", "city": "臺南市", "district": "東區", "address": "榮譽街與榮譽街25巷口(近大同國小前)", "direction": "雙向", "speed_limit": 50}}, {"type": "Feature", "geometry": {"type": "Point", "coordinates": [120.22442, 22.99815]}, "properties": {"id": 1523, "type": "fixed_speed", "city": "臺南市", "district": "東區", "address": "林森路後甲國中前-近東和路口", "direction": "南向", "speed_limit": 50}}, {"type": "Feature", "geometry": {"type": "Point", "coordinates": [120.229164, 22.9808]}, "properties": {"id": 1524, "type": "fixed_speed", "city": "臺南市", "district": "東區", "address": "中華東路與東門路口", "direction": "北向", "speed_limit": 60}}, {"type": "Feature", "geometry": {"type": "Point", "coordinates": [120.23394, 22.99264]}, "properties": {"id": 1525, "type": "fixed_speed", "city": "臺南市", "district": "東區", "address": "中華東路-凱旋路口", "direction": "南向", "speed_limit": 60}}, {"type": "Feature", "geometry": {"type": "Point", "coordinates": [120.23424, 22.994543]}, "properties": {"id": 1526, "type": "fixed_speed", "city": "臺南市", "district": "東區", "address": "中華東路-平實五街路口", "direction": "北向", "speed_limit": 60}}, {"type": "Feature", "geometry": {"type": "Point", "coordinates": [120.23616, 22.962046]}, "properties": {"id": 1527, "type": "fixed_speed", "city": "臺南市", "district": "東區", "address": "崇善路-德東街口", "direction": "南向", "speed_limit": 40}}, {"type": "Feature", "geometry": {"type": "Point", "coordinates": [120.169586, 22.958733]}, "properties": {"id": 1528, "type": "fixed_speed", "city": "臺南市", "district": "南區", "address": "安平港路聯外道路-鯤鯓路127之5號前", "direction": "雙向", "speed_limit": 50}}, {"type": "Feature", "geometry": {"type": "Point", "coordinates": [120.1741, 22.947441]}, "properties": {"id": 1529, "type": "fixed_speed", "city": "臺南市", "district": "南區", "address": "安平港聯外道路台電高分鯤鯓54右38號電桿", "direction": "北向", "speed_limit": 60}}, {"type": "Feature", "geometry": {"type": "Point", "coordinates": [120.176, 22.937895]}, "properties": {"id": 1530, "type": "fixed_speed", "city": "臺南市", "district": "南區", "address": "濱南路與喜樹路340巷口", "direction": "南向", "speed_limit": 50}}, {"type": "Feature", "geometry": {"type": "Point", "coordinates": [120.17664, 22.930405]}, "properties": {"id": 1531, "type": "fixed_speed", "city": "臺南市", "district": "南區", "address": "臺17線濱南路海口宮前", "direction": "雙向", "speed_limit": 70}}, {"type": "Feature", "geometry": {"type": "Point", "coordinates": [120.17872, 22.964375]}, "properties": {"id": 1532, "type": "fixed_speed", "city": "臺南市", "district": "南區", "address": "新平路24號前", "direction": "雙向", "speed_limit": 60}}, {"type": "Feature", "geometry": {"type": "Point", "coordinates": [120.183876, 22.9588]}, "properties": {"id": 1533, "type": "fixed_speed", "city": "臺南市", "district": "南區", "address": "濱南路-鯤鯓路口", "direction": "北向", "speed_limit": 60}}, {"type": "Feature", "geometry": {"type": "Point", "coordinates": [120.18389, 22.967249]}, "properties": {"id": 1534, "type": "fixed_speed", "city": "臺南市", "district": "南區", "address": "中華西路-新和路口", "direction": "北向", "speed_limit": 60}}, {"type": "Feature", "geometry": {"type": "Point", "coordinates": [120.18476, 22.923483]}, "properties": {"id": 1535, "type": "fixed_speed", "city": "臺南市", "district": "南區", "address": "明興路-明興路1312巷", "direction": "南向", "speed_limit": 50}}, {"type": "Feature", "geometry": {"type": "Point", "coordinates": [120.189156, 22.961212]}, "properties": {"id": 1536, "type": "fixed_speed", "city": "臺南市", "district": "南區", "address": "中華南路-南和路口", "direction": "東向", "speed_limit": 50}}, {"type": "Feature", "geometry": {"type": "Point", "coordinates": [120.192085, 22.98797]}, "properties": {"id": 1537, "type": "fixed_speed", "city": "臺南市", "district": "南區", "address": "金華路-永華路口", "direction": "北向", "speed_limit": 50}}, {"type": "Feature", "geometry": {"type": "Point", "coordinates": [120.19253, 22.96194]}, "properties": {"id": 1538, "type": "fixed_speed", "city": "臺南市", "district": "南區", "address": "中華南路-德興路口", "direction": "西向", "speed_limit": 60}}, {"type": "Feature", "geometry": {"type": "Point", "coordinates": [120.19549, 22.945978]}, "properties": {"id": 1539, "type": "fixed_speed", "city": "臺南市", "district": "南區", "address": "永成路2段369號往南70公尺處", "direction": "雙向", "speed_limit": 60}}, {"type": "Feature", "geometry": {"type": "Point", "coordinates": [120.20016, 22.964825]}, "properties": {"id": 1540, "type": "fixed_speed", "city": "臺南市", "district": "南區", "address": "中華南路-近西門路口", "direction": "雙向", "speed_limit": 60}}, {"type": "Feature", "geometry": {"type": "Point", "coordinates": [120.209946, 22.9689]}, "properties": {"id": 1541, "type": "fixed_speed", "city": "臺南市", "district": "南區", "address": "中華南路-國民路口", "direction": "南向", "speed_limit": 50}}, {"type": "Feature", "geometry": {"type": "Point", "coordinates": [120.21746, 22.941513]}, "properties": {"id": 1542, "type": "fixed_speed", "city": "臺南市", "district": "南區", "address": "機場路與機場路495巷口", "direction": "南向", "speed_limit": 50}}, {"type": "Feature", "geometry": {"type": "Point", "coordinates": [120.19698, 23.019335]}, "properties": {"id": 1543, "type": "fixed_speed", "city": "臺南市", "district": "北區", "address": "中華北路2段80巷口", "direction": "雙向", "speed_limit": 60}}, {"type": "Feature", "geometry": {"type": "Point", "coordinates": [120.200386, 23.012684]}, "properties": {"id": 1544, "type": "fixed_speed", "city": "臺南市", "district": "北區", "address": "海安路-文成路口", "direction": "南向", "speed_limit": 50}}, {"type": "Feature", "geometry": {"type": "Point", "coordinates": [120.21203, 23.013504]}, "properties": {"id": 1545, "type": "fixed_speed", "city": "臺南市", "district": "北區", "address": "公園路-長榮路口", "direction": "南向", "speed_limit": 40}}, {"type": "Feature", "geometry": {"type": "Point", "coordinates": [120.212944, 23.001534]}, "properties": {"id": 1546, "type": "fixed_speed", "city": "臺南市", "district": "北區", "address": "北門路與小東路口", "direction": "南向", "speed_limit": 50}}, {"type": "Feature", "geometry": {"type": "Point", "coordinates": [120.13506, 23.074215]}, "properties": {"id": 1547, "type": "fixed_speed", "city": "臺南市", "district": "安南區", "address": "安明路4段1100號前", "direction": "雙向", "speed_limit": 70}}, {"type": "Feature", "geometry": {"type": "Point", "coordinates": [120.142685, 23.052057]}, "properties": {"id": 1548, "type": "fixed_speed", "city": "臺南市", "district": "安南區", "address": "安明路近北汕尾路口", "direction": "雙向", "speed_limit": 70}}, {"type": "Feature", "geometry": {"type": "Point", "coordinates": [120.14962, 23.078297]}, "properties": {"id": 1549, "type": "fixed_speed", "city": "臺南市", "district": "安南區", "address": "公學路六段418號前", "direction": "雙向", "speed_limit": 50}}, {"type": "Feature", "geometry": {"type": "Point", "coordinates": [120.17002, 23.06164]}, "properties": {"id": 1550, "type": "fixed_speed", "city": "臺南市", "district": "安南區", "address": "臺江大道三段近安中路320巷口", "direction": "雙向", "speed_limit": 70}}, {"type": "Feature", "geometry": {"type": "Point", "coordinates": [120.1784, 23.032488]}, "properties": {"id": 1551, "type": "fixed_speed", "city": "臺南市", "district": "安南區", "address": "海尾路(路燈桿編號：131387附近)", "direction": "雙向", "speed_limit": 60}}, {"type": "Feature", "geometry": {"type": "Point", "coordinates": [120.17903, 23.017673]}, "properties": {"id": 1552, "type": "fixed_speed", "city": "臺南市", "district": "安南區", "address": "安明路-近大港觀海橋", "direction": "雙向", "speed_limit": 70}}, {"type": "Feature", "geometry": {"type": "Point", "coordinates": [120.1884, 23.04589]}, "properties": {"id": 1553, "type": "fixed_speed", "city": "臺南市", "district": "安南區", "address": "安吉路-安中路口", "direction": "北向", "speed_limit": 60}}, {"type": "Feature", "geometry": {"type": "Point", "coordinates": [120.18961, 23.052488]}, "properties": {"id": 1554, "type": "fixed_speed", "city": "臺南市", "district": "安南區", "address": "安吉路一段近本原街口", "direction": "雙向", "speed_limit": 60}}, {"type": "Feature", "geometry": {"type": "Point", "coordinates": [120.193634, 23.07735]}, "properties": {"id": 1555, "type": "fixed_speed", "city": "臺南市", "district": "安南區", "address": "安吉路3段近安順庄大道", "direction": "北向", "speed_limit": 60}}, {"type": "Feature", "geometry": {"type": "Point", "coordinates": [120.20804, 23.046125]}, "properties": {"id": 1556, "type": "fixed_speed", "city": "臺南市", "district": "安南區", "address": "北安路3段396巷前", "direction": "雙向", "speed_limit": 60}}, {"type": "Feature", "geometry": {"type": "Point", "coordinates": [120.21477, 23.067614]}, "properties": {"id": 1557, "type": "fixed_speed", "city": "臺南市", "district": "安南區", "address": "北安路4段548巷近長和街口", "direction": "雙向", "speed_limit": 60}}, {"type": "Feature", "geometry": {"type": "Point", "coordinates": [120.22557, 23.051445]}, "properties": {"id": 1558, "type": "fixed_speed", "city": "臺南市", "district": "安南區", "address": "臺江大道一段與開安路口", "direction": "東向", "speed_limit": 50}}, {"type": "Feature", "geometry": {"type": "Point", "coordinates": [120.14514, 22.992489]}, "properties": {"id": 1559, "type": "fixed_speed", "city": "臺南市", "district": "安平區", "address": "漁濱路與世平五路路口", "direction": "雙向", "speed_limit": 50}}, {"type": "Feature", "geometry": {"type": "Point", "coordinates": [120.145996, 22.996902]}, "properties": {"id": 1560, "type": "fixed_speed", "city": "臺南市", "district": "安平區", "address": "近安北路與洲安一街路口", "direction": "雙向", "speed_limit": 50}}, {"type": "Feature", "geometry": {"type": "Point", "coordinates": [120.175964, 22.99816]}, "properties": {"id": 1561, "type": "fixed_speed", "city": "臺南市", "district": "安平區", "address": "安平路與華平路口", "direction": "雙向", "speed_limit": 50}}, {"type": "Feature", "geometry": {"type": "Point", "coordinates": [120.17719, 22.983109]}, "properties": {"id": 1562, "type": "fixed_speed", "city": "臺南市", "district": "安平區", "address": "健康路與文平路口", "direction": "東向", "speed_limit": 50}}, {"type": "Feature", "geometry": {"type": "Point", "coordinates": [120.200134, 22.997572]}, "properties": {"id": 1563, "type": "fixed_speed", "city": "臺南市", "district": "中西區", "address": "西門路與民族路口", "direction": "南向", "speed_limit": 50}}, {"type": "Feature", "geometry": {"type": "Point", "coordinates": [121.284065, 24.98775]}, "properties": {"id": 1564, "type": "fixed_speed", "city": "桃園市", "district": "桃園區", "address": "中山路941號前", "direction": "往市府方向", "speed_limit": 50}}, {"type": "Feature", "geometry": {"type": "Point", "coordinates": [121.285835, 25.014463]}, "properties": {"id": 1565, "type": "fixed_speed", "city": "桃園市", "district": "桃園市桃園區", "address": "富國路379號對面", "direction": "往蘆竹方向", "speed_limit": 50}}, {"type": "Feature", "geometry": {"type": "Point", "coordinates": [121.28683, 25.002138]}, "properties": {"id": 1566, "type": "fixed_speed", "city": "桃園市", "district": "桃園區", "address": "國際路二段與大興西路三段路口", "direction": "雙向", "speed_limit": 50}}, {"type": "Feature", "geometry": {"type": "Point", "coordinates": [121.288216, 25.020542]}, "properties": {"id": 1567, "type": "fixed_speed", "city": "桃園市", "district": "桃園市桃園區", "address": "莊敬路二段路燈桿(0716800)旁", "direction": "往寶慶路方向", "speed_limit": 50}}, {"type": "Feature", "geometry": {"type": "Point", "coordinates": [121.2906, 25.005362]}, "properties": {"id": 1568, "type": "fixed_speed", "city": "桃園市", "district": "桃園市桃園區", "address": "大興西路三段與正光路口", "direction": "往永安路方向", "speed_limit": 50}}, {"type": "Feature", "geometry": {"type": "Point", "coordinates": [121.29077, 25.005877]}, "properties": {"id": 1569, "type": "fixed_speed", "city": "桃園市", "district": "桃園市桃園區", "address": "大興西路三段與正光路口", "direction": "往南桃園交流道方向", "speed_limit": 50}}, {"type": "Feature", "geometry": {"type": "Point", "coordinates": [121.290825, 24.996]}, "properties": {"id": 1570, "type": "fixed_speed", "city": "桃園市", "district": "桃園區", "address": "文中路(中興國中前)", "direction": "雙向", "speed_limit": 40}}, {"type": "Feature", "geometry": {"type": "Point", "coordinates": [121.29746, 25.006742]}, "properties": {"id": 1571, "type": "fixed_speed", "city": "桃園市", "district": "桃園市桃園區", "address": "溫州街69號對面", "direction": "往大興西路方向", "speed_limit": 30}}, {"type": "Feature", "geometry": {"type": "Point", "coordinates": [121.3009, 24.991867]}, "properties": {"id": 1572, "type": "fixed_speed", "city": "桃園市", "district": "桃園區", "address": "縣府路與中山路口", "direction": "中山路上往桃園車站方向", "speed_limit": 50}}, {"type": "Feature", "geometry": {"type": "Point", "coordinates": [121.306335, 24.997004]}, "properties": {"id": 1573, "type": "fixed_speed", "city": "桃園市", "district": "桃園區", "address": "三民路三段與永安路口", "direction": "三民路上往龜山", "speed_limit": 50}}, {"type": "Feature", "geometry": {"type": "Point", "coordinates": [121.30725, 24.981688]}, "properties": {"id": 1574, "type": "fixed_speed", "city": "桃園市", "district": "桃園區", "address": "介壽路與三民路三段路口", "direction": "介壽路往北", "speed_limit": 30}}, {"type": "Feature", "geometry": {"type": "Point", "coordinates": [121.31011, 24.989588]}, "properties": {"id": 1575, "type": "fixed_speed", "city": "桃園市", "district": "桃園區", "address": "復興路與民族路口", "direction": "復興路上往中壢", "speed_limit": 50}}, {"type": "Feature", "geometry": {"type": "Point", "coordinates": [121.310555, 24.999952]}, "properties": {"id": 1576, "type": "fixed_speed", "city": "桃園市", "district": "桃園區", "address": "三民路二段與民生路口", "direction": "雙向", "speed_limit": 50}}, {"type": "Feature", "geometry": {"type": "Point", "coordinates": [121.312164, 25.006226]}, "properties": {"id": 1577, "type": "fixed_speed", "city": "桃園市", "district": "桃園區", "address": "春日路與民光東路口", "direction": "雙向", "speed_limit": 50}}, {"type": "Feature", "geometry": {"type": "Point", "coordinates": [121.31246, 25.005]}, "properties": {"id": 1578, "type": "fixed_speed", "city": "桃園市", "district": "桃園市桃園區", "address": "春日路561號前", "direction": "往桃園市區方向", "speed_limit": 50}}, {"type": "Feature", "geometry": {"type": "Point", "coordinates": [121.31265, 24.990383]}, "properties": {"id": 1579, "type": "fixed_speed", "city": "桃園市", "district": "桃園區", "address": "復興路129號前(復興路與中正路口)", "direction": "往北", "speed_limit": 50}}, {"type": "Feature", "geometry": {"type": "Point", "coordinates": [121.314095, 25.000843]}, "properties": {"id": 1580, "type": "fixed_speed", "city": "桃園市", "district": "桃園區", "address": "三民路二段與春日路口", "direction": "雙向", "speed_limit": 50}}, {"type": "Feature", "geometry": {"type": "Point", "coordinates": [121.315125, 24.991064]}, "properties": {"id": 1581, "type": "fixed_speed", "city": "桃園市", "district": "桃園區", "address": "復興路與民生路口", "direction": "復興路往市府方向", "speed_limit": 50}}, {"type": "Feature", "geometry": {"type": "Point", "coordinates": [121.32475, 25.00729]}, "properties": {"id": 1582, "type": "fixed_speed", "city": "桃園市", "district": "桃園市桃園區", "address": "成功路三段235號前", "direction": "往桃園市區方向", "speed_limit": 40}}, {"type": "Feature", "geometry": {"type": "Point", "coordinates": [121.1744, 24.990446]}, "properties": {"id": 1583, "type": "fixed_speed", "city": "桃園市", "district": "中壢區", "address": "中正路四段353號前", "direction": "往中壢", "speed_limit": 50}}, {"type": "Feature", "geometry": {"type": "Point", "coordinates": [121.193, 24.991371]}, "properties": {"id": 1584, "type": "fixed_speed", "city": "桃園市", "district": "中壢區", "address": "台31線12.5K(往北)", "direction": "往北", "speed_limit": 70}}, {"type": "Feature", "geometry": {"type": "Point", "coordinates": [121.19523, 24.97736]}, "properties": {"id": 1585, "type": "fixed_speed", "city": "桃園市", "district": "桃園市中壢區", "address": "中正路二段239巷口", "direction": "往中壢方向", "speed_limit": 50}}, {"type": "Feature", "geometry": {"type": "Point", "coordinates": [121.203674, 25.014406]}, "properties": {"id": 1586, "type": "fixed_speed", "city": "桃園市", "district": "中壢區", "address": "民權路五段65號前", "direction": "雙向", "speed_limit": 50}}, {"type": "Feature", "geometry": {"type": "Point", "coordinates": [121.21087, 24.964502]}, "properties": {"id": 1587, "type": "fixed_speed", "city": "桃園市", "district": "中壢區", "address": "環西路二段185之2號前", "direction": "往西", "speed_limit": 50}}, {"type": "Feature", "geometry": {"type": "Point", "coordinates": [121.21253, 25.01212]}, "properties": {"id": 1588, "type": "fixed_speed", "city": "桃園市", "district": "中壢區", "address": "高鐵北路與青埔路口", "direction": "高鐵北路上雙向", "speed_limit": 50}}, {"type": "Feature", "geometry": {"type": "Point", "coordinates": [121.2134, 24.984825]}, "properties": {"id": 1589, "type": "fixed_speed", "city": "桃園市", "district": "桃園市中壢區", "address": "中豐北路與大圳路一段口", "direction": "往市區方向", "speed_limit": 50}}, {"type": "Feature", "geometry": {"type": "Point", "coordinates": [121.214294, 24.984001]}, "properties": {"id": 1590, "type": "fixed_speed", "city": "桃園市", "district": "桃園市中壢區", "address": "中豐北路與大圳路一段口", "direction": "往高鐵站方向", "speed_limit": 50}}, {"type": "Feature", "geometry": {"type": "Point", "coordinates": [121.222, 24.991396]}, "properties": {"id": 1591, "type": "fixed_speed", "city": "桃園市", "district": "中壢區", "address": "新生路三段192號前", "direction": "往大園", "speed_limit": 50}}, {"type": "Feature", "geometry": {"type": "Point", "coordinates": [121.22454, 24.959152]}, "properties": {"id": 1592, "type": "fixed_speed", "city": "桃園市", "district": "中壢區", "address": "延平路368號對面", "direction": "往桃園方向", "speed_limit": 50}}, {"type": "Feature", "geometry": {"type": "Point", "coordinates": [121.22935, 25.002476]}, "properties": {"id": 1593, "type": "fixed_speed", "city": "桃園市", "district": "中壢區", "address": "中園路421號前", "direction": "往中壢", "speed_limit": 50}}, {"type": "Feature", "geometry": {"type": "Point", "coordinates": [121.23196, 24.996529]}, "properties": {"id": 1594, "type": "fixed_speed", "city": "桃園市", "district": "中壢區", "address": "中園路二段346號前", "direction": "往大園", "speed_limit": 50}}, {"type": "Feature", "geometry": {"type": "Point", "coordinates": [121.234436, 24.955116]}, "properties": {"id": 1595, "type": "fixed_speed", "city": "桃園市", "district": "中壢區", "address": "中北路二段468號前(中山東路與中北路口)", "direction": "往中原大學方向", "speed_limit": 50}}, {"type": "Feature", "geometry": {"type": "Point", "coordinates": [121.24305, 25.008162]}, "properties": {"id": 1596, "type": "fixed_speed", "city": "桃園市", "district": "中壢區", "address": "中興路一段206號前", "direction": "雙向", "speed_limit": 50}}, {"type": "Feature", "geometry": {"type": "Point", "coordinates": [121.248886, 24.957594]}, "properties": {"id": 1597, "type": "fixed_speed", "city": "桃園市", "district": "中壢區", "address": "環中東路606之16號前", "direction": "往平鎮方向", "speed_limit": 50}}, {"type": "Feature", "geometry": {"type": "Point", "coordinates": [121.25115, 24.952522]}, "properties": {"id": 1598, "type": "fixed_speed", "city": "桃園市", "district": "中壢區", "address": "普忠路770巷路口前", "direction": "往榮民南路", "speed_limit": 50}}, {"type": "Feature", "geometry": {"type": "Point", "coordinates": [121.25116, 24.954819]}, "properties": {"id": 1599, "type": "fixed_speed", "city": "桃園市", "district": "桃園市中壢區", "address": "普忠路581巷前", "direction": "往環中東路方向", "speed_limit": 50}}, {"type": "Feature", "geometry": {"type": "Point", "coordinates": [121.26084, 24.950453]}, "properties": {"id": 1600, "type": "fixed_speed", "city": "桃園市", "district": "桃園市中壢區", "address": "晉元路180號對面", "direction": "往榮民南路方向", "speed_limit": 50}}, {"type": "Feature", "geometry": {"type": "Point", "coordinates": [121.259544, 24.911953]}, "properties": {"id": 1601, "type": "fixed_speed", "city": "桃園市", "district": "大溪區", "address": "仁和路二段517巷口", "direction": "雙向", "speed_limit": 50}}, {"type": "Feature", "geometry": {"type": "Point", "coordinates": [121.26314, 24.8736]}, "properties": {"id": 1602, "type": "fixed_speed", "city": "桃園市", "district": "桃園市大溪區", "address": "石園路327號前", "direction": "往員樹林方向", "speed_limit": 60}}, {"type": "Feature", "geometry": {"type": "Point", "coordinates": [121.266235, 24.826963]}, "properties": {"id": 1603, "type": "fixed_speed", "city": "桃園市", "district": "大溪區", "address": "康莊路五段6號前", "direction": "往龍潭", "speed_limit": 60}}, {"type": "Feature", "geometry": {"type": "Point", "coordinates": [121.27307, 24.846693]}, "properties": {"id": 1604, "type": "fixed_speed", "city": "桃園市", "district": "桃園市大溪區", "address": "康莊路三段632號對面（台4線34K+200處）", "direction": "往大溪方向", "speed_limit": 60}}, {"type": "Feature", "geometry": {"type": "Point", "coordinates": [121.27842, 24.874975]}, "properties": {"id": 1605, "type": "fixed_speed", "city": "桃園市", "district": "桃園市大溪區", "address": "瑞安路一段(台4線29K+650)崁津橋前)", "direction": "往大鶯路方向", "speed_limit": 60}}, {"type": "Feature", "geometry": {"type": "Point", "coordinates": [121.27918, 24.908733]}, "properties": {"id": 1606, "type": "fixed_speed", "city": "桃園市", "district": "大溪區", "address": "埔頂路二段72號前", "direction": "往八德", "speed_limit": 50}}, {"type": "Feature", "geometry": {"type": "Point", "coordinates": [121.279785, 24.894299]}, "properties": {"id": 1607, "type": "fixed_speed", "city": "桃園市", "district": "桃園市大溪區", "address": "崎頂下坡路段", "direction": "往大溪方向", "speed_limit": 50}}, {"type": "Feature", "geometry": {"type": "Point", "coordinates": [121.28657, 24.907955]}, "properties": {"id": 1608, "type": "fixed_speed", "city": "桃園市", "district": "桃園市大溪區", "address": "介壽路與仁善街路口", "direction": "往大溪方向", "speed_limit": 50}}, {"type": "Feature", "geometry": {"type": "Point", "coordinates": [121.28862, 24.885729]}, "properties": {"id": 1609, "type": "fixed_speed", "city": "桃園市", "district": "桃園市大溪區", "address": "月眉路1號前約120公尺處", "direction": "往桃園方向", "speed_limit": 50}}, {"type": "Feature", "geometry": {"type": "Point", "coordinates": [121.2889, 24.880772]}, "properties": {"id": 1610, "type": "fixed_speed", "city": "桃園市", "district": "桃園市大溪區", "address": "復興路二段20號前", "direction": "往復興方向", "speed_limit": 40}}, {"type": "Feature", "geometry": {"type": "Point", "coordinates": [121.29937, 24.918503]}, "properties": {"id": 1611, "type": "fixed_speed", "city": "桃園市", "district": "桃園市大溪區", "address": "大鶯路769巷口", "direction": "往大溪方向", "speed_limit": 40}}, {"type": "Feature", "geometry": {"type": "Point", "coordinates": [121.32408, 24.89424]}, "properties": {"id": 1612, "type": "fixed_speed", "city": "桃園市", "district": "桃園市大溪區", "address": "信義路永福派出所前", "direction": "往大溪方向", "speed_limit": 50}}, {"type": "Feature", "geometry": {"type": "Point", "coordinates": [121.32434, 24.893774]}, "properties": {"id": 1613, "type": "fixed_speed", "city": "桃園市", "district": "大溪區", "address": "台三線31.8k至30.5k", "direction": "雙向(區間測速)", "speed_limit": 50}}, {"type": "Feature", "geometry": {"type": "Point", "coordinates": [121.33443, 24.84832]}, "properties": {"id": 1614, "type": "fixed_speed", "city": "桃園市", "district": "大溪區", "address": "台七乙線12.1k至8.2k", "direction": "雙向(區間測速)", "speed_limit": 40}}, {"type": "Feature", "geometry": {"type": "Point", "coordinates": [121.351234, 24.849945]}, "properties": {"id": 1615, "type": "fixed_speed", "city": "桃園市", "district": "桃園市大溪區", "address": "台七乙線9.1K處", "direction": "雙向", "speed_limit": 40}}, {"type": "Feature", "geometry": {"type": "Point", "coordinates": [121.35199, 24.85182]}, "properties": {"id": 1616, "type": "fixed_speed", "city": "桃園市", "district": "大溪區", "address": "台七乙線8.8K處", "direction": "往大溪", "speed_limit": 40}}, {"type": "Feature", "geometry": {"type": "Point", "coordinates": [121.356186, 24.853813]}, "properties": {"id": 1617, "type": "fixed_speed", "city": "桃園市", "district": "大溪區", "address": "台七乙線8.3K處", "direction": "台七乙線上雙向", "speed_limit": 40}}, {"type": "Feature", "geometry": {"type": "Point", "coordinates": [121.11457, 24.940453]}, "properties": {"id": 1618, "type": "fixed_speed", "city": "桃園市", "district": "楊梅區", "address": "高鐵南路八段與民有路一段口", "direction": "高鐵南路八段上雙向", "speed_limit": 70}}, {"type": "Feature", "geometry": {"type": "Point", "coordinates": [121.11795, 24.898788]}, "properties": {"id": 1619, "type": "fixed_speed", "city": "桃園市", "district": "楊梅區", "address": "中山南路台1線50.5k處", "direction": "往北", "speed_limit": 60}}, {"type": "Feature", "geometry": {"type": "Point", "coordinates": [121.16648, 24.908808]}, "properties": {"id": 1620, "type": "fixed_speed", "city": "桃園市", "district": "楊梅區", "address": "中山北路二段與裕成路口", "direction": "往東", "speed_limit": 50}}, {"type": "Feature", "geometry": {"type": "Point", "coordinates": [121.17447, 24.911541]}, "properties": {"id": 1621, "type": "fixed_speed", "city": "桃園市", "district": "楊梅區", "address": "中山北路二段與梅獅路一段口", "direction": "中山北路上往平鎮", "speed_limit": 50}}, {"type": "Feature", "geometry": {"type": "Point", "coordinates": [121.24468, 25.041563]}, "properties": {"id": 1622, "type": "fixed_speed", "city": "桃園市", "district": "蘆竹區", "address": "南青路與大華北街口(台31線往南崁方向)", "direction": "往北方向", "speed_limit": 60}}, {"type": "Feature", "geometry": {"type": "Point", "coordinates": [121.24809, 25.034035]}, "properties": {"id": 1623, "type": "fixed_speed", "city": "桃園市", "district": "桃園市蘆竹區", "address": "大竹北路386號旁", "direction": "往大園方向", "speed_limit": 50}}, {"type": "Feature", "geometry": {"type": "Point", "coordinates": [121.25152, 25.047396]}, "properties": {"id": 1624, "type": "fixed_speed", "city": "桃園市", "district": "蘆竹區", "address": "南青路607號(台31線3K+150)", "direction": "往南", "speed_limit": 60}}, {"type": "Feature", "geometry": {"type": "Point", "coordinates": [121.25576, 25.11272]}, "properties": {"id": 1625, "type": "fixed_speed", "city": "桃園市", "district": "桃園市蘆竹區", "address": "濱海路一段101號前", "direction": "雙向", "speed_limit": 70}}, {"type": "Feature", "geometry": {"type": "Point", "coordinates": [121.262245, 24.989258]}, "properties": {"id": 1626, "type": "fixed_speed", "city": "桃園市", "district": "蘆竹區", "address": "文中路一段265巷口前", "direction": "往桃園", "speed_limit": 50}}, {"type": "Feature", "geometry": {"type": "Point", "coordinates": [121.26347, 25.116959]}, "properties": {"id": 1627, "type": "fixed_speed", "city": "桃園市", "district": "蘆竹區", "address": "濱海路一段與海湖北路", "direction": "濱海路一段上雙向", "speed_limit": 70}}, {"type": "Feature", "geometry": {"type": "Point", "coordinates": [121.266235, 25.045538]}, "properties": {"id": 1628, "type": "fixed_speed", "city": "桃園市", "district": "桃園市蘆竹區", "address": "富國路一段130號前", "direction": "往蘆竹方向", "speed_limit": 40}}, {"type": "Feature", "geometry": {"type": "Point", "coordinates": [121.26845, 25.039837]}, "properties": {"id": 1629, "type": "fixed_speed", "city": "桃園市", "district": "蘆竹區", "address": "富國路二段360號前", "direction": "雙向", "speed_limit": 50}}, {"type": "Feature", "geometry": {"type": "Point", "coordinates": [121.2712, 25.014542]}, "properties": {"id": 1630, "type": "fixed_speed", "city": "桃園市", "district": "蘆竹區", "address": "大竹路109號", "direction": "往桃園", "speed_limit": 50}}, {"type": "Feature", "geometry": {"type": "Point", "coordinates": [121.28599, 25.033958]}, "properties": {"id": 1631, "type": "fixed_speed", "city": "桃園市", "district": "蘆竹區", "address": "蘆興南路408號旁", "direction": "往南崁方向", "speed_limit": 50}}, {"type": "Feature", "geometry": {"type": "Point", "coordinates": [121.29094, 25.049377]}, "properties": {"id": 1632, "type": "fixed_speed", "city": "桃園市", "district": "蘆竹區", "address": "中正路369號前", "direction": "往桃園交流道方向", "speed_limit": 50}}, {"type": "Feature", "geometry": {"type": "Point", "coordinates": [121.29424, 25.044203]}, "properties": {"id": 1633, "type": "fixed_speed", "city": "桃園市", "district": "蘆竹區", "address": "中正路8號前", "direction": "往北", "speed_limit": 50}}, {"type": "Feature", "geometry": {"type": "Point", "coordinates": [121.30809, 25.081982]}, "properties": {"id": 1634, "type": "fixed_speed", "city": "桃園市", "district": "蘆竹區", "address": "山林路二段655號前", "direction": "往山腳", "speed_limit": 40}}, {"type": "Feature", "geometry": {"type": "Point", "coordinates": [121.339, 25.064642]}, "properties": {"id": 1635, "type": "fixed_speed", "city": "桃園市", "district": "桃園市蘆竹區", "address": "八德一路與八德二路口", "direction": "往蘆竹方向", "speed_limit": 40}}, {"type": "Feature", "geometry": {"type": "Point", "coordinates": [121.16765, 25.079277]}, "properties": {"id": 1636, "type": "fixed_speed", "city": "桃園市", "district": "桃園市大園區", "address": "台61線29.5K(高架)", "direction": "往北", "speed_limit": 90}}, {"type": "Feature", "geometry": {"type": "Point", "coordinates": [121.16879, 25.079788]}, "properties": {"id": 1637, "type": "fixed_speed", "city": "桃園市", "district": "桃園市大園區", "address": "台61線29.3K(高架)", "direction": "往南方向", "speed_limit": 90}}, {"type": "Feature", "geometry": {"type": "Point", "coordinates": [121.18129, 25.084124]}, "properties": {"id": 1638, "type": "fixed_speed", "city": "桃園市", "district": "大園區", "address": "西濱路二段與民生路口", "direction": "西濱路二段上往觀音方向", "speed_limit": 50}}, {"type": "Feature", "geometry": {"type": "Point", "coordinates": [121.18615, 25.04613]}, "properties": {"id": 1639, "type": "fixed_speed", "city": "桃園市", "district": "桃園市大園區", "address": "和平西路一段447號前", "direction": "往大園方向", "speed_limit": 50}}, {"type": "Feature", "geometry": {"type": "Point", "coordinates": [121.21008, 25.059599]}, "properties": {"id": 1640, "type": "fixed_speed", "city": "桃園市", "district": "桃園市大園區", "address": "中正東路與橫湳路口", "direction": "往國道二號方向", "speed_limit": 50}}, {"type": "Feature", "geometry": {"type": "Point", "coordinates": [121.21768, 25.105474]}, "properties": {"id": 1641, "type": "fixed_speed", "city": "桃園市", "district": "大園區", "address": "西濱路與中央北路", "direction": "西濱路上雙向", "speed_limit": 50}}, {"type": "Feature", "geometry": {"type": "Point", "coordinates": [121.22769, 25.013674]}, "properties": {"id": 1642, "type": "fixed_speed", "city": "桃園市", "district": "大園區", "address": "中正東路三段與青昇路", "direction": "往北", "speed_limit": 50}}, {"type": "Feature", "geometry": {"type": "Point", "coordinates": [121.2277, 25.055984]}, "properties": {"id": 1643, "type": "fixed_speed", "city": "桃園市", "district": "桃園市大園區", "address": "大牛稠7號（桃5線4.8K）", "direction": "往大園方向", "speed_limit": 50}}, {"type": "Feature", "geometry": {"type": "Point", "coordinates": [121.22922, 25.0271]}, "properties": {"id": 1644, "type": "fixed_speed", "city": "桃園市", "district": "大園區", "address": "台31線近6K處(高鐵北路三段與中正東路二段口)", "direction": "往高鐵方向(快、慢車道)", "speed_limit": 50}}, {"type": "Feature", "geometry": {"type": "Point", "coordinates": [121.23075, 25.023808]}, "properties": {"id": 1645, "type": "fixed_speed", "city": "桃園市", "district": "大園區", "address": "中正東路二段586號前", "direction": "往大園方向", "speed_limit": 50}}, {"type": "Feature", "geometry": {"type": "Point", "coordinates": [121.244095, 25.107386]}, "properties": {"id": 1646, "type": "fixed_speed", "city": "桃園市", "district": "桃園市大園區", "address": "國際路二段與中央路路口", "direction": "往北", "speed_limit": 70}}, {"type": "Feature", "geometry": {"type": "Point", "coordinates": [121.24986, 25.09486]}, "properties": {"id": 1647, "type": "fixed_speed", "city": "桃園市", "district": "大園區", "address": "三民路一段(復興空廚前)", "direction": "往北", "speed_limit": 50}}, {"type": "Feature", "geometry": {"type": "Point", "coordinates": [121.32443, 24.992449]}, "properties": {"id": 1648, "type": "fixed_speed", "city": "桃園市", "district": "桃園市龜山區", "address": "萬壽路二段與忠孝街口前", "direction": "往北上方向", "speed_limit": 50}}, {"type": "Feature", "geometry": {"type": "Point", "coordinates": [121.32719, 24.993011]}, "properties": {"id": 1649, "type": "fixed_speed", "city": "桃園市", "district": "桃園市龜山區", "address": "萬壽路二段1262號前", "direction": "往南下方向", "speed_limit": 50}}, {"type": "Feature", "geometry": {"type": "Point", "coordinates": [121.35082, 25.001873]}, "properties": {"id": 1650, "type": "fixed_speed", "city": "桃園市", "district": "龜山區", "address": "萬壽路二段472號前", "direction": "往桃園方向", "speed_limit": 50}}, {"type": "Feature", "geometry": {"type": "Point", "coordinates": [121.35543, 25.035666]}, "properties": {"id": 1651, "type": "fixed_speed", "city": "桃園市", "district": "龜山區", "address": "忠義路一段1196-15號前", "direction": "雙向", "speed_limit": 60}}, {"type": "Feature", "geometry": {"type": "Point", "coordinates": [121.35543, 25.035666]}, "properties": {"id": 1652, "type": "fixed_speed", "city": "桃園市", "district": "桃園市龜山區", "address": "忠義路一段18K+660前", "direction": "雙向", "speed_limit": 60}}, {"type": "Feature", "geometry": {"type": "Point", "coordinates": [121.362755, 25.021631]}, "properties": {"id": 1653, "type": "fixed_speed", "city": "桃園市", "district": "桃園市龜山區", "address": "振興路829巷口旁", "direction": "往體育大學方向", "speed_limit": 50}}, {"type": "Feature", "geometry": {"type": "Point", "coordinates": [121.36546, 25.05788]}, "properties": {"id": 1654, "type": "fixed_speed", "city": "桃園市", "district": "龜山區", "address": "復興一路218號前(復興一路與文化二路口)", "direction": "雙向", "speed_limit": 50}}, {"type": "Feature", "geometry": {"type": "Point", "coordinates": [121.36954, 25.025007]}, "properties": {"id": 1655, "type": "fixed_speed", "city": "桃園市", "district": "龜山區", "address": "振興路1051之1號前(振興路與西勢湖路口)", "direction": "往西勢湖路方向", "speed_limit": 50}}, {"type": "Feature", "geometry": {"type": "Point", "coordinates": [121.369965, 25.04303]}, "properties": {"id": 1656, "type": "fixed_speed", "city": "桃園市", "district": "龜山區", "address": "復興三路500號對面", "direction": "往大埔", "speed_limit": 50}}, {"type": "Feature", "geometry": {"type": "Point", "coordinates": [121.37406, 25.05708]}, "properties": {"id": 1657, "type": "fixed_speed", "city": "桃園市", "district": "桃園市龜山區", "address": "文化一路與復興二路口", "direction": "往龜山方向", "speed_limit": 60}}, {"type": "Feature", "geometry": {"type": "Point", "coordinates": [121.37497, 25.029663]}, "properties": {"id": 1658, "type": "fixed_speed", "city": "桃園市", "district": "龜山區", "address": "振興路1169號前", "direction": "往龜山方向", "speed_limit": 50}}, {"type": "Feature", "geometry": {"type": "Point", "coordinates": [121.37507, 25.008944]}, "properties": {"id": 1659, "type": "fixed_speed", "city": "桃園市", "district": "龜山區", "address": "東萬壽路622號前", "direction": "往北", "speed_limit": 50}}, {"type": "Feature", "geometry": {"type": "Point", "coordinates": [121.37562, 25.01177]}, "properties": {"id": 1660, "type": "fixed_speed", "city": "桃園市", "district": "龜山區", "address": "萬壽路一段(東萬壽路309巷-萬壽路一段1275巷)", "direction": "雙向(區間測速)", "speed_limit": 50}}, {"type": "Feature", "geometry": {"type": "Point", "coordinates": [121.37637, 25.009476]}, "properties": {"id": 1661, "type": "fixed_speed", "city": "桃園市", "district": "龜山區", "address": "東萬壽路與龍校街121巷6弄口", "direction": "往南", "speed_limit": 50}}, {"type": "Feature", "geometry": {"type": "Point", "coordinates": [121.37707, 25.043844]}, "properties": {"id": 1662, "type": "fixed_speed", "city": "桃園市", "district": "龜山區", "address": "華亞三路近文化二路口", "direction": "往長庚", "speed_limit": 50}}, {"type": "Feature", "geometry": {"type": "Point", "coordinates": [121.37707, 25.043844]}, "properties": {"id": 1663, "type": "fixed_speed", "city": "桃園市", "district": "龜山區", "address": "華亞三路近華亞二路前", "direction": "往大埔", "speed_limit": 50}}, {"type": "Feature", "geometry": {"type": "Point", "coordinates": [121.385414, 25.040264]}, "properties": {"id": 1664, "type": "fixed_speed", "city": "桃園市", "district": "龜山區", "address": "文化一路與文青路口", "direction": "文化一路雙向", "speed_limit": 60}}, {"type": "Feature", "geometry": {"type": "Point", "coordinates": [121.39822, 25.031464]}, "properties": {"id": 1665, "type": "fixed_speed", "city": "桃園市", "district": "龜山區", "address": "青山路二段(青山路一段200號-青山路二段文青路)", "direction": "雙向(區間測速)", "speed_limit": 50}}, {"type": "Feature", "geometry": {"type": "Point", "coordinates": [121.407135, 25.018389]}, "properties": {"id": 1666, "type": "fixed_speed", "city": "桃園市", "district": "龜山區", "address": "萬壽路一段161號(中正路與萬壽路一段口)", "direction": "往新莊方向", "speed_limit": 50}}, {"type": "Feature", "geometry": {"type": "Point", "coordinates": [121.25918, 24.926731]}, "properties": {"id": 1667, "type": "fixed_speed", "city": "桃園市", "district": "桃園市八德區", "address": "新生路段近龍宮街36巷9弄口", "direction": "往平鎮方向", "speed_limit": 50}}, {"type": "Feature", "geometry": {"type": "Point", "coordinates": [121.26041, 24.93422]}, "properties": {"id": 1668, "type": "fixed_speed", "city": "桃園市", "district": "八德區", "address": "長興路與崁頂路口", "direction": "長興路上雙向", "speed_limit": 50}}, {"type": "Feature", "geometry": {"type": "Point", "coordinates": [121.26988, 24.977488]}, "properties": {"id": 1669, "type": "fixed_speed", "city": "桃園市", "district": "桃園市八德區", "address": "中華路龍壽街口署立桃園醫院前", "direction": "往桃園方向", "speed_limit": 50}}, {"type": "Feature", "geometry": {"type": "Point", "coordinates": [121.270676, 24.977966]}, "properties": {"id": 1670, "type": "fixed_speed", "city": "桃園市", "district": "八德區", "address": "中華路544號旁(中華路與永豐口)", "direction": "往中壢方向", "speed_limit": 50}}, {"type": "Feature", "geometry": {"type": "Point", "coordinates": [121.28101, 24.985947]}, "properties": {"id": 1671, "type": "fixed_speed", "city": "桃園市", "district": "八德區", "address": "中華路與茄苳路口", "direction": "中華路上雙向", "speed_limit": 50}}, {"type": "Feature", "geometry": {"type": "Point", "coordinates": [121.28117, 24.930964]}, "properties": {"id": 1672, "type": "fixed_speed", "city": "桃園市", "district": "八德區", "address": "建德路與長興路口", "direction": "長興路上往八德", "speed_limit": 50}}, {"type": "Feature", "geometry": {"type": "Point", "coordinates": [121.28121, 24.925838]}, "properties": {"id": 1673, "type": "fixed_speed", "city": "桃園市", "district": "八德區", "address": "建德路92號前(建德路與豐德路口)", "direction": "往興豐路方向", "speed_limit": 50}}, {"type": "Feature", "geometry": {"type": "Point", "coordinates": [121.283806, 24.94829]}, "properties": {"id": 1674, "type": "fixed_speed", "city": "桃園市", "district": "八德區", "address": "新興路與廣興路口", "direction": "廣興路上雙向", "speed_limit": 50}}, {"type": "Feature", "geometry": {"type": "Point", "coordinates": [121.29728, 24.930553]}, "properties": {"id": 1675, "type": "fixed_speed", "city": "桃園市", "district": "八德區", "address": "介壽路二段1216號對面(介壽路二段與興豐路口)", "direction": "往桃園", "speed_limit": 50}}, {"type": "Feature", "geometry": {"type": "Point", "coordinates": [121.2975, 24.940912]}, "properties": {"id": 1676, "type": "fixed_speed", "city": "桃園市", "district": "八德區", "address": "介壽路二段陸軍218營站前", "direction": "往大溪方向", "speed_limit": 50}}, {"type": "Feature", "geometry": {"type": "Point", "coordinates": [121.3079, 24.938059]}, "properties": {"id": 1677, "type": "fixed_speed", "city": "桃園市", "district": "桃園市八德區", "address": "興豐路1176號前", "direction": "往八德方向", "speed_limit": 50}}, {"type": "Feature", "geometry": {"type": "Point", "coordinates": [121.31319, 24.957096]}, "properties": {"id": 1678, "type": "fixed_speed", "city": "桃園市", "district": "八德區", "address": "和平路552號旁", "direction": "雙向", "speed_limit": 40}}, {"type": "Feature", "geometry": {"type": "Point", "coordinates": [121.318436, 24.960634]}, "properties": {"id": 1679, "type": "fixed_speed", "city": "桃園市", "district": "八德區", "address": "和強路127號前", "direction": "往桃園", "speed_limit": 50}}, {"type": "Feature", "geometry": {"type": "Point", "coordinates": [121.31854, 24.961102]}, "properties": {"id": 1680, "type": "fixed_speed", "city": "桃園市", "district": "八德區", "address": "和強路58號前", "direction": "往東", "speed_limit": 50}}, {"type": "Feature", "geometry": {"type": "Point", "coordinates": [121.184975, 24.89299]}, "properties": {"id": 1681, "type": "fixed_speed", "city": "桃園市", "district": "桃園市龍潭區", "address": "桃園市平鎮區梅獅路二段", "direction": "往北", "speed_limit": 40}}, {"type": "Feature", "geometry": {"type": "Point", "coordinates": [121.18508, 24.825977]}, "properties": {"id": 1682, "type": "fixed_speed", "city": "桃園市", "district": "龍潭區", "address": "福源路256號對面", "direction": "往龍潭", "speed_limit": 40}}, {"type": "Feature", "geometry": {"type": "Point", "coordinates": [121.204475, 24.85213]}, "properties": {"id": 1683, "type": "fixed_speed", "city": "桃園市", "district": "龍潭區", "address": "台三線50.5k至51.7k", "direction": "雙向(區間測速)", "speed_limit": 60}}, {"type": "Feature", "geometry": {"type": "Point", "coordinates": [121.204506, 24.870478]}, "properties": {"id": 1684, "type": "fixed_speed", "city": "桃園市", "district": "桃園市龍潭區", "address": "聖亭路236號春源鋼鐵旁", "direction": "往龍潭方向", "speed_limit": 50}}, {"type": "Feature", "geometry": {"type": "Point", "coordinates": [121.20464, 24.852085]}, "properties": {"id": 1685, "type": "fixed_speed", "city": "桃園市", "district": "桃園市龍潭區", "address": "中豐路台三線50.8K處", "direction": "北上", "speed_limit": 60}}, {"type": "Feature", "geometry": {"type": "Point", "coordinates": [121.22243, 24.865482]}, "properties": {"id": 1686, "type": "fixed_speed", "city": "桃園市", "district": "龍潭區", "address": "大昌路二段145-1號前(大昌路二段與五福街口)", "direction": "雙向", "speed_limit": 50}}, {"type": "Feature", "geometry": {"type": "Point", "coordinates": [121.22926, 24.849716]}, "properties": {"id": 1687, "type": "fixed_speed", "city": "桃園市", "district": "龍潭區", "address": "中正路三林段330號", "direction": "往市區", "speed_limit": 50}}, {"type": "Feature", "geometry": {"type": "Point", "coordinates": [121.238655, 24.826025]}, "properties": {"id": 1688, "type": "fixed_speed", "city": "桃園市", "district": "龍潭區", "address": "龍源路大平段290號", "direction": "往大溪", "speed_limit": 60}}, {"type": "Feature", "geometry": {"type": "Point", "coordinates": [121.24607, 24.837442]}, "properties": {"id": 1689, "type": "fixed_speed", "city": "桃園市", "district": "龍潭區", "address": "中正路三坑下坡路段", "direction": "往石門水庫", "speed_limit": 60}}, {"type": "Feature", "geometry": {"type": "Point", "coordinates": [121.24745, 24.825394]}, "properties": {"id": 1690, "type": "fixed_speed", "city": "桃園市", "district": "桃園市龍潭區", "address": "上坪1-2號前", "direction": "往大溪方向", "speed_limit": 60}}, {"type": "Feature", "geometry": {"type": "Point", "coordinates": [121.248314, 24.880243]}, "properties": {"id": 1691, "type": "fixed_speed", "city": "桃園市", "district": "桃園市龍潭區", "address": "中興路九龍段104號前", "direction": "往大溪方向", "speed_limit": 50}}, {"type": "Feature", "geometry": {"type": "Point", "coordinates": [121.18032, 24.958342]}, "properties": {"id": 1692, "type": "fixed_speed", "city": "桃園市", "district": "平鎮區", "address": "民族路雙連一段168號前", "direction": "往新屋", "speed_limit": 50}}, {"type": "Feature", "geometry": {"type": "Point", "coordinates": [121.19139, 24.903605]}, "properties": {"id": 1693, "type": "fixed_speed", "city": "桃園市", "district": "桃園市平鎮區", "address": "中興路平鎮段305號前", "direction": "往埔心方向", "speed_limit": 50}}, {"type": "Feature", "geometry": {"type": "Point", "coordinates": [121.193665, 24.898373]}, "properties": {"id": 1694, "type": "fixed_speed", "city": "桃園市", "district": "桃園市平鎮區", "address": "中興路與南豐路口", "direction": "往埔心方向", "speed_limit": 50}}, {"type": "Feature", "geometry": {"type": "Point", "coordinates": [121.19631, 24.920986]}, "properties": {"id": 1695, "type": "fixed_speed", "city": "桃園市", "district": "平鎮區", "address": "南平路二段與南平路二段333巷口旁", "direction": "往中豐路方向", "speed_limit": 50}}, {"type": "Feature", "geometry": {"type": "Point", "coordinates": [121.20095, 24.93786]}, "properties": {"id": 1696, "type": "fixed_speed", "city": "桃園市", "district": "平鎮區", "address": "延平路三段260巷口前", "direction": "往楊梅", "speed_limit": 50}}, {"type": "Feature", "geometry": {"type": "Point", "coordinates": [121.2054, 24.929602]}, "properties": {"id": 1697, "type": "fixed_speed", "city": "桃園市", "district": "平鎮區", "address": "陸橋南路與平德路口前", "direction": "往北", "speed_limit": 50}}, {"type": "Feature", "geometry": {"type": "Point", "coordinates": [121.211655, 24.907726]}, "properties": {"id": 1698, "type": "fixed_speed", "city": "桃園市", "district": "平鎮區", "address": "中豐路南勢二段與三興路口", "direction": "中豐路莊敬段雙向", "speed_limit": 50}}, {"type": "Feature", "geometry": {"type": "Point", "coordinates": [121.21205, 24.893105]}, "properties": {"id": 1699, "type": "fixed_speed", "city": "桃園市", "district": "平鎮區", "address": "中豐路山頂段531號前", "direction": "往龍潭", "speed_limit": 50}}, {"type": "Feature", "geometry": {"type": "Point", "coordinates": [121.213036, 24.926458]}, "properties": {"id": 1700, "type": "fixed_speed", "city": "桃園市", "district": "平鎮區", "address": "中豐路一段255號前", "direction": "南往北", "speed_limit": 50}}, {"type": "Feature", "geometry": {"type": "Point", "coordinates": [121.213356, 24.927835]}, "properties": {"id": 1701, "type": "fixed_speed", "city": "桃園市", "district": "平鎮區", "address": "中豐路一段與快速路三段口", "direction": "快速路三段雙向", "speed_limit": 50}}, {"type": "Feature", "geometry": {"type": "Point", "coordinates": [121.213455, 24.928421]}, "properties": {"id": 1702, "type": "fixed_speed", "city": "桃園市", "district": "桃園市平鎮區", "address": "中豐路一段166號前", "direction": "往龍潭方向", "speed_limit": 50}}, {"type": "Feature", "geometry": {"type": "Point", "coordinates": [121.21827, 24.950792]}, "properties": {"id": 1703, "type": "fixed_speed", "city": "桃園市", "district": "平鎮區", "address": "中豐路與延平路一段口", "direction": "雙向", "speed_limit": 50}}, {"type": "Feature", "geometry": {"type": "Point", "coordinates": [121.23086, 24.906776]}, "properties": {"id": 1704, "type": "fixed_speed", "city": "桃園市", "district": "平鎮區", "address": "金陵路與快速路口", "direction": "快速路一段雙向", "speed_limit": 50}}, {"type": "Feature", "geometry": {"type": "Point", "coordinates": [121.23118, 24.91479]}, "properties": {"id": 1705, "type": "fixed_speed", "city": "桃園市", "district": "桃園市平鎮區", "address": "金陵路四段409號前約80公尺處", "direction": "往環南路方向", "speed_limit": 50}}, {"type": "Feature", "geometry": {"type": "Point", "coordinates": [121.2313, 24.90953]}, "properties": {"id": 1706, "type": "fixed_speed", "city": "桃園市", "district": "平鎮區", "address": "金陵路五段96號", "direction": "往台66快速道路方向", "speed_limit": 50}}, {"type": "Feature", "geometry": {"type": "Point", "coordinates": [121.23328, 24.903872]}, "properties": {"id": 1707, "type": "fixed_speed", "city": "桃園市", "district": "桃園市平鎮區", "address": "快速路一段(台66線快速道路24k+160下方)", "direction": "往大溪方向", "speed_limit": 50}}, {"type": "Feature", "geometry": {"type": "Point", "coordinates": [121.01196, 24.955013]}, "properties": {"id": 1708, "type": "fixed_speed", "city": "桃園市", "district": "桃園市新屋區", "address": "台15線59K處", "direction": "往北方向", "speed_limit": 70}}, {"type": "Feature", "geometry": {"type": "Point", "coordinates": [121.01534, 24.96468]}, "properties": {"id": 1709, "type": "fixed_speed", "city": "桃園市", "district": "新屋區", "address": "文化路二段與深圳路口", "direction": "文化路上雙向", "speed_limit": 70}}, {"type": "Feature", "geometry": {"type": "Point", "coordinates": [121.02092, 24.987894]}, "properties": {"id": 1710, "type": "fixed_speed", "city": "桃園市", "district": "新屋區", "address": "西濱路永安段與中山西路三段路口", "direction": "西濱路上往新豐方向", "speed_limit": 50}}, {"type": "Feature", "geometry": {"type": "Point", "coordinates": [121.03625, 25.013884]}, "properties": {"id": 1711, "type": "fixed_speed", "city": "桃園市", "district": "新屋區", "address": "台61線南下平面50.8K處", "direction": "往南", "speed_limit": 50}}, {"type": "Feature", "geometry": {"type": "Point", "coordinates": [121.04484, 24.987537]}, "properties": {"id": 1712, "type": "fixed_speed", "city": "桃園市", "district": "桃園市新屋區", "address": "中山西路三段62號前", "direction": "往永安漁港方向", "speed_limit": 50}}, {"type": "Feature", "geometry": {"type": "Point", "coordinates": [121.12517, 24.972265]}, "properties": {"id": 1713, "type": "fixed_speed", "city": "桃園市", "district": "新屋區", "address": "中山東路一段458號前", "direction": "往中壢方向", "speed_limit": 50}}, {"type": "Feature", "geometry": {"type": "Point", "coordinates": [121.148994, 24.955482]}, "properties": {"id": 1714, "type": "fixed_speed", "city": "桃園市", "district": "新屋區", "address": "高鐵南路六段670號對面(高鐵南路六段與快速路六段)", "direction": "往北方向", "speed_limit": 50}}, {"type": "Feature", "geometry": {"type": "Point", "coordinates": [121.060905, 25.035498]}, "properties": {"id": 1715, "type": "fixed_speed", "city": "桃園市", "district": "觀音區", "address": "台61線41.5K至46.9K(高架)", "direction": "雙向(區間測速)", "speed_limit": 90}}, {"type": "Feature", "geometry": {"type": "Point", "coordinates": [121.07834, 25.044872]}, "properties": {"id": 1716, "type": "fixed_speed", "city": "桃園市", "district": "觀音區", "address": "台61線39.6K", "direction": "往南方向", "speed_limit": 90}}, {"type": "Feature", "geometry": {"type": "Point", "coordinates": [121.07962, 25.015636]}, "properties": {"id": 1717, "type": "fixed_speed", "city": "桃園市", "district": "觀音區", "address": "台66線3k至14.8k", "direction": "東向", "speed_limit": 80}}, {"type": "Feature", "geometry": {"type": "Point", "coordinates": [121.08704, 25.02534]}, "properties": {"id": 1718, "type": "fixed_speed", "city": "桃園市", "district": "桃園市觀音區", "address": "濱海路廣興段845號前", "direction": "台15線南北雙向", "speed_limit": 70}}, {"type": "Feature", "geometry": {"type": "Point", "coordinates": [121.08957, 25.027187]}, "properties": {"id": 1719, "type": "fixed_speed", "city": "桃園市", "district": "觀音區", "address": "濱海路(台15線)近坑尾一路口", "direction": "濱海路(台15線)雙向", "speed_limit": 70}}, {"type": "Feature", "geometry": {"type": "Point", "coordinates": [121.11509, 25.024027]}, "properties": {"id": 1720, "type": "fixed_speed", "city": "桃園市", "district": "觀音區", "address": "中山路一段1399號旁", "direction": "往觀音方向", "speed_limit": 60}}, {"type": "Feature", "geometry": {"type": "Point", "coordinates": [121.15602, 25.053802]}, "properties": {"id": 1721, "type": "fixed_speed", "city": "桃園市", "district": "觀音區", "address": "大觀路一段80號前", "direction": "雙向", "speed_limit": 50}}, {"type": "Feature", "geometry": {"type": "Point", "coordinates": [121.169106, 25.01923]}, "properties": {"id": 1722, "type": "fixed_speed", "city": "桃園市", "district": "觀音區", "address": "月桃路三段256號前", "direction": "雙向", "speed_limit": 50}}, {"type": "Feature", "geometry": {"type": "Point", "coordinates": [121.30795, 24.800322]}, "properties": {"id": 1723, "type": "fixed_speed", "city": "桃園市", "district": "復興區", "address": "桃118縣道49K處", "direction": "雙向", "speed_limit": 30}}, {"type": "Feature", "geometry": {"type": "Point", "coordinates": [121.32926, 24.79799]}, "properties": {"id": 1724, "type": "fixed_speed", "city": "桃園市", "district": "復興區", "address": "桃118縣道52.5K處", "direction": "羅馬公路上雙向", "speed_limit": 30}}, {"type": "Feature", "geometry": {"type": "Point", "coordinates": [121.35365, 24.813555]}, "properties": {"id": 1725, "type": "fixed_speed", "city": "桃園市", "district": "復興區", "address": "台七線17.9K處", "direction": "雙向", "speed_limit": 40}}, {"type": "Feature", "geometry": {"type": "Point", "coordinates": [121.36436, 24.79405]}, "properties": {"id": 1726, "type": "fixed_speed", "city": "桃園市", "district": "桃園市復興區", "address": "台七線羅浮82號前", "direction": "往大溪方向", "speed_limit": 40}}, {"type": "Feature", "geometry": {"type": "Point", "coordinates": [120.2315, 23.16412]}, "properties": {"id": 1727, "type": "fixed_speed", "city": "國道一號", "district": null, "address": "國道一號南向306.1公里", "direction": "往南", "speed_limit": 110}}, {"type": "Feature", "geometry": {"type": "Point", "coordinates": [120.23468, 23.137453]}, "properties": {"id": 1728, "type": "fixed_speed", "city": "國道一號", "district": null, "address": "國道一號北向309.1公里", "direction": "往北", "speed_limit": 110}}, {"type": "Feature", "geometry": {"type": "Point", "coordinates": [120.23653, 23.20419]}, "properties": {"id": 1729, "type": "fixed_speed", "city": "國道一號", "district": null, "address": "國道一號南向301.6公里", "direction": "往南", "speed_limit": 110}}, {"type": "Feature", "geometry": {"type": "Point", "coordinates": [120.23672, 23.20487]}, "properties": {"id": 1730, "type": "fixed_speed", "city": "國道一號", "district": null, "address": "國道一號北向301.5公里", "direction": "往北", "speed_limit": 110}}, {"type": "Feature", "geometry": {"type": "Point", "coordinates": [120.2493, 23.026245]}, "properties": {"id": 1731, "type": "fixed_speed", "city": "國道一號", "district": null, "address": "國道一號南向321.8公里", "direction": "往南", "speed_limit": 110}}, {"type": "Feature", "geometry": {"type": "Point", "coordinates": [120.249374, 23.011911]}, "properties": {"id": 1732, "type": "fixed_speed", "city": "國道一號", "district": null, "address": "國道一號北向323.4公里", "direction": "往北", "speed_limit": 110}}, {"type": "Feature", "geometry": {"type": "Point", "coordinates": [120.25174, 23.082615]}, "properties": {"id": 1733, "type": "fixed_speed", "city": "國道一號", "district": null, "address": "國道一號南向315.5公里", "direction": "往南", "speed_limit": 110}}, {"type": "Feature", "geometry": {"type": "Point", "coordinates": [120.26014, 22.918657]}, "properties": {"id": 1734, "type": "fixed_speed", "city": "國道一號", "district": null, "address": "國道一號北向334公里", "direction": "往北", "speed_limit": 110}}, {"type": "Feature", "geometry": {"type": "Point", "coordinates": [120.26733, 23.27464]}, "properties": {"id": 1735, "type": "fixed_speed", "city": "國道一號", "district": null, "address": "國道一號南向293.1公里", "direction": "往南", "speed_limit": 110}}, {"type": "Feature", "geometry": {"type": "Point", "coordinates": [120.27043, 22.896294]}, "properties": {"id": 1736, "type": "fixed_speed", "city": "國道一號", "district": null, "address": "國道一號北向336.7公里", "direction": "往北", "speed_limit": 110}}, {"type": "Feature", "geometry": {"type": "Point", "coordinates": [120.27128, 23.278519]}, "properties": {"id": 1737, "type": "fixed_speed", "city": "國道一號", "district": null, "address": "國道一號北向292.5公里", "direction": "往北", "speed_limit": 110}}, {"type": "Feature", "geometry": {"type": "Point", "coordinates": [120.28468, 22.867977]}, "properties": {"id": 1738, "type": "fixed_speed", "city": "國道一號", "district": null, "address": "國道一號南向340.2公里", "direction": "往南", "speed_limit": 110}}, {"type": "Feature", "geometry": {"type": "Point", "coordinates": [120.30684, 23.334305]}, "properties": {"id": 1739, "type": "fixed_speed", "city": "國道一號", "district": null, "address": "國道一號南向285.3公里", "direction": "往南", "speed_limit": 110}}, {"type": "Feature", "geometry": {"type": "Point", "coordinates": [120.328354, 22.585747]}, "properties": {"id": 1740, "type": "fixed_speed", "city": "國道一號", "district": null, "address": "國道一號南向373.5公里", "direction": "往南", "speed_limit": 60}}, {"type": "Feature", "geometry": {"type": "Point", "coordinates": [120.328735, 22.677532]}, "properties": {"id": 1741, "type": "fixed_speed", "city": "國道一號", "district": null, "address": "國道一號南向362.5公里", "direction": "往南", "speed_limit": 110}}, {"type": "Feature", "geometry": {"type": "Point", "coordinates": [120.32915, 22.586142]}, "properties": {"id": 1742, "type": "fixed_speed", "city": "國道一號", "district": null, "address": "國道一號北向373.4公里", "direction": "往北", "speed_limit": 60}}, {"type": "Feature", "geometry": {"type": "Point", "coordinates": [120.3321, 22.759113]}, "properties": {"id": 1743, "type": "fixed_speed", "city": "國道一號", "district": null, "address": "國道一號北向353.3公里", "direction": "往北", "speed_limit": 110}}, {"type": "Feature", "geometry": {"type": "Point", "coordinates": [120.33219, 22.7585]}, "properties": {"id": 1744, "type": "fixed_speed", "city": "國道一號", "district": null, "address": "國道一號南向353.4公里", "direction": "往南", "speed_limit": 110}}, {"type": "Feature", "geometry": {"type": "Point", "coordinates": [120.35525, 23.397736]}, "properties": {"id": 1745, "type": "fixed_speed", "city": "國道一號", "district": null, "address": "國道一號南向276.2公里", "direction": "往南", "speed_limit": 110}}, {"type": "Feature", "geometry": {"type": "Point", "coordinates": [120.35529, 23.38762]}, "properties": {"id": 1746, "type": "fixed_speed", "city": "國道一號", "district": null, "address": "國道一號北向277.3公里", "direction": "往北", "speed_limit": 110}}, {"type": "Feature", "geometry": {"type": "Point", "coordinates": [120.401024, 24.124218]}, "properties": {"id": 1747, "type": "fixed_speed", "city": "國道一號", "district": null, "address": "國道一號北向172.8公里", "direction": "往北", "speed_limit": 110}}, {"type": "Feature", "geometry": {"type": "Point", "coordinates": [120.40404, 23.51677]}, "properties": {"id": 1748, "type": "fixed_speed", "city": "國道一號", "district": null, "address": "國道一號北向261.7公里", "direction": "往北", "speed_limit": 110}}, {"type": "Feature", "geometry": {"type": "Point", "coordinates": [120.405815, 23.527653]}, "properties": {"id": 1749, "type": "fixed_speed", "city": "國道一號", "district": null, "address": "國道一號南向260.5公里", "direction": "往南", "speed_limit": 110}}, {"type": "Feature", "geometry": {"type": "Point", "coordinates": [120.42849, 23.581106]}, "properties": {"id": 1750, "type": "fixed_speed", "city": "國道一號", "district": null, "address": "國道一號北向254.1公里", "direction": "往北", "speed_limit": 110}}, {"type": "Feature", "geometry": {"type": "Point", "coordinates": [120.43435, 23.597475]}, "properties": {"id": 1751, "type": "fixed_speed", "city": "國道一號", "district": null, "address": "國道一號南向252.2公里", "direction": "往南", "speed_limit": 110}}, {"type": "Feature", "geometry": {"type": "Point", "coordinates": [120.44377, 23.641596]}, "properties": {"id": 1752, "type": "fixed_speed", "city": "國道一號", "district": null, "address": "國道一號南向247.2公里", "direction": "往南", "speed_limit": 110}}, {"type": "Feature", "geometry": {"type": "Point", "coordinates": [120.444305, 23.643087]}, "properties": {"id": 1753, "type": "fixed_speed", "city": "國道一號", "district": null, "address": "國道一號北向246.8公里", "direction": "往北", "speed_limit": 110}}, {"type": "Feature", "geometry": {"type": "Point", "coordinates": [120.4677, 23.75602]}, "properties": {"id": 1754, "type": "fixed_speed", "city": "國道一號", "district": null, "address": "國道一號北向233.4公里", "direction": "往北", "speed_limit": 110}}, {"type": "Feature", "geometry": {"type": "Point", "coordinates": [120.47608, 23.712355]}, "properties": {"id": 1755, "type": "fixed_speed", "city": "國道一號", "district": null, "address": "國道一號南向238.6公里", "direction": "往南", "speed_limit": 110}}, {"type": "Feature", "geometry": {"type": "Point", "coordinates": [120.48407, 23.842691]}, "properties": {"id": 1756, "type": "fixed_speed", "city": "國道一號", "district": null, "address": "國道一號南向223.5公里", "direction": "往南", "speed_limit": 110}}, {"type": "Feature", "geometry": {"type": "Point", "coordinates": [120.485054, 23.830542]}, "properties": {"id": 1757, "type": "fixed_speed", "city": "國道一號", "district": null, "address": "國道一號北向224.9公里", "direction": "往北", "speed_limit": 110}}, {"type": "Feature", "geometry": {"type": "Point", "coordinates": [120.52377, 24.053078]}, "properties": {"id": 1758, "type": "fixed_speed", "city": "國道一號", "district": null, "address": "國道一號南向200.1公里", "direction": "往南", "speed_limit": 110}}, {"type": "Feature", "geometry": {"type": "Point", "coordinates": [120.5921, 24.116049]}, "properties": {"id": 1759, "type": "fixed_speed", "city": "國道一號", "district": null, "address": "國道一號北向188公里", "direction": "往北", "speed_limit": 110}}, {"type": "Feature", "geometry": {"type": "Point", "coordinates": [120.59749, 24.113134]}, "properties": {"id": 1760, "type": "fixed_speed", "city": "國道一號", "district": null, "address": "國道一號南向187.5公里", "direction": "往南", "speed_limit": 110}}, {"type": "Feature", "geometry": {"type": "Point", "coordinates": [120.673164, 24.214231]}, "properties": {"id": 1761, "type": "fixed_speed", "city": "國道一號", "district": null, "address": "國道一號南向172.4公里", "direction": "往南", "speed_limit": 110}}, {"type": "Feature", "geometry": {"type": "Point", "coordinates": [120.68516, 24.228313]}, "properties": {"id": 1762, "type": "fixed_speed", "city": "國道一號", "district": null, "address": "國道一號南向170.3公里", "direction": "往南", "speed_limit": 110}}, {"type": "Feature", "geometry": {"type": "Point", "coordinates": [120.693085, 24.273296]}, "properties": {"id": 1763, "type": "fixed_speed", "city": "國道一號", "district": null, "address": "國道一號南向165.3公里", "direction": "往南", "speed_limit": 110}}, {"type": "Feature", "geometry": {"type": "Point", "coordinates": [120.72009, 24.33757]}, "properties": {"id": 1764, "type": "fixed_speed", "city": "國道一號", "district": null, "address": "國道一號北向157.4公里", "direction": "往北", "speed_limit": 110}}, {"type": "Feature", "geometry": {"type": "Point", "coordinates": [120.74645, 24.37083]}, "properties": {"id": 1765, "type": "fixed_speed", "city": "國道一號", "district": null, "address": "國道一號南向152.9公里", "direction": "往南", "speed_limit": 100}}, {"type": "Feature", "geometry": {"type": "Point", "coordinates": [120.78804, 24.462055]}, "properties": {"id": 1766, "type": "fixed_speed", "city": "國道一號", "district": null, "address": "國道一號北向141.7公里", "direction": "往北", "speed_limit": 100}}, {"type": "Feature", "geometry": {"type": "Point", "coordinates": [120.80868, 24.511133]}, "properties": {"id": 1767, "type": "fixed_speed", "city": "國道一號", "district": null, "address": "國道一號北向134.7公里", "direction": "往北", "speed_limit": 100}}, {"type": "Feature", "geometry": {"type": "Point", "coordinates": [120.839355, 24.551512]}, "properties": {"id": 1768, "type": "fixed_speed", "city": "國道一號", "district": null, "address": "國道一號南向129.15公里", "direction": "往南", "speed_limit": 100}}, {"type": "Feature", "geometry": {"type": "Point", "coordinates": [120.84625, 24.564814]}, "properties": {"id": 1769, "type": "fixed_speed", "city": "國道一號", "district": null, "address": "國道一號北向127.5公里", "direction": "往北", "speed_limit": 100}}, {"type": "Feature", "geometry": {"type": "Point", "coordinates": [120.85275, 24.570803]}, "properties": {"id": 1770, "type": "fixed_speed", "city": "國道一號", "district": null, "address": "國道一號南向126.5公里", "direction": "往南", "speed_limit": 100}}, {"type": "Feature", "geometry": {"type": "Point", "coordinates": [120.86044, 24.592031]}, "properties": {"id": 1771, "type": "fixed_speed", "city": "國道一號", "district": null, "address": "國道一號南向124公里", "direction": "往南", "speed_limit": 100}}, {"type": "Feature", "geometry": {"type": "Point", "coordinates": [120.9376, 24.725124]}, "properties": {"id": 1772, "type": "fixed_speed", "city": "國道一號", "district": null, "address": "國道一號南向106公里", "direction": "往南", "speed_limit": 100}}, {"type": "Feature", "geometry": {"type": "Point", "coordinates": [120.94732, 24.726902]}, "properties": {"id": 1773, "type": "fixed_speed", "city": "國道一號", "district": null, "address": "國道一號北向105.5公里", "direction": "往北", "speed_limit": 100}}, {"type": "Feature", "geometry": {"type": "Point", "coordinates": [120.96852, 24.736074]}, "properties": {"id": 1774, "type": "fixed_speed", "city": "國道一號", "district": null, "address": "國道一號南向102.5公里", "direction": "往南", "speed_limit": 100}}, {"type": "Feature", "geometry": {"type": "Point", "coordinates": [121.01066, 24.859917]}, "properties": {"id": 1775, "type": "fixed_speed", "city": "國道一號", "district": null, "address": "國道一號南向86.5公里", "direction": "往南", "speed_limit": 100}}, {"type": "Feature", "geometry": {"type": "Point", "coordinates": [121.04609, 24.876558]}, "properties": {"id": 1776, "type": "fixed_speed", "city": "國道一號", "district": null, "address": "國道一號北向82.1公里", "direction": "往北", "speed_limit": 100}}, {"type": "Feature", "geometry": {"type": "Point", "coordinates": [121.048615, 24.876383]}, "properties": {"id": 1777, "type": "fixed_speed", "city": "國道一號", "district": null, "address": "國道一號南向81.8公里", "direction": "往南", "speed_limit": 100}}, {"type": "Feature", "geometry": {"type": "Point", "coordinates": [121.055756, 24.875992]}, "properties": {"id": 1778, "type": "fixed_speed", "city": "國道一號", "district": null, "address": "國道一號北向81.1公里", "direction": "往北", "speed_limit": 100}}, {"type": "Feature", "geometry": {"type": "Point", "coordinates": [121.08215, 24.88472]}, "properties": {"id": 1779, "type": "fixed_speed", "city": "國道一號", "district": null, "address": "國道一號南向78.2公里", "direction": "往南", "speed_limit": 100}}, {"type": "Feature", "geometry": {"type": "Point", "coordinates": [121.10031, 24.55043]}, "properties": {"id": 1780, "type": "fixed_speed", "city": "國道一號", "district": null, "address": "國道一號南向68公里", "direction": "往南", "speed_limit": 100}}, {"type": "Feature", "geometry": {"type": "Point", "coordinates": [121.10067, 24.55137]}, "properties": {"id": 1781, "type": "fixed_speed", "city": "國道一號", "district": null, "address": "國道一號北向66.6公里", "direction": "往北", "speed_limit": 100}}, {"type": "Feature", "geometry": {"type": "Point", "coordinates": [121.16468, 25.01288]}, "properties": {"id": 1782, "type": "fixed_speed", "city": "國道一號", "district": null, "address": "國道一號南向51.195公里", "direction": "往南", "speed_limit": 100}}, {"type": "Feature", "geometry": {"type": "Point", "coordinates": [121.19353, 24.941029]}, "properties": {"id": 1783, "type": "fixed_speed", "city": "國道一號", "district": null, "address": "國道一號五楊高架北向64.3公里", "direction": "往北", "speed_limit": 100}}, {"type": "Feature", "geometry": {"type": "Point", "coordinates": [121.19477, 24.945833]}, "properties": {"id": 1784, "type": "fixed_speed", "city": "國道一號", "district": null, "address": "國道一號北向63.7公里", "direction": "往北", "speed_limit": 100}}, {"type": "Feature", "geometry": {"type": "Point", "coordinates": [121.21667, 24.970358]}, "properties": {"id": 1785, "type": "fixed_speed", "city": "國道一號", "district": null, "address": "國道一號南向60.1公里", "direction": "往南", "speed_limit": 100}}, {"type": "Feature", "geometry": {"type": "Point", "coordinates": [121.24545, 25.03426]}, "properties": {"id": 1786, "type": "fixed_speed", "city": "國道一號", "district": null, "address": "國道一號南向35.56公里", "direction": "往南", "speed_limit": 100}}, {"type": "Feature", "geometry": {"type": "Point", "coordinates": [121.30055, 25.04396]}, "properties": {"id": 1787, "type": "fixed_speed", "city": "國道一號", "district": null, "address": "國道一號南向26.8公里", "direction": "往南", "speed_limit": 100}}, {"type": "Feature", "geometry": {"type": "Point", "coordinates": [121.332634, 25.060703]}, "properties": {"id": 1788, "type": "fixed_speed", "city": "國道一號", "district": null, "address": "國道一號五楊高架南向44.6公里", "direction": "往南", "speed_limit": 100}}, {"type": "Feature", "geometry": {"type": "Point", "coordinates": [121.38388, 25.065002]}, "properties": {"id": 1789, "type": "fixed_speed", "city": "國道一號", "district": null, "address": "國道一號五楊高架北向38.8公里", "direction": "往北", "speed_limit": 100}}, {"type": "Feature", "geometry": {"type": "Point", "coordinates": [121.402565, 25.055336]}, "properties": {"id": 1790, "type": "fixed_speed", "city": "國道一號", "district": null, "address": "國道一號北向37公里", "direction": "往北", "speed_limit": 100}}, {"type": "Feature", "geometry": {"type": "Point", "coordinates": [121.42388, 25.066257]}, "properties": {"id": 1791, "type": "fixed_speed", "city": "國道一號", "district": null, "address": "國道一號北向34.4公里", "direction": "往北", "speed_limit": 50}}, {"type": "Feature", "geometry": {"type": "Point", "coordinates": [121.42437, 25.067223]}, "properties": {"id": 1792, "type": "fixed_speed", "city": "國道一號", "district": null, "address": "國道一號南向34.4公里", "direction": "往南", "speed_limit": 50}}, {"type": "Feature", "geometry": {"type": "Point", "coordinates": [121.466354, 25.075937]}, "properties": {"id": 1793, "type": "fixed_speed", "city": "國道一號", "district": null, "address": "國道一號南向30公里", "direction": "往南", "speed_limit": 100}}, {"type": "Feature", "geometry": {"type": "Point", "coordinates": [121.47129, 25.075502]}, "properties": {"id": 1794, "type": "fixed_speed", "city": "國道一號", "district": null, "address": "國道一號汐五高架南向29.5公里", "direction": "往南", "speed_limit": 100}}, {"type": "Feature", "geometry": {"type": "Point", "coordinates": [121.53301, 25.042383]}, "properties": {"id": 1795, "type": "fixed_speed", "city": "國道一號", "district": null, "address": "國道一號南向279公里", "direction": "往南", "speed_limit": 110}}, {"type": "Feature", "geometry": {"type": "Point", "coordinates": [121.536865, 25.07305]}, "properties": {"id": 1796, "type": "fixed_speed", "city": "國道一號", "district": null, "address": "國道一號南向22.7公里", "direction": "往南", "speed_limit": 100}}, {"type": "Feature", "geometry": {"type": "Point", "coordinates": [121.60144, 25.064278]}, "properties": {"id": 1797, "type": "fixed_speed", "city": "國道一號", "district": null, "address": "國道一號汐五高架南向16.1公里", "direction": "往南", "speed_limit": 100}}, {"type": "Feature", "geometry": {"type": "Point", "coordinates": [121.60169, 25.063948]}, "properties": {"id": 1798, "type": "fixed_speed", "city": "國道一號", "district": null, "address": "國道一號汐五高架北向16公里", "direction": "往北", "speed_limit": 100}}, {"type": "Feature", "geometry": {"type": "Point", "coordinates": [121.61644, 25.065916]}, "properties": {"id": 1799, "type": "fixed_speed", "city": "國道一號", "district": null, "address": "國道一號北向14.5公里", "direction": "往北", "speed_limit": 100}}, {"type": "Feature", "geometry": {"type": "Point", "coordinates": [121.62495, 25.066725]}, "properties": {"id": 1800, "type": "fixed_speed", "city": "國道一號", "district": null, "address": "國道一號南向13.7公里", "direction": "往南", "speed_limit": 100}}, {"type": "Feature", "geometry": {"type": "Point", "coordinates": [121.68071, 25.085808]}, "properties": {"id": 1801, "type": "fixed_speed", "city": "國道一號", "district": null, "address": "國道一號北向7.5公里", "direction": "往北", "speed_limit": 100}}, {"type": "Feature", "geometry": {"type": "Point", "coordinates": [121.72474, 25.106857]}, "properties": {"id": 1802, "type": "fixed_speed", "city": "國道一號", "district": null, "address": "國道一號南向2公里", "direction": "往南", "speed_limit": 100}}, {"type": "Feature", "geometry": {"type": "Point", "coordinates": [121.72534, 25.107763]}, "properties": {"id": 1803, "type": "fixed_speed", "city": "國道一號", "district": null, "address": "國道一號北向1.9公里", "direction": "往北", "speed_limit": 100}}, {"type": "Feature", "geometry": {"type": "Point", "coordinates": [121.21719, 25.049833]}, "properties": {"id": 1804, "type": "fixed_speed", "city": "國道二號", "district": null, "address": "國道二號西向2公里", "direction": "往西", "speed_limit": 100}}, {"type": "Feature", "geometry": {"type": "Point", "coordinates": [121.21863, 25.046331]}, "properties": {"id": 1805, "type": "fixed_speed", "city": "國道二號", "district": null, "address": "國道二號東向2.4公里", "direction": "往東", "speed_limit": 100}}, {"type": "Feature", "geometry": {"type": "Point", "coordinates": [121.2518, 25.028276]}, "properties": {"id": 1806, "type": "fixed_speed", "city": "國道二號", "district": null, "address": "國道二號西向6.4公里", "direction": "往西", "speed_limit": 100}}, {"type": "Feature", "geometry": {"type": "Point", "coordinates": [121.282974, 24.99567]}, "properties": {"id": 1807, "type": "fixed_speed", "city": "國道二號", "district": null, "address": "國道二號東向11.8公里", "direction": "往東", "speed_limit": 100}}, {"type": "Feature", "geometry": {"type": "Point", "coordinates": [121.32486, 24.959269]}, "properties": {"id": 1808, "type": "fixed_speed", "city": "國道二號", "district": null, "address": "國道二號東向18.5公里", "direction": "往東", "speed_limit": 100}}, {"type": "Feature", "geometry": {"type": "Point", "coordinates": [120.30184, 23.33292]}, "properties": {"id": 1809, "type": "fixed_speed", "city": "國道三號", "district": null, "address": "國道三號北向284.07公里", "direction": "往北", "speed_limit": 110}}, {"type": "Feature", "geometry": {"type": "Point", "coordinates": [120.3275, 23.107119]}, "properties": {"id": 1810, "type": "fixed_speed", "city": "國道三號", "district": null, "address": "國道三號南向342.1公里", "direction": "往南", "speed_limit": 110}}, {"type": "Feature", "geometry": {"type": "Point", "coordinates": [120.329216, 23.083382]}, "properties": {"id": 1811, "type": "fixed_speed", "city": "國道三號", "district": null, "address": "國道三號北向344.7公里", "direction": "往北", "speed_limit": 110}}, {"type": "Feature", "geometry": {"type": "Point", "coordinates": [120.33847, 22.97058]}, "properties": {"id": 1812, "type": "fixed_speed", "city": "國道三號", "district": null, "address": "國道三號南向358.6公里", "direction": "往南", "speed_limit": 110}}, {"type": "Feature", "geometry": {"type": "Point", "coordinates": [120.35549, 23.201338]}, "properties": {"id": 1813, "type": "fixed_speed", "city": "國道三號", "district": null, "address": "國道三號北向331公里", "direction": "往北", "speed_limit": 110}}, {"type": "Feature", "geometry": {"type": "Point", "coordinates": [120.36923, 22.862396]}, "properties": {"id": 1814, "type": "fixed_speed", "city": "國道三號", "district": null, "address": "國道三號南向372.3公里", "direction": "往南", "speed_limit": 110}}, {"type": "Feature", "geometry": {"type": "Point", "coordinates": [120.38294, 22.84931]}, "properties": {"id": 1815, "type": "fixed_speed", "city": "國道三號", "district": null, "address": "國道三號北向374.3公里", "direction": "往北", "speed_limit": 110}}, {"type": "Feature", "geometry": {"type": "Point", "coordinates": [120.39066, 23.59276]}, "properties": {"id": 1816, "type": "fixed_speed", "city": "國道三號", "district": null, "address": "國道三號南向218.9公里", "direction": "往南", "speed_limit": 110}}, {"type": "Feature", "geometry": {"type": "Point", "coordinates": [120.407295, 23.298801]}, "properties": {"id": 1817, "type": "fixed_speed", "city": "國道三號", "district": null, "address": "國道三號北向318.7公里", "direction": "往北", "speed_limit": 110}}, {"type": "Feature", "geometry": {"type": "Point", "coordinates": [120.41966, 22.820845]}, "properties": {"id": 1818, "type": "fixed_speed", "city": "國道三號", "district": null, "address": "國道三號南向378.85公里", "direction": "往南", "speed_limit": 110}}, {"type": "Feature", "geometry": {"type": "Point", "coordinates": [120.43159, 23.330832]}, "properties": {"id": 1819, "type": "fixed_speed", "city": "國道三號", "district": null, "address": "國道三號南向313.7公里", "direction": "往南", "speed_limit": 110}}, {"type": "Feature", "geometry": {"type": "Point", "coordinates": [120.44159, 22.769218]}, "properties": {"id": 1820, "type": "fixed_speed", "city": "國道三號", "district": null, "address": "國道三號南向386公里", "direction": "往南", "speed_limit": 110}}, {"type": "Feature", "geometry": {"type": "Point", "coordinates": [120.47148, 22.758017]}, "properties": {"id": 1821, "type": "fixed_speed", "city": "國道三號", "district": null, "address": "國道三號北向389.3公里", "direction": "往北", "speed_limit": 110}}, {"type": "Feature", "geometry": {"type": "Point", "coordinates": [120.50546, 23.570353]}, "properties": {"id": 1822, "type": "fixed_speed", "city": "國道三號", "district": null, "address": "國道三號南向282.7公里", "direction": "往南", "speed_limit": 110}}, {"type": "Feature", "geometry": {"type": "Point", "coordinates": [120.52481, 22.508148]}, "properties": {"id": 1823, "type": "fixed_speed", "city": "國道三號", "district": null, "address": "國道三號南向423.1公里", "direction": "往南", "speed_limit": 110}}, {"type": "Feature", "geometry": {"type": "Point", "coordinates": [120.524925, 22.507158]}, "properties": {"id": 1824, "type": "fixed_speed", "city": "國道三號", "district": null, "address": "國道三號北向423.2公里", "direction": "往北", "speed_limit": 110}}, {"type": "Feature", "geometry": {"type": "Point", "coordinates": [120.54876, 24.17851]}, "properties": {"id": 1825, "type": "fixed_speed", "city": "國道三號", "district": null, "address": "國道三號北向186.1公里", "direction": "往北", "speed_limit": 110}}, {"type": "Feature", "geometry": {"type": "Point", "coordinates": [120.55382, 24.10567]}, "properties": {"id": 1826, "type": "fixed_speed", "city": "國道三號", "district": null, "address": "國道三號彰化系統交流道南北向出口交會處（匝道 5K+514）", "direction": "往南北", "speed_limit": 60}}, {"type": "Feature", "geometry": {"type": "Point", "coordinates": [120.56188, 24.190897]}, "properties": {"id": 1827, "type": "fixed_speed", "city": "國道三號", "district": null, "address": "國道三號南向184.1公里", "direction": "往南", "speed_limit": 110}}, {"type": "Feature", "geometry": {"type": "Point", "coordinates": [120.59093, 24.229563]}, "properties": {"id": 1828, "type": "fixed_speed", "city": "國道三號", "district": null, "address": "國道三號南向178.6公里", "direction": "往南", "speed_limit": 110}}, {"type": "Feature", "geometry": {"type": "Point", "coordinates": [120.59371, 24.236176]}, "properties": {"id": 1829, "type": "fixed_speed", "city": "國道三號", "district": null, "address": "國道三號北向177.8公里", "direction": "往北", "speed_limit": 110}}, {"type": "Feature", "geometry": {"type": "Point", "coordinates": [120.5988, 23.692923]}, "properties": {"id": 1830, "type": "fixed_speed", "city": "國道三號", "district": null, "address": "國道三號北向265.1公里", "direction": "往北", "speed_limit": 110}}, {"type": "Feature", "geometry": {"type": "Point", "coordinates": [120.60209, 24.293697]}, "properties": {"id": 1831, "type": "fixed_speed", "city": "國道三號", "district": null, "address": "國道三號北向171公里", "direction": "往北", "speed_limit": 110}}, {"type": "Feature", "geometry": {"type": "Point", "coordinates": [120.603455, 23.718771]}, "properties": {"id": 1832, "type": "fixed_speed", "city": "國道三號", "district": null, "address": "國道三號南向262.1公里", "direction": "往南", "speed_limit": 110}}, {"type": "Feature", "geometry": {"type": "Point", "coordinates": [120.62855, 24.330593]}, "properties": {"id": 1833, "type": "fixed_speed", "city": "國道三號", "district": null, "address": "國道三號南向166公里", "direction": "往南", "speed_limit": 110}}, {"type": "Feature", "geometry": {"type": "Point", "coordinates": [120.628716, 23.774883]}, "properties": {"id": 1834, "type": "fixed_speed", "city": "國道三號", "district": null, "address": "國道三號南向253.2公里", "direction": "往南", "speed_limit": 110}}, {"type": "Feature", "geometry": {"type": "Point", "coordinates": [120.63864, 24.071049]}, "properties": {"id": 1835, "type": "fixed_speed", "city": "國道三號", "district": null, "address": "國道三號北向206.6公里", "direction": "往北", "speed_limit": 110}}, {"type": "Feature", "geometry": {"type": "Point", "coordinates": [120.65042, 23.999996]}, "properties": {"id": 1836, "type": "fixed_speed", "city": "國道三號", "district": null, "address": "國道三號北向218公里", "direction": "往北", "speed_limit": 110}}, {"type": "Feature", "geometry": {"type": "Point", "coordinates": [120.658714, 24.350279]}, "properties": {"id": 1837, "type": "fixed_speed", "city": "國道三號", "district": null, "address": "國道三號南向162.1公里", "direction": "往南", "speed_limit": 110}}, {"type": "Feature", "geometry": {"type": "Point", "coordinates": [120.65884, 24.350206]}, "properties": {"id": 1838, "type": "fixed_speed", "city": "國道三號", "district": null, "address": "國道三號北向162.1公里", "direction": "往北", "speed_limit": 110}}, {"type": "Feature", "geometry": {"type": "Point", "coordinates": [120.67839, 24.453047]}, "properties": {"id": 1839, "type": "fixed_speed", "city": "國道三號", "district": null, "address": "國道三號南向150.2公里", "direction": "往南", "speed_limit": 110}}, {"type": "Feature", "geometry": {"type": "Point", "coordinates": [120.68793, 23.777445]}, "properties": {"id": 1840, "type": "fixed_speed", "city": "國道三號", "district": null, "address": "國道三號北向247.1公里", "direction": "往北", "speed_limit": 110}}, {"type": "Feature", "geometry": {"type": "Point", "coordinates": [120.705086, 23.869972]}, "properties": {"id": 1841, "type": "fixed_speed", "city": "國道三號", "district": null, "address": "國道三號北向235.2公里", "direction": "往北", "speed_limit": 110}}, {"type": "Feature", "geometry": {"type": "Point", "coordinates": [120.71315, 24.507294]}, "properties": {"id": 1842, "type": "fixed_speed", "city": "國道三號", "district": null, "address": "國道三號南向142.9公里", "direction": "往南", "speed_limit": 110}}, {"type": "Feature", "geometry": {"type": "Point", "coordinates": [120.779076, 24.591295]}, "properties": {"id": 1843, "type": "fixed_speed", "city": "國道三號", "district": null, "address": "國道三號北向131.2公里", "direction": "往北", "speed_limit": 110}}, {"type": "Feature", "geometry": {"type": "Point", "coordinates": [120.83118, 24.648779]}, "properties": {"id": 1844, "type": "fixed_speed", "city": "國道三號", "district": null, "address": "國道三號北向122.5公里匝道", "direction": "往北", "speed_limit": 40}}, {"type": "Feature", "geometry": {"type": "Point", "coordinates": [120.85332, 24.691969]}, "properties": {"id": 1845, "type": "fixed_speed", "city": "國道三號", "district": null, "address": "國道三號南向117.1公里", "direction": "往南", "speed_limit": 110}}, {"type": "Feature", "geometry": {"type": "Point", "coordinates": [120.85748, 24.695911]}, "properties": {"id": 1846, "type": "fixed_speed", "city": "國道三號", "district": null, "address": "國道三號北向116.5公里", "direction": "往北", "speed_limit": 110}}, {"type": "Feature", "geometry": {"type": "Point", "coordinates": [120.89375, 24.714918]}, "properties": {"id": 1847, "type": "fixed_speed", "city": "國道三號", "district": null, "address": "國道三號南向112.2公里", "direction": "往南", "speed_limit": 110}}, {"type": "Feature", "geometry": {"type": "Point", "coordinates": [120.92539, 24.746012]}, "properties": {"id": 1848, "type": "fixed_speed", "city": "國道三號", "district": null, "address": "國道三號南向107.4公里", "direction": "往南", "speed_limit": 110}}, {"type": "Feature", "geometry": {"type": "Point", "coordinates": [121.081474, 24.76711]}, "properties": {"id": 1849, "type": "fixed_speed", "city": "國道三號", "district": null, "address": "國道三號南向90.2公里", "direction": "往南", "speed_limit": 110}}, {"type": "Feature", "geometry": {"type": "Point", "coordinates": [121.126015, 24.791256]}, "properties": {"id": 1850, "type": "fixed_speed", "city": "國道三號", "district": null, "address": "國道三號北向84.6公里", "direction": "往北", "speed_limit": 110}}, {"type": "Feature", "geometry": {"type": "Point", "coordinates": [121.149864, 24.807201]}, "properties": {"id": 1851, "type": "fixed_speed", "city": "國道三號", "district": null, "address": "國道三號南向81.5公里", "direction": "往南", "speed_limit": 110}}, {"type": "Feature", "geometry": {"type": "Point", "coordinates": [121.21052, 24.857557]}, "properties": {"id": 1852, "type": "fixed_speed", "city": "國道三號", "district": null, "address": "國道三號北向69.5公里", "direction": "往北", "speed_limit": 110}}, {"type": "Feature", "geometry": {"type": "Point", "coordinates": [121.25546, 24.881098]}, "properties": {"id": 1853, "type": "fixed_speed", "city": "國道三號", "district": null, "address": "國道三號南向64.2公里", "direction": "往南", "speed_limit": 110}}, {"type": "Feature", "geometry": {"type": "Point", "coordinates": [121.304276, 24.924303]}, "properties": {"id": 1854, "type": "fixed_speed", "city": "國道三號", "district": null, "address": "國道三號北向57公里", "direction": "往北", "speed_limit": 110}}, {"type": "Feature", "geometry": {"type": "Point", "coordinates": [121.45628, 24.975258]}, "properties": {"id": 1855, "type": "fixed_speed", "city": "國道三號", "district": null, "address": "國道三號南向39.3公里", "direction": "往南", "speed_limit": 100}}, {"type": "Feature", "geometry": {"type": "Point", "coordinates": [121.465515, 24.977514]}, "properties": {"id": 1856, "type": "fixed_speed", "city": "國道三號", "district": null, "address": "國道三號北向38.3公里", "direction": "往北", "speed_limit": 100}}, {"type": "Feature", "geometry": {"type": "Point", "coordinates": [121.539185, 24.958471]}, "properties": {"id": 1857, "type": "fixed_speed", "city": "國道三號", "district": null, "address": "國道三號北向29.1公里", "direction": "往北", "speed_limit": 90}}, {"type": "Feature", "geometry": {"type": "Point", "coordinates": [121.574295, 24.976427]}, "properties": {"id": 1858, "type": "fixed_speed", "city": "國道三號", "district": null, "address": "國道三號南向24.6公里", "direction": "往南", "speed_limit": 90}}, {"type": "Feature", "geometry": {"type": "Point", "coordinates": [121.62579, 25.046879]}, "properties": {"id": 1859, "type": "fixed_speed", "city": "國道三號", "district": null, "address": "國道三號北向14.5公里", "direction": "往北", "speed_limit": 90}}, {"type": "Feature", "geometry": {"type": "Point", "coordinates": [121.68526, 25.110235]}, "properties": {"id": 1860, "type": "fixed_speed", "city": "國道三號", "district": null, "address": "國道三號南向4.7公里", "direction": "往南", "speed_limit": 90}}, {"type": "Feature", "geometry": {"type": "Point", "coordinates": [120.63327, 24.302769]}, "properties": {"id": 1861, "type": "fixed_speed", "city": "國道四號", "district": null, "address": "國道四號西向4.4公里", "direction": "往西", "speed_limit": 100}}, {"type": "Feature", "geometry": {"type": "Point", "coordinates": [120.725266, 24.220844]}, "properties": {"id": 1862, "type": "fixed_speed", "city": "國道四號", "district": null, "address": "國道四號東向24.778公里", "direction": "往東", "speed_limit": 100}}, {"type": "Feature", "geometry": {"type": "Point", "coordinates": [120.73259, 24.230286]}, "properties": {"id": 1863, "type": "fixed_speed", "city": "國道四號", "district": null, "address": "國道四號西向23.3公里", "direction": "往西", "speed_limit": 100}}, {"type": "Feature", "geometry": {"type": "Point", "coordinates": [121.65255, 24.994558]}, "properties": {"id": 1864, "type": "fixed_speed", "city": "國道五號", "district": null, "address": "國道五號北向5.7公里", "direction": "往北", "speed_limit": 80}}, {"type": "Feature", "geometry": {"type": "Point", "coordinates": [121.70153, 24.949272]}, "properties": {"id": 1865, "type": "fixed_speed", "city": "國道五號", "district": null, "address": "國道五號南向13.3公里", "direction": "往南", "speed_limit": 80}}, {"type": "Feature", "geometry": {"type": "Point", "coordinates": [121.72434, 24.925926]}, "properties": {"id": 1866, "type": "fixed_speed", "city": "國道五號", "district": null, "address": "國道五號南向16.9公里(雪山隧道科技執法)", "direction": "往南", "speed_limit": 90}}, {"type": "Feature", "geometry": {"type": "Point", "coordinates": [121.72481, 24.92628]}, "properties": {"id": 1867, "type": "fixed_speed", "city": "國道五號", "district": null, "address": "國道五號北向16.9公里(雪山隧道科技執法)", "direction": "往北", "speed_limit": 90}}, {"type": "Feature", "geometry": {"type": "Point", "coordinates": [121.73286, 24.916126]}, "properties": {"id": 1868, "type": "fixed_speed", "city": "國道五號", "district": null, "address": "國道五號南向18.3公里(雪山隧道科技執法)", "direction": "往南", "speed_limit": 90}}, {"type": "Feature", "geometry": {"type": "Point", "coordinates": [121.733315, 24.91648]}, "properties": {"id": 1869, "type": "fixed_speed", "city": "國道五號", "district": null, "address": "國道五號北向18.3公里(雪山隧道科技執法)", "direction": "往北", "speed_limit": 90}}, {"type": "Feature", "geometry": {"type": "Point", "coordinates": [121.74336, 24.907925]}, "properties": {"id": 1870, "type": "fixed_speed", "city": "國道五號", "district": null, "address": "國道五號南向19.7公里(雪山隧道科技執法)", "direction": "往南", "speed_limit": 90}}, {"type": "Feature", "geometry": {"type": "Point", "coordinates": [121.74382, 24.908276]}, "properties": {"id": 1871, "type": "fixed_speed", "city": "國道五號", "district": null, "address": "國道五號北向19.7公里(雪山隧道科技執法)", "direction": "往北", "speed_limit": 90}}, {"type": "Feature", "geometry": {"type": "Point", "coordinates": [121.75373, 24.899525]}, "properties": {"id": 1872, "type": "fixed_speed", "city": "國道五號", "district": null, "address": "國道五號南向21.1公里(雪山隧道科技執法)", "direction": "往南", "speed_limit": 90}}, {"type": "Feature", "geometry": {"type": "Point", "coordinates": [121.75418, 24.89985]}, "properties": {"id": 1873, "type": "fixed_speed", "city": "國道五號", "district": null, "address": "國道五號北向21.1公里(雪山隧道科技執法)", "direction": "往北", "speed_limit": 90}}, {"type": "Feature", "geometry": {"type": "Point", "coordinates": [121.761765, 24.88923]}, "properties": {"id": 1874, "type": "fixed_speed", "city": "國道五號", "district": null, "address": "國道五號南向22.5公里(雪山隧道科技執法)", "direction": "往南", "speed_limit": 90}}, {"type": "Feature", "geometry": {"type": "Point", "coordinates": [121.762215, 24.889566]}, "properties": {"id": 1875, "type": "fixed_speed", "city": "國道五號", "district": null, "address": "國道五號北向22.5公里(雪山隧道科技執法)", "direction": "往北", "speed_limit": 90}}, {"type": "Feature", "geometry": {"type": "Point", "coordinates": [121.76942, 24.87876]}, "properties": {"id": 1876, "type": "fixed_speed", "city": "國道五號", "district": null, "address": "國道五號南向23.9公里(雪山隧道科技執法)", "direction": "往南", "speed_limit": 90}}, {"type": "Feature", "geometry": {"type": "Point", "coordinates": [121.769875, 24.879107]}, "properties": {"id": 1877, "type": "fixed_speed", "city": "國道五號", "district": null, "address": "國道五號北向23.9公里(雪山隧道科技執法)", "direction": "往北", "speed_limit": 90}}, {"type": "Feature", "geometry": {"type": "Point", "coordinates": [121.77889, 24.869598]}, "properties": {"id": 1878, "type": "fixed_speed", "city": "國道五號", "district": null, "address": "國道五號南向25.3公里(雪山隧道科技執法)", "direction": "往南", "speed_limit": 90}}, {"type": "Feature", "geometry": {"type": "Point", "coordinates": [121.779335, 24.869923]}, "properties": {"id": 1879, "type": "fixed_speed", "city": "國道五號", "district": null, "address": "國道五號北向25.3公里(雪山隧道科技執法)", "direction": "往北", "speed_limit": 90}}, {"type": "Feature", "geometry": {"type": "Point", "coordinates": [121.78095, 24.791565]}, "properties": {"id": 1880, "type": "fixed_speed", "city": "國道五號", "district": null, "address": "國道五號北向34.9公里", "direction": "往北", "speed_limit": 90}}, {"type": "Feature", "geometry": {"type": "Point", "coordinates": [121.788055, 24.860128]}, "properties": {"id": 1881, "type": "fixed_speed", "city": "國道五號", "district": null, "address": "國道五號南向26.7公里(雪山隧道科技執法)", "direction": "往南", "speed_limit": 90}}, {"type": "Feature", "geometry": {"type": "Point", "coordinates": [121.78834, 24.860365]}, "properties": {"id": 1882, "type": "fixed_speed", "city": "國道五號", "district": null, "address": "國道五號北向26.7公里(雪山隧道科技執法)", "direction": "往北", "speed_limit": 90}}, {"type": "Feature", "geometry": {"type": "Point", "coordinates": [121.80556, 24.63743]}, "properties": {"id": 1883, "type": "fixed_speed", "city": "國道五號", "district": null, "address": "國道五號南向52.7公里", "direction": "往南", "speed_limit": 90}}, {"type": "Feature", "geometry": {"type": "Point", "coordinates": [120.778725, 23.985535]}, "properties": {"id": 1884, "type": "fixed_speed", "city": "國道六號", "district": null, "address": "國道六號東向12.5公里", "direction": "往東", "speed_limit": 100}}, {"type": "Feature", "geometry": {"type": "Point", "coordinates": [120.80137, 23.996187]}, "properties": {"id": 1885, "type": "fixed_speed", "city": "國道六號", "district": null, "address": "國道六號西向15.6公里", "direction": "往西", "speed_limit": 100}}, {"type": "Feature", "geometry": {"type": "Point", "coordinates": [120.89099, 23.9811]}, "properties": {"id": 1886, "type": "fixed_speed", "city": "國道六號", "district": null, "address": "國道六號西向26公里", "direction": "往西", "speed_limit": 100}}, {"type": "Feature", "geometry": {"type": "Point", "coordinates": [120.98814, 23.982555]}, "properties": {"id": 1887, "type": "fixed_speed", "city": "國道六號", "district": null, "address": "國道六號東向36.5公里", "direction": "往東", "speed_limit": 100}}, {"type": "Feature", "geometry": {"type": "Point", "coordinates": [120.19544, 23.080551]}, "properties": {"id": 1888, "type": "fixed_speed", "city": "國道八號", "district": null, "address": "國道八號東西向0公里", "direction": "往東西向", "speed_limit": 80}}, {"type": "Feature", "geometry": {"type": "Point", "coordinates": [120.231125, 23.082523]}, "properties": {"id": 1889, "type": "fixed_speed", "city": "國道八號", "district": null, "address": "國道八號東向4.2公里", "direction": "往東", "speed_limit": 100}}, {"type": "Feature", "geometry": {"type": "Point", "coordinates": [120.3869, 22.760332]}, "properties": {"id": 1890, "type": "fixed_speed", "city": "國道十號", "district": null, "address": "國道十號東向14.7公里", "direction": "往東", "speed_limit": 100}}, {"type": "Feature", "geometry": {"type": "Point", "coordinates": [120.40675, 22.770908]}, "properties": {"id": 1891, "type": "fixed_speed", "city": "國道十號", "district": null, "address": "國道十號西向16.8公里", "direction": "往西", "speed_limit": 100}}, {"type": "Feature", "geometry": {"type": "Point", "coordinates": [120.43798, 22.795727]}, "properties": {"id": 1892, "type": "fixed_speed", "city": "國道十號", "district": null, "address": "國道十號東向21.4公里", "direction": "往東", "speed_limit": 100}}, {"type": "Feature", "geometry": {"type": "Point", "coordinates": [120.488106, 22.825377]}, "properties": {"id": 1893, "type": "fixed_speed", "city": "國道十號", "district": null, "address": "國道十號西向28.3公里", "direction": "往西", "speed_limit": 100}}, {"type": "Feature", "geometry": {"type": "Point", "coordinates": [121.57856, 25.005106]}, "properties": {"id": 1894, "type": "fixed_speed", "city": "國道3甲", "district": null, "address": "國道三甲西向3.4公里", "direction": "往西", "speed_limit": 80}}, {"type": "Feature", "geometry": {"type": "Point", "coordinates": [121.73204, 25.15298]}, "properties": {"id": 1895, "type": "fixed_speed", "city": "台2已線", "district": null, "address": "台2己線北向1.1公里", "direction": "往北", "speed_limit": 50}}, {"type": "Feature", "geometry": {"type": "Point", "coordinates": [121.724738, 25.106857]}, "properties": {"id": 1896, "type": "highway_speed", "city": null, "district": null, "address": "國道一號南向2公里", "direction": "北往南", "speed_limit": 100}}, {"type": "Feature", "geometry": {"type": "Point", "coordinates": [121.624945, 25.066725]}, "properties": {"id": 1897, "type": "highway_speed", "city": null, "district": null, "address": "國道一號南向13.7公里", "direction": "北往南", "speed_limit": 100}}, {"type": "Feature", "geometry": {"type": "Point", "coordinates": [121.536862, 25.07305]}, "properties": {"id": 1898, "type": "highway_speed", "city": null, "district": null, "address": "國道一號南向22.7公里", "direction": "北往南", "speed_limit": 100}}, {"type": "Feature", "geometry": {"type": "Point", "coordinates": [121.30055, 25.04396]}, "properties": {"id": 1899, "type": "highway_speed", "city": null, "district": null, "address": "國道一號南向26.8公里", "direction": "北往南", "speed_limit": 100}}, {"type": "Feature", "geometry": {"type": "Point", "coordinates": [121.466354, 25.075938]}, "properties": {"id": 1900, "type": "highway_speed", "city": null, "district": null, "address": "國道一號南向30公里", "direction": "北往南", "speed_limit": 100}}, {"type": "Feature", "geometry": {"type": "Point", "coordinates": [121.424368, 25.067222]}, "properties": {"id": 1901, "type": "highway_speed", "city": null, "district": null, "address": "國道一號南向34.4公里", "direction": "北往南", "speed_limit": 50}}, {"type": "Feature", "geometry": {"type": "Point", "coordinates": [121.24545, 25.03426]}, "properties": {"id": 1902, "type": "highway_speed", "city": null, "district": null, "address": "國道一號南向35.56公里", "direction": "北往南", "speed_limit": 100}}, {"type": "Feature", "geometry": {"type": "Point", "coordinates": [121.16468, 25.01288]}, "properties": {"id": 1903, "type": "highway_speed", "city": null, "district": null, "address": "國道一號南向51.195公里", "direction": "北往南", "speed_limit": 100}}, {"type": "Feature", "geometry": {"type": "Point", "coordinates": [121.216665, 24.970357]}, "properties": {"id": 1904, "type": "highway_speed", "city": null, "district": null, "address": "國道一號南向60.1公里", "direction": "北往南", "speed_limit": 100}}, {"type": "Feature", "geometry": {"type": "Point", "coordinates": [121.10031, 24.55043]}, "properties": {"id": 1905, "type": "highway_speed", "city": null, "district": null, "address": "國道一號南向68公里", "direction": "北往南", "speed_limit": 100}}, {"type": "Feature", "geometry": {"type": "Point", "coordinates": [121.082151, 24.884719]}, "properties": {"id": 1906, "type": "highway_speed", "city": null, "district": null, "address": "國道一號南向78.2公里", "direction": "北往南", "speed_limit": 100}}, {"type": "Feature", "geometry": {"type": "Point", "coordinates": [121.048805, 24.876605]}, "properties": {"id": 1907, "type": "highway_speed", "city": null, "district": null, "address": "國道一號南向81.8公里", "direction": "北往南", "speed_limit": 100}}, {"type": "Feature", "geometry": {"type": "Point", "coordinates": [121.010661, 24.859917]}, "properties": {"id": 1908, "type": "highway_speed", "city": null, "district": null, "address": "國道一號南向86.5公里", "direction": "北往南", "speed_limit": 100}}, {"type": "Feature", "geometry": {"type": "Point", "coordinates": [120.968521, 24.736074]}, "properties": {"id": 1909, "type": "highway_speed", "city": null, "district": null, "address": "國道一號南向102.5公里", "direction": "北往南", "speed_limit": 100}}, {"type": "Feature", "geometry": {"type": "Point", "coordinates": [120.9376, 24.725124]}, "properties": {"id": 1910, "type": "highway_speed", "city": null, "district": null, "address": "國道一號南向106公里", "direction": "北往南", "speed_limit": 100}}, {"type": "Feature", "geometry": {"type": "Point", "coordinates": [120.860444, 24.592031]}, "properties": {"id": 1911, "type": "highway_speed", "city": null, "district": null, "address": "國道一號南向124公里", "direction": "北往南", "speed_limit": 100}}, {"type": "Feature", "geometry": {"type": "Point", "coordinates": [120.852749, 24.570803]}, "properties": {"id": 1912, "type": "highway_speed", "city": null, "district": null, "address": "國道一號南向126.5公里", "direction": "北往南", "speed_limit": 100}}, {"type": "Feature", "geometry": {"type": "Point", "coordinates": [120.839355, 24.551512]}, "properties": {"id": 1913, "type": "highway_speed", "city": null, "district": null, "address": "國道一號南向129.15公里", "direction": "北往南", "speed_limit": 100}}, {"type": "Feature", "geometry": {"type": "Point", "coordinates": [120.746455, 24.37083]}, "properties": {"id": 1914, "type": "highway_speed", "city": null, "district": null, "address": "國道一號南向152.9公里", "direction": "北往南", "speed_limit": 100}}, {"type": "Feature", "geometry": {"type": "Point", "coordinates": [120.693088, 24.273297]}, "properties": {"id": 1915, "type": "highway_speed", "city": null, "district": null, "address": "國道一號南向165.3公里", "direction": "北往南", "speed_limit": 110}}, {"type": "Feature", "geometry": {"type": "Point", "coordinates": [120.685159, 24.228313]}, "properties": {"id": 1916, "type": "highway_speed", "city": null, "district": null, "address": "國道一號南向170.3公里", "direction": "北往南", "speed_limit": 110}}, {"type": "Feature", "geometry": {"type": "Point", "coordinates": [120.673167, 24.214232]}, "properties": {"id": 1917, "type": "highway_speed", "city": null, "district": null, "address": "國道一號南向172.4公里", "direction": "北往南", "speed_limit": 110}}, {"type": "Feature", "geometry": {"type": "Point", "coordinates": [120.597491, 24.113134]}, "properties": {"id": 1918, "type": "highway_speed", "city": null, "district": null, "address": "國道一號南向187.5公里", "direction": "北往南", "speed_limit": 110}}, {"type": "Feature", "geometry": {"type": "Point", "coordinates": [120.523776, 24.053078]}, "properties": {"id": 1919, "type": "highway_speed", "city": null, "district": null, "address": "國道一號南向200.1公里", "direction": "北往南", "speed_limit": 110}}, {"type": "Feature", "geometry": {"type": "Point", "coordinates": [120.484221, 23.844749]}, "properties": {"id": 1920, "type": "highway_speed", "city": null, "district": null, "address": "國道一號南向223.5公里", "direction": "北往南", "speed_limit": 110}}, {"type": "Feature", "geometry": {"type": "Point", "coordinates": [120.476085, 23.712355]}, "properties": {"id": 1921, "type": "highway_speed", "city": null, "district": null, "address": "國道一號南向238.6公里", "direction": "北往南", "speed_limit": 110}}, {"type": "Feature", "geometry": {"type": "Point", "coordinates": [120.443773, 23.641596]}, "properties": {"id": 1922, "type": "highway_speed", "city": null, "district": null, "address": "國道一號南向247.2公里", "direction": "北往南", "speed_limit": 110}}, {"type": "Feature", "geometry": {"type": "Point", "coordinates": [120.434351, 23.597475]}, "properties": {"id": 1923, "type": "highway_speed", "city": null, "district": null, "address": "國道一號南向252.2公里", "direction": "北往南", "speed_limit": 110}}, {"type": "Feature", "geometry": {"type": "Point", "coordinates": [120.405818, 23.527652]}, "properties": {"id": 1924, "type": "highway_speed", "city": null, "district": null, "address": "國道一號南向260.5公里", "direction": "北往南", "speed_limit": 110}}, {"type": "Feature", "geometry": {"type": "Point", "coordinates": [120.355248, 23.397736]}, "properties": {"id": 1925, "type": "highway_speed", "city": null, "district": null, "address": "國道一號南向276.2公里", "direction": "北往南", "speed_limit": 110}}, {"type": "Feature", "geometry": {"type": "Point", "coordinates": [120.350715, 23.373209]}, "properties": {"id": 1926, "type": "highway_speed", "city": null, "district": null, "address": "國道一號南向279公里", "direction": "北往南", "speed_limit": 110}}, {"type": "Feature", "geometry": {"type": "Point", "coordinates": [120.306842, 23.334304]}, "properties": {"id": 1927, "type": "highway_speed", "city": null, "district": null, "address": "國道一號南向285.3公里", "direction": "北往南", "speed_limit": 110}}, {"type": "Feature", "geometry": {"type": "Point", "coordinates": [120.267327, 23.27464]}, "properties": {"id": 1928, "type": "highway_speed", "city": null, "district": null, "address": "國道一號南向293.1公里", "direction": "北往南", "speed_limit": 110}}, {"type": "Feature", "geometry": {"type": "Point", "coordinates": [120.23653, 23.204189]}, "properties": {"id": 1929, "type": "highway_speed", "city": null, "district": null, "address": "國道一號南向301.6公里", "direction": "北往南", "speed_limit": 110}}, {"type": "Feature", "geometry": {"type": "Point", "coordinates": [120.231495, 23.16412]}, "properties": {"id": 1930, "type": "highway_speed", "city": null, "district": null, "address": "國道一號南向306.1公里", "direction": "北往南", "speed_limit": 110}}, {"type": "Feature", "geometry": {"type": "Point", "coordinates": [120.251739, 23.082615]}, "properties": {"id": 1931, "type": "highway_speed", "city": null, "district": null, "address": "國道一號南向315.5公里", "direction": "北往南", "speed_limit": 110}}, {"type": "Feature", "geometry": {"type": "Point", "coordinates": [120.249296, 23.026246]}, "properties": {"id": 1932, "type": "highway_speed", "city": null, "district": null, "address": "國道一號南向321.8公里", "direction": "北往南", "speed_limit": 110}}, {"type": "Feature", "geometry": {"type": "Point", "coordinates": [120.28468, 22.867977]}, "properties": {"id": 1933, "type": "highway_speed", "city": null, "district": null, "address": "國道一號南向340.2公里", "direction": "北往南", "speed_limit": 110}}, {"type": "Feature", "geometry": {"type": "Point", "coordinates": [120.33219, 22.7585]}, "properties": {"id": 1934, "type": "highway_speed", "city": null, "district": null, "address": "國道一號南向353.4公里", "direction": "北往南", "speed_limit": 110}}, {"type": "Feature", "geometry": {"type": "Point", "coordinates": [120.328733, 22.677533]}, "properties": {"id": 1935, "type": "highway_speed", "city": null, "district": null, "address": "國道一號南向362.5公里", "direction": "北往南", "speed_limit": 100}}, {"type": "Feature", "geometry": {"type": "Point", "coordinates": [120.328357, 22.585746]}, "properties": {"id": 1936, "type": "highway_speed", "city": null, "district": null, "address": "國道一號南向373.5公里", "direction": "北往南", "speed_limit": 60}}, {"type": "Feature", "geometry": {"type": "Point", "coordinates": [121.725338, 25.107764]}, "properties": {"id": 1937, "type": "highway_speed", "city": null, "district": null, "address": "國道一號北向1.9公里", "direction": "南往北", "speed_limit": 100}}, {"type": "Feature", "geometry": {"type": "Point", "coordinates": [121.680708, 25.085808]}, "properties": {"id": 1938, "type": "highway_speed", "city": null, "district": null, "address": "國道一號北向7.5公里", "direction": "南往北", "speed_limit": 100}}, {"type": "Feature", "geometry": {"type": "Point", "coordinates": [121.616437, 25.065916]}, "properties": {"id": 1939, "type": "highway_speed", "city": null, "district": null, "address": "國道一號北向14.5公里", "direction": "南往北", "speed_limit": 100}}, {"type": "Feature", "geometry": {"type": "Point", "coordinates": [121.423881, 25.066258]}, "properties": {"id": 1940, "type": "highway_speed", "city": null, "district": null, "address": "國道一號北向34.4公里", "direction": "南往北", "speed_limit": 50}}, {"type": "Feature", "geometry": {"type": "Point", "coordinates": [121.402562, 25.055336]}, "properties": {"id": 1941, "type": "highway_speed", "city": null, "district": null, "address": "國道一號北向37公里", "direction": "南往北", "speed_limit": 100}}, {"type": "Feature", "geometry": {"type": "Point", "coordinates": [121.194772, 24.945833]}, "properties": {"id": 1942, "type": "highway_speed", "city": null, "district": null, "address": "國道一號北向63.7公里", "direction": "南往北", "speed_limit": 100}}, {"type": "Feature", "geometry": {"type": "Point", "coordinates": [121.10067, 24.55137]}, "properties": {"id": 1943, "type": "highway_speed", "city": null, "district": null, "address": "國道一號北向66.6公里", "direction": "南往北", "speed_limit": 100}}, {"type": "Feature", "geometry": {"type": "Point", "coordinates": [121.055756, 24.875991]}, "properties": {"id": 1944, "type": "highway_speed", "city": null, "district": null, "address": "國道一號北向81.1公里", "direction": "南往北", "speed_limit": 100}}, {"type": "Feature", "geometry": {"type": "Point", "coordinates": [121.046089, 24.876559]}, "properties": {"id": 1945, "type": "highway_speed", "city": null, "district": null, "address": "國道一號北向82.1公里", "direction": "南往北", "speed_limit": 100}}, {"type": "Feature", "geometry": {"type": "Point", "coordinates": [120.947318, 24.726902]}, "properties": {"id": 1946, "type": "highway_speed", "city": null, "district": null, "address": "國道一號北向105.5公里", "direction": "南往北", "speed_limit": 100}}, {"type": "Feature", "geometry": {"type": "Point", "coordinates": [120.846212, 24.564767]}, "properties": {"id": 1947, "type": "highway_speed", "city": null, "district": null, "address": "國道一號北向127.5公里", "direction": "南往北", "speed_limit": 100}}, {"type": "Feature", "geometry": {"type": "Point", "coordinates": [120.808679, 24.511134]}, "properties": {"id": 1948, "type": "highway_speed", "city": null, "district": null, "address": "國道一號北向134.7公里", "direction": "南往北", "speed_limit": 100}}, {"type": "Feature", "geometry": {"type": "Point", "coordinates": [120.788041, 24.462055]}, "properties": {"id": 1949, "type": "highway_speed", "city": null, "district": null, "address": "國道一號北向141.7公里", "direction": "南往北", "speed_limit": 100}}, {"type": "Feature", "geometry": {"type": "Point", "coordinates": [120.720331, 24.337972]}, "properties": {"id": 1950, "type": "highway_speed", "city": null, "district": null, "address": "國道一號北向157.4公里", "direction": "南往北", "speed_limit": 110}}, {"type": "Feature", "geometry": {"type": "Point", "coordinates": [120.6691527, 24.211574]}, "properties": {"id": 1951, "type": "highway_speed", "city": null, "district": null, "address": "國道一號北向172.8公里", "direction": "南往北", "speed_limit": 110}}, {"type": "Feature", "geometry": {"type": "Point", "coordinates": [120.59194, 24.116181]}, "properties": {"id": 1952, "type": "highway_speed", "city": null, "district": null, "address": "國道一號北向188公里", "direction": "南往北", "speed_limit": 110}}, {"type": "Feature", "geometry": {"type": "Point", "coordinates": [120.484809, 23.831925]}, "properties": {"id": 1953, "type": "highway_speed", "city": null, "district": null, "address": "國道一號北向224.9公里", "direction": "南往北", "speed_limit": 110}}, {"type": "Feature", "geometry": {"type": "Point", "coordinates": [120.467784, 23.75788]}, "properties": {"id": 1954, "type": "highway_speed", "city": null, "district": null, "address": "國道一號北向233.4公里", "direction": "南往北", "speed_limit": 110}}, {"type": "Feature", "geometry": {"type": "Point", "coordinates": [120.444303, 23.643088]}, "properties": {"id": 1955, "type": "highway_speed", "city": null, "district": null, "address": "國道一號北向246.8公里", "direction": "南往北", "speed_limit": 110}}, {"type": "Feature", "geometry": {"type": "Point", "coordinates": [120.428493, 23.581107]}, "properties": {"id": 1956, "type": "highway_speed", "city": null, "district": null, "address": "國道一號北向254.1公里", "direction": "南往北", "speed_limit": 110}}, {"type": "Feature", "geometry": {"type": "Point", "coordinates": [120.404041, 23.516769]}, "properties": {"id": 1957, "type": "highway_speed", "city": null, "district": null, "address": "國道一號北向261.7公里", "direction": "南往北", "speed_limit": 110}}, {"type": "Feature", "geometry": {"type": "Point", "coordinates": [120.355291, 23.387621]}, "properties": {"id": 1958, "type": "highway_speed", "city": null, "district": null, "address": "國道一號北向277.3公里", "direction": "南往北", "speed_limit": 110}}, {"type": "Feature", "geometry": {"type": "Point", "coordinates": [120.271282, 23.278519]}, "properties": {"id": 1959, "type": "highway_speed", "city": null, "district": null, "address": "國道一號北向292.5公里", "direction": "南往北", "speed_limit": 110}}, {"type": "Feature", "geometry": {"type": "Point", "coordinates": [120.236717, 23.204871]}, "properties": {"id": 1960, "type": "highway_speed", "city": null, "district": null, "address": "國道一號北向301.5公里", "direction": "南往北", "speed_limit": 110}}, {"type": "Feature", "geometry": {"type": "Point", "coordinates": [120.234682, 23.137454]}, "properties": {"id": 1961, "type": "highway_speed", "city": null, "district": null, "address": "國道一號北向309.1公里", "direction": "南往北", "speed_limit": 110}}, {"type": "Feature", "geometry": {"type": "Point", "coordinates": [120.249371, 23.011912]}, "properties": {"id": 1962, "type": "highway_speed", "city": null, "district": null, "address": "國道一號北向323.4公里", "direction": "南往北", "speed_limit": 110}}, {"type": "Feature", "geometry": {"type": "Point", "coordinates": [120.260136, 22.918658]}, "properties": {"id": 1963, "type": "highway_speed", "city": null, "district": null, "address": "國道一號北向334公里", "direction": "南往北", "speed_limit": 110}}, {"type": "Feature", "geometry": {"type": "Point", "coordinates": [120.270433, 22.896294]}, "properties": {"id": 1964, "type": "highway_speed", "city": null, "district": null, "address": "國道一號北向336.7公里", "direction": "南往北", "speed_limit": 110}}, {"type": "Feature", "geometry": {"type": "Point", "coordinates": [120.332099, 22.759114]}, "properties": {"id": 1965, "type": "highway_speed", "city": null, "district": null, "address": "國道一號北向353.3公里", "direction": "南往北", "speed_limit": 110}}, {"type": "Feature", "geometry": {"type": "Point", "coordinates": [120.329146, 22.586142]}, "properties": {"id": 1966, "type": "highway_speed", "city": null, "district": null, "address": "國道一號北向373.4公里", "direction": "南往北", "speed_limit": 60}}, {"type": "Feature", "geometry": {"type": "Point", "coordinates": [121.601444, 25.064278]}, "properties": {"id": 1967, "type": "highway_speed", "city": null, "district": null, "address": "國道一號汐五南向16.1公里", "direction": "北往南", "speed_limit": 100}}, {"type": "Feature", "geometry": {"type": "Point", "coordinates": [121.471292, 25.075502]}, "properties": {"id": 1968, "type": "highway_speed", "city": null, "district": null, "address": "國道一號汐五南向29.5公里", "direction": "北往南", "speed_limit": 100}}, {"type": "Feature", "geometry": {"type": "Point", "coordinates": [121.601696, 25.063947]}, "properties": {"id": 1969, "type": "highway_speed", "city": null, "district": null, "address": "國道一號汐五北向16公里", "direction": "南往北", "speed_limit": 100}}, {"type": "Feature", "geometry": {"type": "Point", "coordinates": [121.332635, 25.060703]}, "properties": {"id": 1970, "type": "highway_speed", "city": null, "district": null, "address": "國道一號五楊南向44.6公里", "direction": "北往南", "speed_limit": 100}}, {"type": "Feature", "geometry": {"type": "Point", "coordinates": [121.383882, 25.065003]}, "properties": {"id": 1971, "type": "highway_speed", "city": null, "district": null, "address": "國道一號五楊北向38.8公里", "direction": "南往北", "speed_limit": 100}}, {"type": "Feature", "geometry": {"type": "Point", "coordinates": [121.193528, 24.941028]}, "properties": {"id": 1972, "type": "highway_speed", "city": null, "district": null, "address": "國道一號五楊北向64.3公里", "direction": "南往北", "speed_limit": 100}}, {"type": "Feature", "geometry": {"type": "Point", "coordinates": [121.217197, 25.049833]}, "properties": {"id": 1973, "type": "highway_speed", "city": null, "district": null, "address": "國道二號西向2公里", "direction": "東往西", "speed_limit": 100}}, {"type": "Feature", "geometry": {"type": "Point", "coordinates": [121.251802, 25.028276]}, "properties": {"id": 1974, "type": "highway_speed", "city": null, "district": null, "address": "國道二號西向6.4公里", "direction": "東往西", "speed_limit": 100}}, {"type": "Feature", "geometry": {"type": "Point", "coordinates": [121.218629, 25.046332]}, "properties": {"id": 1975, "type": "highway_speed", "city": null, "district": null, "address": "國道二號東向2.4公里", "direction": "西往東", "speed_limit": 100}}, {"type": "Feature", "geometry": {"type": "Point", "coordinates": [121.282975, 24.99567]}, "properties": {"id": 1976, "type": "highway_speed", "city": null, "district": null, "address": "國道二號東向11.8公里", "direction": "西往東", "speed_limit": 100}}, {"type": "Feature", "geometry": {"type": "Point", "coordinates": [121.324863, 24.959269]}, "properties": {"id": 1977, "type": "highway_speed", "city": null, "district": null, "address": "國道二號東向18.5公里", "direction": "西往東", "speed_limit": 100}}, {"type": "Feature", "geometry": {"type": "Point", "coordinates": [121.68526, 25.110235]}, "properties": {"id": 1978, "type": "highway_speed", "city": null, "district": null, "address": "國道三號南向4.7公里", "direction": "北往南", "speed_limit": 90}}, {"type": "Feature", "geometry": {"type": "Point", "coordinates": [121.592632, 24.992198]}, "properties": {"id": 1979, "type": "highway_speed", "city": null, "district": null, "address": "國道三號南向21.8公里", "direction": "北往南", "speed_limit": 90}}, {"type": "Feature", "geometry": {"type": "Point", "coordinates": [121.574297, 24.976428]}, "properties": {"id": 1980, "type": "highway_speed", "city": null, "district": null, "address": "國道三號南向24.6公里", "direction": "北往南", "speed_limit": 90}}, {"type": "Feature", "geometry": {"type": "Point", "coordinates": [121.456281, 24.975257]}, "properties": {"id": 1981, "type": "highway_speed", "city": null, "district": null, "address": "國道三號南向39.3公里", "direction": "北往南", "speed_limit": 100}}, {"type": "Feature", "geometry": {"type": "Point", "coordinates": [121.255459, 24.881098]}, "properties": {"id": 1982, "type": "highway_speed", "city": null, "district": null, "address": "國道三號南向64.2公里", "direction": "北往南", "speed_limit": 110}}, {"type": "Feature", "geometry": {"type": "Point", "coordinates": [121.149866, 24.807201]}, "properties": {"id": 1983, "type": "highway_speed", "city": null, "district": null, "address": "國道三號南向81.5公里", "direction": "北往南", "speed_limit": 110}}, {"type": "Feature", "geometry": {"type": "Point", "coordinates": [121.081475, 24.76711]}, "properties": {"id": 1984, "type": "highway_speed", "city": null, "district": null, "address": "國道三號南向90.2公里", "direction": "北往南", "speed_limit": 110}}, {"type": "Feature", "geometry": {"type": "Point", "coordinates": [120.925391, 24.746012]}, "properties": {"id": 1985, "type": "highway_speed", "city": null, "district": null, "address": "國道三號南向107.4公里", "direction": "北往南", "speed_limit": 110}}, {"type": "Feature", "geometry": {"type": "Point", "coordinates": [120.893754, 24.714918]}, "properties": {"id": 1986, "type": "highway_speed", "city": null, "district": null, "address": "國道三號南向112.2公里", "direction": "北往南", "speed_limit": 110}}, {"type": "Feature", "geometry": {"type": "Point", "coordinates": [120.853314, 24.691969]}, "properties": {"id": 1987, "type": "highway_speed", "city": null, "district": null, "address": "國道三號南向117.1公里", "direction": "北往南", "speed_limit": 110}}, {"type": "Feature", "geometry": {"type": "Point", "coordinates": [120.713148, 24.507293]}, "properties": {"id": 1988, "type": "highway_speed", "city": null, "district": null, "address": "國道三號南向142.9公里", "direction": "北往南", "speed_limit": 110}}, {"type": "Feature", "geometry": {"type": "Point", "coordinates": [120.67839, 24.453047]}, "properties": {"id": 1989, "type": "highway_speed", "city": null, "district": null, "address": "國道三號南向150.2公里", "direction": "北往南", "speed_limit": 110}}, {"type": "Feature", "geometry": {"type": "Point", "coordinates": [120.658717, 24.350278]}, "properties": {"id": 1990, "type": "highway_speed", "city": null, "district": null, "address": "國道三號南向162.1公里", "direction": "北往南", "speed_limit": 110}}, {"type": "Feature", "geometry": {"type": "Point", "coordinates": [120.628545, 24.330594]}, "properties": {"id": 1991, "type": "highway_speed", "city": null, "district": null, "address": "國道三號南向166公里", "direction": "北往南", "speed_limit": 110}}, {"type": "Feature", "geometry": {"type": "Point", "coordinates": [120.590926, 24.229563]}, "properties": {"id": 1992, "type": "highway_speed", "city": null, "district": null, "address": "國道三號南向178.6公里", "direction": "北往南", "speed_limit": 110}}, {"type": "Feature", "geometry": {"type": "Point", "coordinates": [120.561881, 24.190897]}, "properties": {"id": 1993, "type": "highway_speed", "city": null, "district": null, "address": "國道三號南向184.1公里", "direction": "北往南", "speed_limit": 110}}, {"type": "Feature", "geometry": {"type": "Point", "coordinates": [120.39066, 23.59276]}, "properties": {"id": 1994, "type": "highway_speed", "city": null, "district": null, "address": "國道三號南向218.9公里", "direction": "北往南", "speed_limit": 110}}, {"type": "Feature", "geometry": {"type": "Point", "coordinates": [120.628718, 23.774884]}, "properties": {"id": 1995, "type": "highway_speed", "city": null, "district": null, "address": "國道三號南向253.2公里", "direction": "北往南", "speed_limit": 110}}, {"type": "Feature", "geometry": {"type": "Point", "coordinates": [120.36124, 23.43075]}, "properties": {"id": 1996, "type": "highway_speed", "city": null, "district": null, "address": "國道三號南向262.01公里", "direction": "北往南", "speed_limit": 110}}, {"type": "Feature", "geometry": {"type": "Point", "coordinates": [120.505462, 23.570353]}, "properties": {"id": 1997, "type": "highway_speed", "city": null, "district": null, "address": "國道三號南向282.7公里", "direction": "北往南", "speed_limit": 110}}, {"type": "Feature", "geometry": {"type": "Point", "coordinates": [120.433591, 23.333214]}, "properties": {"id": 1998, "type": "highway_speed", "city": null, "district": null, "address": "國道三號南向313.7公里", "direction": "北往南", "speed_limit": 110}}, {"type": "Feature", "geometry": {"type": "Point", "coordinates": [120.327289, 23.110423]}, "properties": {"id": 1999, "type": "highway_speed", "city": null, "district": null, "address": "國道三號南向342.1公里", "direction": "北往南", "speed_limit": 110}}, {"type": "Feature", "geometry": {"type": "Point", "coordinates": [120.338467, 22.970579]}, "properties": {"id": 2000, "type": "highway_speed", "city": null, "district": null, "address": "國道三號南向358.6公里", "direction": "北往南", "speed_limit": 110}}, {"type": "Feature", "geometry": {"type": "Point", "coordinates": [120.369234, 22.862397]}, "properties": {"id": 2001, "type": "highway_speed", "city": null, "district": null, "address": "國道三號南向372.3公里", "direction": "北往南", "speed_limit": 110}}, {"type": "Feature", "geometry": {"type": "Point", "coordinates": [120.4196601, 22.8208444]}, "properties": {"id": 2002, "type": "highway_speed", "city": null, "district": null, "address": "國道三號南向378.85公里", "direction": "北往南", "speed_limit": 110}}, {"type": "Feature", "geometry": {"type": "Point", "coordinates": [120.441592, 22.769219]}, "properties": {"id": 2003, "type": "highway_speed", "city": null, "district": null, "address": "國道三號南向386公里", "direction": "北往南", "speed_limit": 110}}, {"type": "Feature", "geometry": {"type": "Point", "coordinates": [120.524813, 22.508149]}, "properties": {"id": 2004, "type": "highway_speed", "city": null, "district": null, "address": "國道三號南向423.1公里", "direction": "北往南", "speed_limit": 110}}, {"type": "Feature", "geometry": {"type": "Point", "coordinates": [121.647484, 25.078311]}, "properties": {"id": 2005, "type": "highway_speed", "city": null, "district": null, "address": "國道三號北向10.2公里", "direction": "南往北", "speed_limit": 90}}, {"type": "Feature", "geometry": {"type": "Point", "coordinates": [121.625791, 25.046878]}, "properties": {"id": 2006, "type": "highway_speed", "city": null, "district": null, "address": "國道三號北向14.5公里", "direction": "南往北", "speed_limit": 90}}, {"type": "Feature", "geometry": {"type": "Point", "coordinates": [121.610569, 25.029551]}, "properties": {"id": 2007, "type": "highway_speed", "city": null, "district": null, "address": "國道三號北向17.1公里", "direction": "南往北", "speed_limit": 90}}, {"type": "Feature", "geometry": {"type": "Point", "coordinates": [121.57083, 24.976095]}, "properties": {"id": 2008, "type": "highway_speed", "city": null, "district": null, "address": "國道三號北向25公里", "direction": "南往北", "speed_limit": 90}}, {"type": "Feature", "geometry": {"type": "Point", "coordinates": [121.539182, 24.958472]}, "properties": {"id": 2009, "type": "highway_speed", "city": null, "district": null, "address": "國道三號北向29.1公里", "direction": "南往北", "speed_limit": 90}}, {"type": "Feature", "geometry": {"type": "Point", "coordinates": [121.530685, 24.962166]}, "properties": {"id": 2010, "type": "highway_speed", "city": null, "district": null, "address": "國道三號北向30.1公里", "direction": "南往北", "speed_limit": 90}}, {"type": "Feature", "geometry": {"type": "Point", "coordinates": [121.465516, 24.977514]}, "properties": {"id": 2011, "type": "highway_speed", "city": null, "district": null, "address": "國道三號北向38.3公里", "direction": "南往北", "speed_limit": 100}}, {"type": "Feature", "geometry": {"type": "Point", "coordinates": [121.304277, 24.924304]}, "properties": {"id": 2012, "type": "highway_speed", "city": null, "district": null, "address": "國道三號北向57公里", "direction": "南往北", "speed_limit": 110}}, {"type": "Feature", "geometry": {"type": "Point", "coordinates": [121.210519, 24.857557]}, "properties": {"id": 2013, "type": "highway_speed", "city": null, "district": null, "address": "國道三號北向69.5公里", "direction": "南往北", "speed_limit": 110}}, {"type": "Feature", "geometry": {"type": "Point", "coordinates": [121.126079, 24.791381]}, "properties": {"id": 2014, "type": "highway_speed", "city": null, "district": null, "address": "國道三號北向84.6公里", "direction": "南往北", "speed_limit": 110}}, {"type": "Feature", "geometry": {"type": "Point", "coordinates": [120.857787, 24.69619]}, "properties": {"id": 2015, "type": "highway_speed", "city": null, "district": null, "address": "國道三號北向116.5公里", "direction": "南往北", "speed_limit": 110}}, {"type": "Feature", "geometry": {"type": "Point", "coordinates": [120.8311787, 24.6487779]}, "properties": {"id": 2016, "type": "highway_speed", "city": null, "district": null, "address": "國道三號北向122.5公里", "direction": "南往北", "speed_limit": 40}}, {"type": "Feature", "geometry": {"type": "Point", "coordinates": [120.779072, 24.591296]}, "properties": {"id": 2017, "type": "highway_speed", "city": null, "district": null, "address": "國道三號北向131.2公里", "direction": "南往北", "speed_limit": 110}}, {"type": "Feature", "geometry": {"type": "Point", "coordinates": [120.658836, 24.350206]}, "properties": {"id": 2018, "type": "highway_speed", "city": null, "district": null, "address": "國道三號北向162.1公里", "direction": "南往北", "speed_limit": 110}}, {"type": "Feature", "geometry": {"type": "Point", "coordinates": [120.602092, 24.293697]}, "properties": {"id": 2019, "type": "highway_speed", "city": null, "district": null, "address": "國道三號北向171公里", "direction": "南往北", "speed_limit": 110}}, {"type": "Feature", "geometry": {"type": "Point", "coordinates": [120.593715, 24.236176]}, "properties": {"id": 2020, "type": "highway_speed", "city": null, "district": null, "address": "國道三號北向177.8公里", "direction": "南往北", "speed_limit": 110}}, {"type": "Feature", "geometry": {"type": "Point", "coordinates": [120.548761, 24.178511]}, "properties": {"id": 2021, "type": "highway_speed", "city": null, "district": null, "address": "國道三號北向186.1公里", "direction": "南往北", "speed_limit": 110}}, {"type": "Feature", "geometry": {"type": "Point", "coordinates": [120.638644, 24.071048]}, "properties": {"id": 2022, "type": "highway_speed", "city": null, "district": null, "address": "國道三號北向206.6公里", "direction": "南往北", "speed_limit": 110}}, {"type": "Feature", "geometry": {"type": "Point", "coordinates": [120.650424, 23.999996]}, "properties": {"id": 2023, "type": "highway_speed", "city": null, "district": null, "address": "國道三號北向218公里", "direction": "南往北", "speed_limit": 110}}, {"type": "Feature", "geometry": {"type": "Point", "coordinates": [120.705085, 23.869972]}, "properties": {"id": 2024, "type": "highway_speed", "city": null, "district": null, "address": "國道三號北向235.2公里", "direction": "南往北", "speed_limit": 110}}, {"type": "Feature", "geometry": {"type": "Point", "coordinates": [120.687927, 23.777444]}, "properties": {"id": 2025, "type": "highway_speed", "city": null, "district": null, "address": "國道三號北向247.1公里", "direction": "南往北", "speed_limit": 110}}, {"type": "Feature", "geometry": {"type": "Point", "coordinates": [120.598801, 23.692923]}, "properties": {"id": 2026, "type": "highway_speed", "city": null, "district": null, "address": "國道三號北向265.1公里", "direction": "南往北", "speed_limit": 110}}, {"type": "Feature", "geometry": {"type": "Point", "coordinates": [120.30184, 23.33292]}, "properties": {"id": 2027, "type": "highway_speed", "city": null, "district": null, "address": "國道三號北向284.07公里", "direction": "南往北", "speed_limit": 110}}, {"type": "Feature", "geometry": {"type": "Point", "coordinates": [120.407292, 23.298801]}, "properties": {"id": 2028, "type": "highway_speed", "city": null, "district": null, "address": "國道三號北向318.7公里", "direction": "南往北", "speed_limit": 110}}, {"type": "Feature", "geometry": {"type": "Point", "coordinates": [120.355492, 23.201337]}, "properties": {"id": 2029, "type": "highway_speed", "city": null, "district": null, "address": "國道三號北向331公里", "direction": "南往北", "speed_limit": 110}}, {"type": "Feature", "geometry": {"type": "Point", "coordinates": [120.329218, 23.083381]}, "properties": {"id": 2030, "type": "highway_speed", "city": null, "district": null, "address": "國道三號北向344.7公里", "direction": "南往北", "speed_limit": 110}}, {"type": "Feature", "geometry": {"type": "Point", "coordinates": [120.382939, 22.84931]}, "properties": {"id": 2031, "type": "highway_speed", "city": null, "district": null, "address": "國道三號北向374.3公里", "direction": "南往北", "speed_limit": 110}}, {"type": "Feature", "geometry": {"type": "Point", "coordinates": [120.471478, 22.758016]}, "properties": {"id": 2032, "type": "highway_speed", "city": null, "district": null, "address": "國道三號北向389.3公里", "direction": "南往北", "speed_limit": 110}}, {"type": "Feature", "geometry": {"type": "Point", "coordinates": [120.524929, 22.507159]}, "properties": {"id": 2033, "type": "highway_speed", "city": null, "district": null, "address": "國道三號北向423.2公里", "direction": "南往北", "speed_limit": 110}}, {"type": "Feature", "geometry": {"type": "Point", "coordinates": [121.563365, 25.010769]}, "properties": {"id": 2034, "type": "highway_speed", "city": null, "district": null, "address": "國道三號甲線西向1.7公里", "direction": "東往西", "speed_limit": 80}}, {"type": "Feature", "geometry": {"type": "Point", "coordinates": [121.578561, 25.005106]}, "properties": {"id": 2035, "type": "highway_speed", "city": null, "district": null, "address": "國道三號甲線西向3.4公里", "direction": "東往西", "speed_limit": 80}}, {"type": "Feature", "geometry": {"type": "Point", "coordinates": [120.62779, 24.305093]}, "properties": {"id": 2036, "type": "highway_speed", "city": null, "district": null, "address": "國道四號西向4.4公里", "direction": "東往西", "speed_limit": 100}}, {"type": "Feature", "geometry": {"type": "Point", "coordinates": [120.732593, 24.230285]}, "properties": {"id": 2037, "type": "highway_speed", "city": null, "district": null, "address": "國道四號西向23.3公里", "direction": "東往西", "speed_limit": 100}}, {"type": "Feature", "geometry": {"type": "Point", "coordinates": [120.725269, 24.220844]}, "properties": {"id": 2038, "type": "highway_speed", "city": null, "district": null, "address": "國道四號東向24.778公里", "direction": "西往東", "speed_limit": 100}}, {"type": "Feature", "geometry": {"type": "Point", "coordinates": [121.701534, 24.949272]}, "properties": {"id": 2039, "type": "highway_speed", "city": null, "district": null, "address": "國道五號南向13.3公里", "direction": "北往南", "speed_limit": 80}}, {"type": "Feature", "geometry": {"type": "Point", "coordinates": [121.72434, 24.925926]}, "properties": {"id": 2040, "type": "highway_speed", "city": null, "district": null, "address": "國道五號南向16.9公里", "direction": "北往南", "speed_limit": 90}}, {"type": "Feature", "geometry": {"type": "Point", "coordinates": [121.732855, 24.916126]}, "properties": {"id": 2041, "type": "highway_speed", "city": null, "district": null, "address": "國道五號南向18.3公里", "direction": "北往南", "speed_limit": 90}}, {"type": "Feature", "geometry": {"type": "Point", "coordinates": [121.743366, 24.907924]}, "properties": {"id": 2042, "type": "highway_speed", "city": null, "district": null, "address": "國道五號南向19.7公里", "direction": "北往南", "speed_limit": 90}}, {"type": "Feature", "geometry": {"type": "Point", "coordinates": [121.753732, 24.899525]}, "properties": {"id": 2043, "type": "highway_speed", "city": null, "district": null, "address": "國道五號南向21.1公里", "direction": "北往南", "speed_limit": 90}}, {"type": "Feature", "geometry": {"type": "Point", "coordinates": [121.761764, 24.88923]}, "properties": {"id": 2044, "type": "highway_speed", "city": null, "district": null, "address": "國道五號南向22.5公里", "direction": "北往南", "speed_limit": 90}}, {"type": "Feature", "geometry": {"type": "Point", "coordinates": [121.769417, 24.87876]}, "properties": {"id": 2045, "type": "highway_speed", "city": null, "district": null, "address": "國道五號南向23.9公里", "direction": "北往南", "speed_limit": 90}}, {"type": "Feature", "geometry": {"type": "Point", "coordinates": [121.778895, 24.869598]}, "properties": {"id": 2046, "type": "highway_speed", "city": null, "district": null, "address": "國道五號南向25.3公里", "direction": "北往南", "speed_limit": 90}}, {"type": "Feature", "geometry": {"type": "Point", "coordinates": [121.788058, 24.860129]}, "properties": {"id": 2047, "type": "highway_speed", "city": null, "district": null, "address": "國道五號南向26.7公里", "direction": "北往南", "speed_limit": 90}}, {"type": "Feature", "geometry": {"type": "Point", "coordinates": [121.805564, 24.63744]}, "properties": {"id": 2048, "type": "highway_speed", "city": null, "district": null, "address": "國道五號南向52.7公里", "direction": "北往南", "speed_limit": 90}}, {"type": "Feature", "geometry": {"type": "Point", "coordinates": [121.652551, 24.994559]}, "properties": {"id": 2049, "type": "highway_speed", "city": null, "district": null, "address": "國道五號北向5.7公里", "direction": "南往北", "speed_limit": 80}}, {"type": "Feature", "geometry": {"type": "Point", "coordinates": [121.724806, 24.926279]}, "properties": {"id": 2050, "type": "highway_speed", "city": null, "district": null, "address": "國道五號北向16.9公里", "direction": "南往北", "speed_limit": 90}}, {"type": "Feature", "geometry": {"type": "Point", "coordinates": [121.733311, 24.916479]}, "properties": {"id": 2051, "type": "highway_speed", "city": null, "district": null, "address": "國道五號北向18.3公里", "direction": "南往北", "speed_limit": 90}}, {"type": "Feature", "geometry": {"type": "Point", "coordinates": [121.743818, 24.908276]}, "properties": {"id": 2052, "type": "highway_speed", "city": null, "district": null, "address": "國道五號北向19.7公里", "direction": "南往北", "speed_limit": 90}}, {"type": "Feature", "geometry": {"type": "Point", "coordinates": [121.754179, 24.89985]}, "properties": {"id": 2053, "type": "highway_speed", "city": null, "district": null, "address": "國道五號北向21.1公里", "direction": "南往北", "speed_limit": 90}}, {"type": "Feature", "geometry": {"type": "Point", "coordinates": [121.762216, 24.889566]}, "properties": {"id": 2054, "type": "highway_speed", "city": null, "district": null, "address": "國道五號北向22.5公里", "direction": "南往北", "speed_limit": 90}}, {"type": "Feature", "geometry": {"type": "Point", "coordinates": [121.769874, 24.879106]}, "properties": {"id": 2055, "type": "highway_speed", "city": null, "district": null, "address": "國道五號北向23.9公里", "direction": "南往北", "speed_limit": 90}}, {"type": "Feature", "geometry": {"type": "Point", "coordinates": [121.779332, 24.869922]}, "properties": {"id": 2056, "type": "highway_speed", "city": null, "district": null, "address": "國道五號北向25.3公里", "direction": "南往北", "speed_limit": 90}}, {"type": "Feature", "geometry": {"type": "Point", "coordinates": [121.788341, 24.860365]}, "properties": {"id": 2057, "type": "highway_speed", "city": null, "district": null, "address": "國道五號北向26.7公里", "direction": "南往北", "speed_limit": 90}}, {"type": "Feature", "geometry": {"type": "Point", "coordinates": [121.780956, 24.791564]}, "properties": {"id": 2058, "type": "highway_speed", "city": null, "district": null, "address": "國道五號北向34.9公里", "direction": "南往北", "speed_limit": 90}}, {"type": "Feature", "geometry": {"type": "Point", "coordinates": [120.801365, 23.996188]}, "properties": {"id": 2059, "type": "highway_speed", "city": null, "district": null, "address": "國道六號西向15.6公里", "direction": "東往西", "speed_limit": 100}}, {"type": "Feature", "geometry": {"type": "Point", "coordinates": [120.890991, 23.981101]}, "properties": {"id": 2060, "type": "highway_speed", "city": null, "district": null, "address": "國道六號西向26公里", "direction": "東往西", "speed_limit": 100}}, {"type": "Feature", "geometry": {"type": "Point", "coordinates": [120.778725, 23.985535]}, "properties": {"id": 2061, "type": "highway_speed", "city": null, "district": null, "address": "國道六號東向12.5公里", "direction": "西往東", "speed_limit": 100}}, {"type": "Feature", "geometry": {"type": "Point", "coordinates": [120.988139, 23.982555]}, "properties": {"id": 2062, "type": "highway_speed", "city": null, "district": null, "address": "國道六號東向36.5公里", "direction": "西往東", "speed_limit": 100}}, {"type": "Feature", "geometry": {"type": "Point", "coordinates": [120.195444, 23.080551]}, "properties": {"id": 2063, "type": "highway_speed", "city": null, "district": null, "address": "國道八號東向0公里", "direction": "西往東", "speed_limit": 80}}, {"type": "Feature", "geometry": {"type": "Point", "coordinates": [120.209621, 23.089607]}, "properties": {"id": 2064, "type": "highway_speed", "city": null, "district": null, "address": "國道八號東向4.2公里", "direction": "西往東", "speed_limit": 80}}, {"type": "Feature", "geometry": {"type": "Point", "coordinates": [120.195444, 23.080551]}, "properties": {"id": 2065, "type": "highway_speed", "city": null, "district": null, "address": "國道八號西向0公里", "direction": "東往西", "speed_limit": 80}}, {"type": "Feature", "geometry": {"type": "Point", "coordinates": [120.406753, 22.770908]}, "properties": {"id": 2066, "type": "highway_speed", "city": null, "district": null, "address": "國道十號西向16.8公里", "direction": "東往西", "speed_limit": 100}}, {"type": "Feature", "geometry": {"type": "Point", "coordinates": [120.488103, 22.825377]}, "properties": {"id": 2067, "type": "highway_speed", "city": null, "district": null, "address": "國道十號西向28.3公里", "direction": "東往西", "speed_limit": 100}}, {"type": "Feature", "geometry": {"type": "Point", "coordinates": [120.386905, 22.760332]}, "properties": {"id": 2068, "type": "highway_speed", "city": null, "district": null, "address": "國道十號東向14.7公里", "direction": "西往東", "speed_limit": 100}}, {"type": "Feature", "geometry": {"type": "Point", "coordinates": [120.437507, 22.795574]}, "properties": {"id": 2069, "type": "highway_speed", "city": null, "district": null, "address": "國道十號東向21.4公里", "direction": "西往東", "speed_limit": 100}}, {"type": "Feature", "geometry": {"type": "Point", "coordinates": [121.732038, 25.152981]}, "properties": {"id": 2070, "type": "highway_speed", "city": null, "district": null, "address": "臺2己線北向1.1公里", "direction": "南往北", "speed_limit": 50}}, {"type": "Feature", "geometry": {"type": "Point", "coordinates": [120.5538139, 24.1056707]}, "properties": {"id": 2071, "type": "highway_speed", "city": null, "district": null, "address": "國道三號彰化系統交流道南北向出口交會處（匝道5K+514）公里", "direction": "南北向", "speed_limit": 60}}]}